day,outlook,temperature,humidity,wind,play_golf
1,rainy,25,59,weak,yes
2,sunny,27,75,weak,yes
3,overcast,35,64,weak,no
4,rainy,19,34,weak,yes
5,rainy,29,57,weak,no
6,overcast,20,42,weak,yes
7,overcast,36,68,weak,no
8,rainy,33,71,strong,no
9,sunny,33,55,strong,no
10,rainy,19,78,strong,no
11,overcast,31,49,weak,yes
12,overcast,31,93,weak,no
13,rainy,16,68,weak,no
14,rainy,24,59,strong,no
15,sunny,26,33,weak,yes
16,overcast,17,46,weak,yes
17,overcast,16,58,weak,yes
18,rainy,29,46,strong,yes
19,overcast,19,63,strong,no
20,rainy,18,88,strong,no
21,overcast,15,73,strong,no
22,sunny,27,38,weak,yes
23,sunny,27,59,strong,no
24,rainy,33,88,strong,no
25,sunny,25,77,strong,no
26,sunny,16,65,weak,yes
27,sunny,36,68,weak,no
28,overcast,16,80,weak,yes
29,sunny,23,82,weak,yes
30,rainy,20,69,weak,no
31,sunny,36,61,weak,no
32,rainy,25,65,strong,no
33,sunny,27,56,strong,yes
34,overcast,19,57,weak,yes
35,overcast,23,37,weak,yes
36,sunny,34,48,weak,yes
37,sunny,35,43,weak,yes
38,sunny,36,83,strong,no
39,sunny,33,58,weak,yes
40,overcast,17,60,weak,no
41,rainy,32,60,weak,no
42,overcast,23,51,strong,yes
43,sunny,30,57,weak,yes
44,sunny,26,81,strong,no
45,sunny,30,54,strong,no
46,sunny,23,49,weak,yes
47,overcast,31,53,weak,yes
48,sunny,19,48,weak,yes
49,rainy,26,86,weak,no
50,rainy,31,69,weak,no
51,rainy,36,61,weak,no
52,sunny,37,36,weak,yes
53,overcast,36,45,weak,yes
54,sunny,34,53,weak,yes
55,rainy,18,55,weak,no
56,rainy,17,88,weak,yes
57,overcast,23,86,weak,no
58,overcast,31,41,weak,yes
59,sunny,22,71,weak,yes
60,overcast,17,83,strong,no
61,overcast,21,39,strong,no
62,rainy,24,87,weak,no
63,sunny,26,34,strong,no
64,rainy,18,72,weak,no
65,rainy,15,43,weak,yes
66,rainy,25,91,strong,no
67,sunny,35,84,weak,no
68,overcast,16,37,weak,yes
69,sunny,21,78,weak,yes
70,rainy,37,74,weak,no
71,rainy,18,84,weak,no
72,sunny,27,76,weak,no
73,sunny,30,62,weak,yes
74,overcast,24,92,strong,yes
75,rainy,37,52,weak,no
76,rainy,23,41,weak,yes
77,sunny,35,77,strong,no
78,sunny,32,71,weak,yes
79,rainy,19,80,weak,yes
80,rainy,23,54,weak,yes
81,overcast,29,40,weak,yes
82,sunny,22,32,weak,yes
83,overcast,17,48,strong,no
84,rainy,32,46,weak,yes
85,overcast,31,93,strong,no
86,sunny,23,35,strong,no
87,rainy,35,44,weak,yes
88,sunny,37,57,weak,yes
89,overcast,27,68,weak,yes
90,sunny,20,49,weak,no
91,overcast,16,56,weak,yes
92,overcast,22,82,strong,no
93,sunny,25,82,weak,yes
94,overcast,15,91,weak,yes
95,rainy,24,64,strong,no
96,rainy,17,37,weak,no
97,sunny,37,85,strong,no
98,rainy,30,46,strong,no
99,rainy,30,72,weak,no
100,rainy,23,81,strong,no
101,rainy,15,31,strong,no
102,sunny,34,89,weak,yes
103,sunny,35,82,weak,yes
104,sunny,25,42,weak,yes
105,overcast,30,71,weak,yes
106,overcast,28,30,weak,yes
107,overcast,33,78,weak,yes
108,overcast,25,87,strong,no
109,overcast,26,85,strong,yes
110,overcast,17,81,strong,no
111,sunny,26,50,weak,yes
112,overcast,15,91,weak,yes
113,rainy,35,72,strong,no
114,sunny,35,36,weak,yes
115,overcast,23,43,weak,yes
116,rainy,31,75,weak,no
117,rainy,22,42,weak,yes
118,sunny,27,87,weak,yes
119,sunny,17,41,weak,yes
120,sunny,31,71,strong,yes
121,rainy,36,81,weak,no
122,sunny,37,93,weak,no
123,rainy,17,31,weak,no
124,sunny,24,50,strong,no
125,overcast,34,38,weak,yes
126,sunny,20,38,weak,yes
127,sunny,34,93,weak,no
128,rainy,37,39,strong,no
129,sunny,22,60,weak,yes
130,sunny,31,77,weak,yes
131,overcast,34,90,weak,yes
132,sunny,27,71,strong,no
133,overcast,34,62,strong,no
134,sunny,29,76,strong,no
135,sunny,17,69,weak,yes
136,sunny,30,30,weak,yes
137,overcast,37,46,strong,no
138,sunny,20,55,weak,no
139,sunny,21,59,weak,yes
140,overcast,18,64,weak,yes
141,rainy,34,42,strong,no
142,overcast,33,46,weak,yes
143,sunny,32,86,weak,no
144,overcast,20,73,weak,yes
145,rainy,23,66,weak,yes
146,sunny,31,35,weak,yes
147,overcast,36,78,weak,no
148,overcast,15,46,weak,yes
149,sunny,23,88,weak,no
150,rainy,31,44,weak,no
151,rainy,28,38,strong,no
152,sunny,18,94,weak,no
153,overcast,33,69,weak,yes
154,rainy,34,61,weak,yes
155,sunny,30,63,weak,yes
156,overcast,18,85,strong,no
157,rainy,27,34,weak,yes
158,sunny,34,82,weak,no
159,rainy,26,66,strong,no
160,sunny,36,83,weak,yes
161,sunny,18,41,weak,yes
162,overcast,34,81,weak,no
163,rainy,34,30,strong,no
164,sunny,31,47,weak,yes
165,overcast,37,32,strong,yes
166,sunny,36,60,weak,yes
167,rainy,35,79,weak,no
168,overcast,16,68,strong,no
169,overcast,34,56,weak,yes
170,rainy,37,65,weak,no
171,sunny,29,45,weak,yes
172,rainy,29,93,strong,no
173,overcast,18,73,strong,no
174,sunny,32,72,strong,no
175,overcast,15,82,weak,no
176,sunny,22,54,strong,no
177,rainy,17,76,strong,no
178,sunny,26,52,strong,no
179,sunny,26,45,strong,yes
180,rainy,17,42,weak,yes
181,rainy,23,44,weak,no
182,overcast,35,53,strong,yes
183,rainy,19,64,weak,no
184,sunny,21,54,strong,no
185,rainy,32,45,strong,no
186,sunny,18,55,weak,no
187,rainy,17,49,weak,yes
188,rainy,27,91,strong,no
189,sunny,26,70,weak,yes
190,rainy,19,90,strong,no
191,sunny,33,41,weak,yes
192,overcast,22,53,strong,yes
193,overcast,24,60,weak,yes
194,sunny,18,38,weak,yes
195,rainy,36,83,strong,no
196,sunny,22,55,weak,yes
197,sunny,22,59,strong,no
198,overcast,15,72,strong,no
199,overcast,19,77,weak,yes
200,rainy,33,58,weak,no
201,overcast,20,55,strong,no
202,sunny,23,36,weak,yes
203,sunny,17,55,weak,yes
204,sunny,36,60,strong,yes
205,sunny,29,94,strong,no
206,rainy,36,68,strong,no
207,overcast,31,78,weak,yes
208,sunny,26,57,weak,yes
209,rainy,17,43,weak,no
210,sunny,16,63,weak,no
211,overcast,16,48,strong,no
212,overcast,33,92,strong,no
213,rainy,18,65,strong,no
214,sunny,36,58,weak,yes
215,rainy,23,85,weak,no
216,overcast,32,85,weak,yes
217,rainy,24,70,weak,yes
218,sunny,25,41,weak,yes
219,sunny,26,66,weak,yes
220,rainy,16,54,weak,yes
221,sunny,30,32,strong,no
222,rainy,25,75,weak,no
223,sunny,15,57,strong,no
224,rainy,23,42,strong,no
225,overcast,17,43,strong,yes
226,overcast,35,36,weak,yes
227,sunny,30,54,weak,yes
228,rainy,25,51,weak,yes
229,rainy,28,65,strong,no
230,rainy,33,88,weak,no
231,overcast,26,71,weak,yes
232,sunny,24,77,weak,no
233,sunny,32,47,strong,no
234,rainy,27,75,weak,no
235,sunny,20,73,strong,no
236,sunny,15,65,weak,yes
237,overcast,24,60,weak,yes
238,rainy,27,31,weak,no
239,rainy,19,79,strong,no
240,rainy,28,43,strong,no
241,rainy,35,93,weak,no
242,rainy,36,49,weak,yes
243,rainy,17,42,strong,no
244,overcast,16,39,strong,no
245,overcast,20,88,strong,no
246,sunny,18,75,weak,yes
247,overcast,24,48,weak,yes
248,sunny,21,60,weak,yes
249,overcast,28,85,strong,no
250,overcast,31,37,strong,yes
251,overcast,34,72,strong,yes
252,sunny,16,72,strong,no
253,sunny,33,35,strong,yes
254,sunny,31,87,weak,yes
255,rainy,27,31,strong,no
256,sunny,15,93,weak,no
257,rainy,27,43,strong,no
258,rainy,15,48,strong,no
259,overcast,32,77,weak,yes
260,sunny,33,64,weak,yes
261,rainy,16,85,strong,no
262,overcast,27,77,weak,yes
263,overcast,34,62,weak,yes
264,overcast,29,45,weak,yes
265,sunny,25,70,weak,yes
266,sunny,18,56,strong,no
267,rainy,34,40,weak,yes
268,rainy,25,90,weak,no
269,sunny,21,50,weak,yes
270,overcast,32,51,strong,yes
271,sunny,27,52,strong,yes
272,rainy,37,66,weak,yes
273,rainy,20,31,strong,no
274,rainy,28,51,strong,no
275,sunny,35,33,weak,yes
276,overcast,21,30,strong,no
277,sunny,17,43,weak,yes
278,overcast,16,45,weak,yes
279,sunny,33,45,weak,yes
280,sunny,33,64,weak,yes
281,overcast,22,63,weak,yes
282,rainy,31,65,weak,yes
283,sunny,32,43,strong,no
284,sunny,24,66,strong,no
285,sunny,34,85,weak,no
286,sunny,18,69,weak,yes
287,sunny,19,78,weak,no
288,sunny,15,68,weak,yes
289,rainy,30,40,weak,yes
290,sunny,25,44,strong,yes
291,sunny,30,48,strong,no
292,rainy,32,59,strong,no
293,sunny,32,57,weak,yes
294,rainy,30,39,strong,no
295,sunny,37,47,weak,yes
296,overcast,21,72,weak,no
297,sunny,33,88,strong,no
298,overcast,22,77,weak,yes
299,overcast,18,78,strong,no
300,overcast,18,77,weak,no
301,sunny,21,42,strong,no
302,rainy,23,70,weak,no
303,sunny,21,48,weak,no
304,rainy,32,87,strong,no
305,rainy,19,36,strong,no
306,sunny,16,83,weak,no
307,rainy,32,30,strong,yes
308,sunny,17,82,strong,yes
309,rainy,33,51,strong,no
310,rainy,31,32,weak,yes
311,sunny,25,67,weak,yes
312,overcast,33,40,strong,no
313,rainy,16,52,weak,yes
314,sunny,34,43,strong,no
315,overcast,16,35,weak,yes
316,sunny,28,93,weak,no
317,sunny,30,57,weak,yes
318,rainy,35,51,weak,yes
319,rainy,37,44,weak,yes
320,sunny,30,92,strong,no
321,rainy,22,80,weak,yes
322,overcast,18,71,weak,yes
323,rainy,16,49,weak,yes
324,sunny,37,34,weak,yes
325,rainy,37,81,weak,no
326,rainy,25,74,weak,yes
327,rainy,27,45,weak,no
328,sunny,26,94,strong,no
329,rainy,15,43,weak,no
330,sunny,23,32,strong,no
331,sunny,34,93,strong,no
332,sunny,28,77,strong,no
333,rainy,24,55,strong,no
334,overcast,18,94,weak,no
335,sunny,34,42,strong,no
336,sunny,30,62,weak,yes
337,rainy,27,77,weak,no
338,overcast,31,85,weak,yes
339,sunny,24,48,strong,no
340,overcast,19,65,weak,yes
341,sunny,22,91,weak,yes
342,rainy,22,76,weak,yes
343,sunny,31,40,weak,yes
344,rainy,18,34,strong,no
345,sunny,17,65,weak,yes
346,sunny,29,56,weak,yes
347,sunny,31,51,strong,yes
348,sunny,24,41,strong,no
349,rainy,33,82,weak,no
350,sunny,32,48,strong,yes
351,overcast,37,37,strong,no
352,rainy,15,54,strong,yes
353,rainy,23,61,weak,no
354,sunny,15,84,weak,yes
355,overcast,22,46,weak,no
356,sunny,32,32,strong,no
357,sunny,24,64,strong,no
358,overcast,35,47,weak,yes
359,sunny,32,53,weak,yes
360,rainy,29,39,weak,yes
361,rainy,31,55,strong,no
362,rainy,23,66,strong,no
363,sunny,21,87,weak,yes
364,sunny,17,68,weak,no
365,sunny,15,63,weak,no
366,rainy,34,90,strong,no
367,rainy,28,53,strong,no
368,sunny,17,79,weak,no
369,overcast,19,58,strong,yes
370,rainy,31,83,strong,no
371,overcast,27,66,strong,no
372,overcast,17,58,weak,yes
373,sunny,22,88,strong,no
374,rainy,18,62,strong,yes
375,sunny,23,86,strong,no
376,rainy,31,80,weak,no
377,sunny,15,48,strong,yes
378,overcast,31,94,weak,yes
379,sunny,37,36,weak,no
380,rainy,32,76,weak,yes
381,overcast,16,54,weak,yes
382,overcast,29,87,weak,yes
383,overcast,37,34,strong,yes
384,sunny,29,61,weak,yes
385,sunny,33,78,weak,yes
386,overcast,29,85,strong,no
387,overcast,35,44,strong,no
388,overcast,27,59,weak,yes
389,rainy,20,87,strong,no
390,sunny,22,39,weak,yes
391,sunny,18,48,strong,no
392,sunny,34,51,weak,yes
393,sunny,21,63,weak,yes
394,sunny,22,77,strong,no
395,sunny,29,66,weak,no
396,overcast,19,59,strong,no
397,sunny,22,85,weak,yes
398,sunny,20,41,weak,yes
399,overcast,36,60,strong,no
400,sunny,28,38,weak,yes
401,overcast,33,65,weak,yes
402,overcast,16,78,weak,yes
403,rainy,24,64,weak,no
404,overcast,20,66,weak,yes
405,rainy,33,87,weak,no
406,sunny,32,62,strong,no
407,sunny,34,61,weak,yes
408,rainy,22,74,weak,yes
409,rainy,23,30,weak,no
410,overcast,24,35,weak,yes
411,sunny,16,43,strong,no
412,sunny,21,54,strong,no
413,sunny,25,74,weak,yes
414,sunny,19,87,strong,no
415,rainy,36,69,strong,no
416,sunny,21,90,weak,no
417,rainy,27,54,weak,no
418,sunny,16,59,strong,no
419,sunny,21,81,strong,no
420,overcast,37,69,weak,yes
421,sunny,29,58,strong,no
422,rainy,31,52,weak,no
423,sunny,37,35,strong,yes
424,sunny,28,62,strong,yes
425,overcast,29,91,weak,yes
426,rainy,21,49,strong,yes
427,sunny,27,89,weak,no
428,overcast,26,93,weak,yes
429,overcast,35,65,strong,no
430,sunny,34,86,weak,no
431,sunny,23,86,strong,no
432,overcast,16,30,weak,yes
433,rainy,33,36,weak,no
434,rainy,23,90,strong,no
435,sunny,29,88,strong,yes
436,sunny,17,75,strong,no
437,rainy,18,91,weak,no
438,overcast,25,64,strong,no
439,rainy,16,60,strong,no
440,overcast,28,59,strong,no
441,overcast,24,45,weak,yes
442,sunny,17,62,weak,yes
443,sunny,17,89,strong,no
444,rainy,36,82,weak,yes
445,rainy,23,88,strong,no
446,overcast,25,84,weak,yes
447,sunny,34,34,weak,yes
448,sunny,33,82,strong,no
449,sunny,24,32,strong,yes
450,rainy,30,37,strong,no
451,sunny,22,73,weak,yes
452,rainy,16,71,strong,no
453,sunny,19,47,weak,yes
454,sunny,26,76,strong,yes
455,overcast,30,57,weak,yes
456,rainy,17,51,weak,no
457,sunny,27,71,weak,yes
458,rainy,22,38,weak,yes
459,sunny,33,53,strong,no
460,sunny,18,34,weak,yes
461,rainy,24,41,weak,yes
462,sunny,21,33,weak,yes
463,sunny,33,77,strong,no
464,sunny,26,42,weak,yes
465,rainy,17,72,weak,no
466,sunny,34,30,strong,no
467,overcast,36,51,weak,yes
468,sunny,17,62,weak,yes
469,rainy,27,79,weak,no
470,rainy,18,32,strong,no
471,overcast,21,76,strong,no
472,sunny,30,81,weak,yes
473,overcast,23,63,strong,no
474,rainy,24,30,weak,yes
475,overcast,18,55,strong,yes
476,overcast,34,61,weak,yes
477,sunny,19,58,weak,yes
478,overcast,26,67,strong,yes
479,overcast,16,77,strong,no
480,rainy,26,66,weak,no
481,sunny,32,48,strong,no
482,sunny,18,55,strong,no
483,sunny,37,77,weak,yes
484,overcast,32,72,strong,no
485,overcast,27,57,weak,yes
486,rainy,20,84,strong,no
487,overcast,26,89,strong,no
488,overcast,32,75,weak,yes
489,sunny,37,47,weak,yes
490,overcast,19,39,weak,yes
491,overcast,36,48,strong,yes
492,rainy,31,71,weak,no
493,overcast,22,39,strong,yes
494,sunny,35,54,weak,no
495,overcast,31,67,strong,no
496,overcast,18,84,strong,no
497,sunny,35,62,strong,no
498,sunny,25,68,strong,no
499,rainy,37,91,weak,no
500,overcast,32,42,weak,yes
501,sunny,33,54,weak,yes
502,rainy,20,31,weak,yes
503,sunny,34,73,weak,yes
504,rainy,27,92,weak,no
505,overcast,18,62,weak,yes
506,rainy,36,56,weak,no
507,rainy,27,83,strong,no
508,rainy,22,59,weak,no
509,rainy,19,53,weak,no
510,overcast,21,87,weak,no
511,rainy,20,56,weak,no
512,rainy,18,54,weak,no
513,rainy,29,86,strong,no
514,sunny,29,76,weak,yes
515,rainy,19,91,strong,no
516,rainy,36,54,weak,no
517,overcast,18,81,strong,no
518,sunny,37,91,weak,yes
519,sunny,29,61,weak,no
520,overcast,21,78,strong,no
521,rainy,19,49,strong,no
522,overcast,22,85,weak,yes
523,sunny,35,45,weak,yes
524,sunny,23,46,weak,yes
525,sunny,25,63,weak,yes
526,sunny,24,46,strong,yes
527,rainy,26,43,weak,yes
528,rainy,21,64,strong,no
529,sunny,24,66,weak,yes
530,sunny,33,53,weak,yes
531,rainy,20,54,weak,no
532,overcast,19,72,weak,yes
533,rainy,32,93,strong,no
534,rainy,35,48,strong,yes
535,rainy,23,83,strong,no
536,sunny,23,59,weak,yes
537,sunny,22,81,strong,no
538,sunny,23,58,weak,yes
539,sunny,27,45,weak,yes
540,overcast,37,32,weak,yes
541,overcast,29,82,weak,no
542,sunny,20,89,weak,yes
543,sunny,22,87,strong,no
544,rainy,35,31,strong,no
545,rainy,20,36,strong,no
546,overcast,17,56,strong,yes
547,sunny,25,73,weak,no
548,sunny,19,75,strong,no
549,rainy,32,66,strong,no
550,overcast,21,51,weak,yes
551,overcast,30,63,weak,yes
552,rainy,24,47,strong,no
553,overcast,30,53,weak,yes
554,rainy,36,55,strong,no
555,overcast,25,30,strong,yes
556,rainy,17,30,strong,no
557,rainy,28,54,weak,no
558,sunny,34,47,weak,yes
559,overcast,21,56,weak,yes
560,rainy,33,54,weak,yes
561,rainy,36,41,weak,no
562,sunny,35,64,strong,no
563,rainy,34,50,weak,yes
564,rainy,28,76,strong,no
565,sunny,32,59,strong,no
566,rainy,16,65,weak,no
567,overcast,37,88,weak,yes
568,sunny,32,56,weak,yes
569,overcast,36,49,weak,yes
570,rainy,35,69,weak,no
571,overcast,36,50,weak,yes
572,overcast,24,86,weak,no
573,rainy,16,50,weak,no
574,rainy,20,89,weak,no
575,sunny,16,94,strong,no
576,sunny,32,72,strong,no
577,rainy,28,72,weak,yes
578,rainy,30,72,weak,no
579,overcast,32,87,weak,yes
580,sunny,34,41,weak,yes
581,rainy,24,56,strong,no
582,overcast,21,41,weak,yes
583,overcast,23,79,weak,yes
584,sunny,34,63,strong,no
585,sunny,31,44,strong,yes
586,sunny,17,39,strong,yes
587,overcast,17,55,weak,yes
588,sunny,16,51,weak,yes
589,overcast,31,83,weak,yes
590,sunny,31,64,weak,yes
591,overcast,21,37,weak,yes
592,rainy,24,80,strong,no
593,overcast,25,57,weak,yes
594,rainy,32,53,weak,no
595,sunny,20,93,strong,no
596,rainy,17,73,strong,no
597,overcast,31,70,strong,no
598,overcast,15,88,weak,no
599,rainy,27,31,strong,no
600,rainy,29,64,strong,no
601,sunny,26,89,weak,no
602,rainy,26,46,strong,no
603,overcast,31,41,strong,no
604,overcast,18,36,weak,yes
605,rainy,20,66,weak,yes
606,rainy,18,38,weak,yes
607,rainy,24,32,weak,no
608,sunny,25,82,strong,no
609,rainy,18,71,weak,yes
610,overcast,21,55,weak,yes
611,sunny,23,69,weak,yes
612,overcast,32,70,strong,yes
613,rainy,29,42,strong,no
614,overcast,31,86,weak,no
615,overcast,26,93,weak,no
616,overcast,21,78,weak,yes
617,sunny,28,35,strong,no
618,sunny,19,91,strong,yes
619,rainy,23,88,strong,no
620,overcast,25,71,strong,yes
621,overcast,27,93,weak,yes
622,overcast,34,53,weak,yes
623,rainy,33,52,weak,no
624,rainy,36,88,weak,no
625,rainy,26,92,weak,no
626,overcast,37,82,weak,yes
627,sunny,18,92,strong,no
628,rainy,28,91,weak,no
629,sunny,37,38,strong,no
630,sunny,24,65,weak,yes
631,sunny,37,76,weak,no
632,overcast,18,51,strong,yes
633,overcast,24,59,weak,yes
634,rainy,19,67,weak,yes
635,rainy,36,60,weak,no
636,overcast,15,61,weak,yes
637,rainy,17,36,weak,yes
638,rainy,27,55,strong,no
639,sunny,23,75,strong,yes
640,rainy,36,59,strong,no
641,overcast,17,71,strong,no
642,rainy,31,73,weak,no
643,sunny,23,94,strong,yes
644,sunny,28,70,strong,yes
645,rainy,34,53,weak,yes
646,rainy,22,41,weak,yes
647,sunny,26,71,weak,yes
648,sunny,30,79,strong,yes
649,rainy,21,71,weak,no
650,rainy,26,63,weak,yes
651,rainy,26,73,weak,no
652,sunny,29,32,strong,no
653,overcast,35,64,weak,yes
654,overcast,37,75,weak,yes
655,overcast,37,77,strong,no
656,overcast,22,81,weak,yes
657,rainy,26,46,weak,yes
658,sunny,26,74,weak,yes
659,rainy,28,60,strong,no
660,overcast,33,53,strong,yes
661,overcast,16,76,weak,no
662,sunny,23,43,strong,no
663,sunny,27,82,weak,yes
664,sunny,34,71,strong,no
665,sunny,22,59,weak,yes
666,rainy,26,30,weak,no
667,overcast,23,34,strong,no
668,overcast,23,62,strong,yes
669,overcast,22,88,strong,yes
670,sunny,19,77,weak,yes
671,sunny,19,61,weak,yes
672,rainy,32,32,weak,no
673,rainy,18,34,strong,no
674,overcast,30,37,weak,no
675,sunny,24,60,weak,yes
676,overcast,19,67,strong,yes
677,rainy,32,65,strong,no
678,sunny,17,93,weak,yes
679,sunny,29,61,strong,yes
680,overcast,28,79,weak,yes
681,overcast,15,36,weak,yes
682,sunny,26,83,strong,yes
683,overcast,37,30,weak,yes
684,overcast,23,65,strong,yes
685,sunny,20,55,weak,yes
686,overcast,20,53,weak,yes
687,sunny,18,70,weak,no
688,rainy,20,53,strong,no
689,rainy,21,63,strong,no
690,overcast,26,81,weak,no
691,rainy,31,39,strong,no
692,sunny,24,90,strong,no
693,sunny,28,34,weak,yes
694,sunny,32,50,weak,yes
695,overcast,33,73,weak,yes
696,sunny,32,46,weak,yes
697,sunny,33,92,strong,no
698,sunny,20,76,weak,no
699,rainy,20,48,weak,yes
700,rainy,23,92,weak,yes
701,sunny,18,55,strong,yes
702,overcast,33,91,weak,no
703,sunny,31,64,strong,no
704,sunny,32,56,strong,no
705,rainy,22,31,weak,yes
706,sunny,15,39,strong,yes
707,overcast,20,59,strong,no
708,sunny,20,51,strong,no
709,overcast,24,33,strong,no
710,rainy,17,76,strong,no
711,overcast,34,70,strong,no
712,sunny,23,89,weak,yes
713,overcast,19,43,weak,yes
714,rainy,35,40,weak,yes
715,rainy,24,74,weak,no
716,rainy,30,39,weak,no
717,sunny,17,90,strong,no
718,sunny,16,45,weak,yes
719,overcast,26,76,weak,yes
720,sunny,15,41,weak,yes
721,sunny,16,50,weak,yes
722,overcast,23,38,weak,yes
723,sunny,18,42,weak,yes
724,sunny,15,94,weak,yes
725,rainy,23,51,strong,yes
726,overcast,34,40,weak,yes
727,rainy,26,56,strong,no
728,overcast,31,49,strong,yes
729,rainy,31,80,strong,no
730,rainy,34,77,weak,no
731,rainy,15,37,weak,no
732,rainy,36,51,strong,no
733,sunny,19,87,strong,no
734,sunny,31,59,weak,no
735,rainy,17,85,weak,no
736,sunny,28,53,weak,yes
737,rainy,33,42,weak,yes
738,sunny,16,78,strong,no
739,sunny,35,90,weak,no
740,sunny,25,49,weak,yes
741,sunny,24,32,strong,yes
742,overcast,15,65,strong,no
743,rainy,25,45,weak,yes
744,overcast,23,78,weak,no
745,rainy,34,89,weak,no
746,sunny,24,36,strong,no
747,rainy,16,80,strong,no
748,sunny,18,86,strong,no
749,sunny,15,61,strong,no
750,rainy,35,33,weak,no
751,sunny,20,43,weak,yes
752,rainy,29,90,weak,no
753,sunny,27,40,weak,yes
754,rainy,24,68,strong,no
755,overcast,20,34,strong,yes
756,rainy,30,69,weak,yes
757,rainy,23,33,weak,yes
758,rainy,31,49,strong,no
759,rainy,25,36,weak,no
760,overcast,32,76,strong,no
761,rainy,31,59,strong,no
762,sunny,21,56,strong,no
763,overcast,17,74,strong,yes
764,overcast,21,62,weak,yes
765,overcast,19,77,weak,no
766,overcast,17,76,weak,yes
767,sunny,25,39,weak,yes
768,rainy,36,69,weak,no
769,overcast,19,41,strong,yes
770,sunny,37,79,weak,yes
771,sunny,30,39,weak,yes
772,sunny,36,54,weak,no
773,rainy,21,61,weak,no
774,sunny,19,94,weak,no
775,overcast,37,86,strong,no
776,overcast,23,36,strong,no
777,rainy,22,81,weak,no
778,sunny,18,52,strong,yes
779,sunny,23,43,strong,no
780,sunny,31,84,strong,no
781,sunny,18,45,weak,yes
782,sunny,18,74,weak,yes
783,overcast,34,89,strong,no
784,sunny,27,76,strong,yes
785,sunny,24,55,weak,yes
786,sunny,28,83,weak,yes
787,sunny,15,62,weak,yes
788,rainy,20,58,weak,no
789,overcast,24,55,strong,yes
790,rainy,25,47,strong,no
791,overcast,31,62,weak,yes
792,sunny,18,74,weak,no
793,sunny,37,83,weak,yes
794,overcast,24,61,strong,no
795,rainy,15,76,weak,no
796,sunny,25,67,weak,yes
797,overcast,15,82,strong,no
798,sunny,36,90,strong,yes
799,overcast,24,52,weak,yes
800,rainy,30,86,weak,no
801,overcast,32,62,weak,yes
802,sunny,32,57,weak,yes
803,overcast,35,35,weak,yes
804,rainy,27,39,strong,no
805,overcast,31,64,strong,no
806,sunny,27,92,strong,no
807,rainy,28,32,weak,no
808,sunny,24,52,weak,yes
809,overcast,30,85,strong,no
810,rainy,28,93,weak,no
811,overcast,33,35,strong,yes
812,sunny,28,58,weak,yes
813,sunny,24,62,strong,no
814,sunny,31,93,strong,no
815,rainy,15,66,weak,no
816,rainy,28,62,strong,no
817,overcast,31,90,weak,yes
818,sunny,35,92,weak,no
819,sunny,34,94,weak,no
820,rainy,34,56,weak,yes
821,sunny,24,69,strong,yes
822,sunny,34,71,weak,yes
823,rainy,28,62,weak,no
824,rainy,29,48,weak,yes
825,rainy,37,82,weak,no
826,rainy,32,90,weak,yes
827,overcast,21,59,strong,no
828,rainy,28,73,weak,no
829,overcast,30,71,weak,yes
830,sunny,35,61,weak,no
831,sunny,35,66,weak,yes
832,sunny,23,56,weak,yes
833,sunny,19,52,strong,no
834,sunny,24,53,strong,yes
835,overcast,37,54,strong,yes
836,overcast,24,69,weak,yes
837,rainy,28,48,strong,no
838,sunny,33,56,weak,yes
839,sunny,18,87,weak,yes
840,overcast,29,92,weak,no
841,overcast,16,92,weak,yes
842,overcast,28,64,weak,no
843,rainy,31,48,strong,no
844,overcast,34,54,strong,no
845,rainy,24,90,strong,no
846,rainy,35,84,weak,no
847,overcast,32,39,strong,yes
848,overcast,34,51,weak,yes
849,rainy,23,72,strong,no
850,overcast,17,38,strong,yes
851,sunny,29,72,weak,no
852,sunny,21,86,weak,yes
853,sunny,36,88,strong,no
854,sunny,21,65,weak,yes
855,rainy,26,49,strong,no
856,overcast,30,32,weak,yes
857,sunny,24,35,weak,yes
858,rainy,33,51,weak,no
859,rainy,20,69,weak,no
860,sunny,16,43,weak,yes
861,rainy,23,91,weak,no
862,overcast,30,79,strong,no
863,rainy,19,53,weak,yes
864,overcast,33,35,strong,no
865,rainy,26,67,weak,yes
866,sunny,32,78,weak,yes
867,sunny,26,49,strong,no
868,rainy,23,46,weak,yes
869,rainy,35,43,weak,no
870,overcast,33,85,weak,yes
871,overcast,28,94,strong,no
872,overcast,20,94,strong,yes
873,sunny,34,39,strong,no
874,sunny,28,69,weak,yes
875,overcast,32,90,strong,no
876,sunny,36,71,weak,yes
877,overcast,24,91,weak,no
878,rainy,34,91,weak,no
879,sunny,25,86,strong,yes
880,sunny,17,69,weak,yes
881,overcast,32,64,strong,no
882,sunny,18,88,weak,no
883,overcast,37,53,weak,no
884,overcast,23,41,strong,yes
885,overcast,28,49,weak,yes
886,sunny,16,44,strong,no
887,sunny,33,47,weak,yes
888,rainy,34,30,weak,no
889,rainy,18,56,weak,no
890,overcast,33,40,weak,yes
891,sunny,15,53,strong,yes
892,sunny,35,69,weak,yes
893,overcast,33,42,strong,no
894,sunny,26,76,strong,no
895,sunny,20,37,weak,no
896,overcast,25,89,weak,yes
897,rainy,37,93,strong,no
898,overcast,32,46,strong,yes
899,sunny,28,52,strong,no
900,overcast,19,52,weak,yes
901,rainy,31,77,strong,no
902,sunny,34,74,weak,yes
903,overcast,27,40,weak,yes
904,overcast,37,54,weak,yes
905,overcast,15,46,weak,yes
906,sunny,16,64,strong,yes
907,sunny,17,63,strong,no
908,overcast,26,37,strong,no
909,sunny,33,78,weak,yes
910,sunny,19,73,strong,yes
911,overcast,23,88,weak,no
912,sunny,21,80,strong,no
913,rainy,16,45,weak,no
914,sunny,24,64,weak,yes
915,overcast,30,42,weak,yes
916,overcast,34,48,weak,yes
917,overcast,32,39,weak,yes
918,rainy,16,70,strong,no
919,sunny,31,93,strong,no
920,overcast,15,60,weak,yes
921,sunny,16,57,weak,yes
922,overcast,26,74,strong,no
923,rainy,37,72,strong,no
924,sunny,26,56,weak,yes
925,overcast,17,51,strong,no
926,sunny,17,71,weak,no
927,rainy,28,32,strong,yes
928,sunny,18,72,weak,yes
929,rainy,35,80,weak,no
930,overcast,27,63,weak,yes
931,rainy,15,92,weak,no
932,rainy,17,53,strong,no
933,overcast,34,68,weak,yes
934,sunny,33,86,strong,yes
935,overcast,36,50,weak,yes
936,overcast,32,45,weak,yes
937,overcast,23,46,strong,yes
938,overcast,33,57,weak,yes
939,overcast,36,90,strong,no
940,overcast,34,62,weak,yes
941,rainy,30,73,strong,no
942,overcast,17,63,weak,no
943,overcast,22,54,weak,no
944,sunny,28,74,weak,yes
945,overcast,25,84,strong,no
946,sunny,18,40,weak,yes
947,sunny,15,93,strong,no
948,overcast,25,77,weak,yes
949,sunny,36,91,strong,no
950,sunny,17,94,strong,yes
951,sunny,33,35,strong,no
952,sunny,29,80,weak,no
953,overcast,36,91,strong,no
954,sunny,17,34,strong,no
955,sunny,26,38,weak,yes
956,overcast,15,41,strong,yes
957,overcast,16,88,weak,no
958,rainy,31,40,strong,no
959,overcast,33,53,strong,no
960,sunny,17,83,strong,no
961,rainy,23,57,strong,no
962,overcast,31,31,weak,yes
963,sunny,23,36,strong,yes
964,sunny,15,46,strong,no
965,rainy,20,90,weak,no
966,overcast,30,55,weak,yes
967,overcast,16,85,strong,no
968,overcast,20,79,weak,yes
969,overcast,24,44,strong,no
970,sunny,35,71,weak,yes
971,overcast,18,30,strong,yes
972,sunny,26,68,weak,yes
973,overcast,22,37,strong,no
974,sunny,27,76,weak,no
975,rainy,24,67,weak,no
976,rainy,24,41,weak,yes
977,rainy,24,57,strong,no
978,rainy,32,40,weak,no
979,sunny,29,53,weak,no
980,sunny,37,90,strong,no
981,sunny,15,68,weak,yes
982,rainy,30,74,weak,no
983,rainy,31,92,strong,no
984,sunny,32,67,weak,no
985,overcast,18,39,weak,yes
986,rainy,31,80,weak,no
987,overcast,23,83,weak,yes
988,rainy,22,60,weak,no
989,sunny,28,82,weak,yes
990,overcast,21,30,weak,yes
991,sunny,36,31,weak,yes
992,rainy,33,78,weak,no
993,overcast,36,61,weak,no
994,sunny,18,47,strong,no
995,rainy,22,91,weak,no
996,rainy,26,49,strong,no
997,overcast,18,36,weak,yes
998,sunny,32,90,strong,yes
999,rainy,24,39,strong,no
1000,sunny,29,71,strong,no
1001,sunny,28,75,weak,yes
1002,rainy,19,49,strong,no
1003,overcast,27,89,strong,no
1004,sunny,15,79,strong,no
1005,rainy,28,83,strong,no
1006,rainy,21,47,weak,yes
1007,overcast,30,34,strong,yes
1008,rainy,32,55,weak,no
1009,overcast,37,38,strong,yes
1010,overcast,34,38,weak,yes
1011,overcast,19,77,weak,yes
1012,sunny,25,53,strong,yes
1013,sunny,17,73,weak,yes
1014,rainy,22,77,weak,no
1015,sunny,37,78,strong,no
1016,rainy,37,74,weak,no
1017,rainy,24,70,strong,no
1018,overcast,30,69,weak,yes
1019,sunny,23,56,weak,yes
1020,sunny,25,31,weak,yes
1021,overcast,16,75,weak,yes
1022,sunny,27,40,weak,yes
1023,rainy,18,67,weak,no
1024,sunny,17,78,strong,no
1025,sunny,35,33,strong,yes
1026,sunny,17,63,weak,yes
1027,sunny,20,73,weak,yes
1028,overcast,35,88,weak,yes
1029,rainy,33,68,weak,yes
1030,sunny,25,35,weak,yes
1031,overcast,25,90,strong,no
1032,sunny,34,76,strong,no
1033,sunny,36,37,weak,yes
1034,sunny,16,36,weak,yes
1035,overcast,29,55,weak,yes
1036,sunny,25,71,weak,yes
1037,overcast,20,74,strong,no
1038,overcast,28,90,strong,no
1039,sunny,24,67,strong,no
1040,sunny,25,73,weak,yes
1041,sunny,33,73,weak,yes
1042,rainy,34,43,strong,no
1043,overcast,17,61,strong,no
1044,overcast,25,64,strong,yes
1045,sunny,37,62,weak,yes
1046,rainy,20,77,weak,no
1047,sunny,30,74,weak,yes
1048,sunny,36,36,strong,no
1049,overcast,15,60,weak,yes
1050,overcast,29,58,weak,yes
1051,rainy,25,53,strong,no
1052,sunny,22,72,weak,yes
1053,rainy,28,78,weak,no
1054,rainy,34,51,weak,yes
1055,sunny,26,40,weak,yes
1056,rainy,34,72,weak,no
1057,overcast,24,31,strong,yes
1058,rainy,36,47,strong,no
1059,sunny,32,55,strong,yes
1060,sunny,19,37,weak,yes
1061,sunny,26,54,strong,no
1062,overcast,34,36,weak,yes
1063,overcast,34,40,strong,no
1064,overcast,26,54,weak,yes
1065,rainy,32,86,weak,no
1066,rainy,36,85,strong,no
1067,rainy,32,94,strong,no
1068,sunny,23,87,strong,no
1069,sunny,32,92,weak,yes
1070,sunny,29,59,weak,no
1071,rainy,27,54,strong,no
1072,rainy,22,43,weak,yes
1073,overcast,31,43,strong,no
1074,sunny,30,66,weak,yes
1075,sunny,17,41,weak,yes
1076,rainy,29,48,strong,no
1077,sunny,15,36,weak,yes
1078,rainy,24,62,strong,yes
1079,rainy,26,75,weak,no
1080,sunny,31,69,weak,no
1081,rainy,18,91,strong,no
1082,sunny,32,88,weak,yes
1083,rainy,31,62,weak,no
1084,sunny,35,55,strong,no
1085,overcast,31,75,weak,yes
1086,rainy,28,70,weak,yes
1087,sunny,33,32,weak,yes
1088,rainy,35,86,weak,no
1089,overcast,35,78,strong,no
1090,rainy,16,85,weak,no
1091,sunny,34,37,strong,yes
1092,overcast,33,82,strong,yes
1093,sunny,23,51,strong,no
1094,rainy,24,32,weak,no
1095,overcast,33,60,weak,yes
1096,rainy,23,83,weak,no
1097,rainy,28,94,strong,no
1098,rainy,16,68,weak,no
1099,rainy,27,70,strong,no
1100,overcast,33,74,weak,yes
1101,overcast,37,80,strong,yes
1102,overcast,30,60,strong,no
1103,rainy,33,91,weak,no
1104,rainy,18,46,strong,no
1105,overcast,34,47,weak,yes
1106,overcast,19,74,weak,yes
1107,rainy,36,31,strong,no
1108,rainy,23,91,weak,no
1109,sunny,32,69,strong,no
1110,sunny,32,79,strong,no
1111,overcast,24,36,weak,yes
1112,sunny,16,73,weak,yes
1113,rainy,31,81,weak,no
1114,overcast,29,78,strong,yes
1115,rainy,24,81,weak,no
1116,rainy,27,56,weak,yes
1117,overcast,18,52,weak,yes
1118,rainy,17,56,weak,yes
1119,sunny,27,37,strong,yes
1120,sunny,24,36,strong,yes
1121,rainy,27,32,weak,no
1122,overcast,25,84,weak,yes
1123,overcast,21,31,weak,yes
1124,overcast,32,41,strong,yes
1125,rainy,30,57,weak,yes
1126,rainy,27,81,strong,no
1127,sunny,31,46,weak,yes
1128,sunny,26,79,weak,yes
1129,overcast,32,75,weak,yes
1130,rainy,35,74,strong,no
1131,sunny,21,39,strong,yes
1132,overcast,16,69,weak,no
1133,rainy,33,71,weak,no
1134,rainy,34,68,weak,no
1135,rainy,26,48,weak,yes
1136,overcast,21,76,weak,yes
1137,overcast,23,64,weak,no
1138,overcast,24,40,weak,yes
1139,rainy,28,48,strong,yes
1140,overcast,25,63,strong,no
1141,sunny,35,55,strong,no
1142,overcast,32,39,strong,yes
1143,overcast,32,37,strong,yes
1144,sunny,37,65,weak,no
1145,rainy,26,67,weak,no
1146,overcast,32,73,weak,yes
1147,sunny,34,44,weak,yes
1148,sunny,29,76,weak,yes
1149,overcast,28,55,weak,yes
1150,sunny,28,81,strong,no
1151,sunny,34,63,weak,yes
1152,overcast,23,65,strong,yes
1153,rainy,27,40,weak,no
1154,sunny,23,67,strong,no
1155,overcast,29,87,weak,yes
1156,overcast,28,67,weak,yes
1157,rainy,25,82,strong,no
1158,sunny,25,36,weak,yes
1159,overcast,21,52,weak,yes
1160,sunny,29,77,weak,no
1161,sunny,20,75,weak,yes
1162,sunny,16,80,strong,no
1163,overcast,20,57,weak,yes
1164,overcast,17,33,weak,yes
1165,sunny,30,83,weak,no
1166,sunny,30,81,strong,no
1167,rainy,29,89,strong,no
1168,overcast,15,41,weak,yes
1169,sunny,35,70,strong,yes
1170,overcast,16,43,weak,yes
1171,overcast,27,72,weak,yes
1172,sunny,37,53,weak,yes
1173,sunny,29,40,weak,yes
1174,rainy,34,91,weak,no
1175,rainy,27,74,weak,no
1176,rainy,33,62,weak,yes
1177,sunny,31,41,strong,yes
1178,rainy,16,63,strong,no
1179,sunny,20,50,weak,yes
1180,sunny,35,63,weak,yes
1181,rainy,35,43,weak,no
1182,overcast,27,60,weak,yes
1183,rainy,26,45,weak,yes
1184,overcast,23,52,strong,no
1185,overcast,35,49,weak,yes
1186,sunny,24,91,strong,no
1187,overcast,16,52,weak,yes
1188,rainy,27,84,strong,no
1189,sunny,26,62,weak,yes
1190,sunny,20,68,strong,yes
1191,sunny,30,34,strong,no
1192,overcast,35,71,weak,yes
1193,overcast,24,61,weak,yes
1194,sunny,25,34,weak,yes
1195,sunny,28,85,weak,yes
1196,rainy,30,44,weak,no
1197,sunny,26,60,strong,no
1198,rainy,26,58,strong,no
1199,overcast,15,89,strong,no
1200,sunny,28,66,strong,no
1201,sunny,19,84,weak,yes
1202,overcast,29,59,weak,yes
1203,overcast,26,81,strong,yes
1204,overcast,35,85,weak,no
1205,sunny,20,87,strong,no
1206,overcast,34,56,weak,yes
1207,overcast,19,79,strong,no
1208,sunny,27,43,weak,yes
1209,sunny,19,33,weak,yes
1210,rainy,25,39,weak,no
1211,rainy,32,42,weak,no
1212,overcast,28,66,strong,yes
1213,sunny,34,44,weak,yes
1214,overcast,31,93,weak,yes
1215,rainy,36,32,strong,no
1216,rainy,19,86,strong,no
1217,sunny,18,41,strong,yes
1218,sunny,35,45,strong,no
1219,overcast,17,58,weak,no
1220,sunny,32,90,weak,yes
1221,sunny,27,76,weak,no
1222,sunny,25,74,weak,yes
1223,sunny,30,44,weak,yes
1224,sunny,30,56,weak,yes
1225,rainy,22,78,weak,yes
1226,rainy,34,72,strong,no
1227,sunny,18,42,weak,yes
1228,rainy,28,79,strong,no
1229,sunny,16,69,weak,yes
1230,overcast,15,66,strong,no
1231,overcast,28,54,weak,yes
1232,sunny,37,86,weak,no
1233,sunny,33,77,strong,no
1234,sunny,30,77,weak,no
1235,sunny,36,64,strong,no
1236,overcast,30,47,strong,no
1237,rainy,36,54,strong,no
1238,overcast,22,93,strong,no
1239,rainy,21,92,strong,no
1240,sunny,35,89,weak,no
1241,rainy,23,75,strong,no
1242,rainy,35,80,weak,no
1243,overcast,32,89,weak,yes
1244,overcast,25,90,weak,yes
1245,sunny,19,50,strong,yes
1246,rainy,24,51,strong,no
1247,sunny,31,35,strong,yes
1248,sunny,25,40,weak,yes
1249,rainy,34,86,strong,no
1250,overcast,31,83,strong,no
1251,overcast,32,73,strong,yes
1252,sunny,25,36,strong,yes
1253,overcast,26,48,weak,yes
1254,rainy,31,48,weak,no
1255,overcast,20,60,strong,yes
1256,rainy,31,47,weak,no
1257,overcast,20,40,strong,yes
1258,sunny,19,69,weak,yes
1259,rainy,32,78,weak,yes
1260,sunny,19,37,weak,yes
1261,rainy,34,60,strong,no
1262,overcast,27,60,weak,yes
1263,rainy,22,55,strong,yes
1264,overcast,34,70,strong,yes
1265,rainy,25,59,strong,no
1266,rainy,20,39,weak,no
1267,overcast,35,52,weak,yes
1268,sunny,21,47,strong,yes
1269,rainy,22,38,strong,no
1270,rainy,26,51,weak,no
1271,overcast,15,71,weak,yes
1272,sunny,24,88,weak,no
1273,rainy,20,51,weak,yes
1274,sunny,22,81,strong,no
1275,overcast,21,38,weak,yes
1276,overcast,22,82,strong,no
1277,rainy,36,81,strong,no
1278,sunny,17,49,strong,no
1279,rainy,26,30,weak,yes
1280,overcast,33,52,weak,yes
1281,rainy,24,43,strong,no
1282,sunny,18,91,strong,no
1283,sunny,32,51,weak,yes
1284,sunny,35,48,weak,no
1285,sunny,16,36,weak,yes
1286,sunny,17,61,strong,yes
1287,overcast,33,30,strong,yes
1288,sunny,32,76,strong,no
1289,rainy,20,91,weak,no
1290,sunny,16,54,weak,yes
1291,sunny,22,92,strong,no
1292,overcast,22,49,weak,yes
1293,sunny,15,76,strong,no
1294,sunny,22,88,strong,no
1295,overcast,33,75,weak,yes
1296,overcast,25,70,weak,no
1297,sunny,31,57,strong,yes
1298,rainy,21,63,weak,yes
1299,sunny,22,77,weak,yes
1300,sunny,26,82,strong,yes
1301,rainy,33,56,weak,no
1302,overcast,33,31,strong,no
1303,overcast,35,45,strong,yes
1304,sunny,16,30,weak,yes
1305,sunny,34,88,strong,no
1306,sunny,30,34,weak,yes
1307,rainy,28,87,strong,no
1308,sunny,21,60,weak,yes
1309,overcast,34,43,weak,yes
1310,rainy,32,49,weak,no
1311,overcast,37,41,weak,yes
1312,overcast,37,57,weak,no
1313,sunny,30,51,weak,no
1314,rainy,36,44,weak,no
1315,overcast,15,52,weak,yes
1316,rainy,33,42,weak,no
1317,sunny,25,37,weak,yes
1318,sunny,35,60,weak,yes
1319,sunny,23,37,strong,yes
1320,sunny,36,59,strong,no
1321,overcast,27,68,strong,no
1322,overcast,32,39,strong,yes
1323,rainy,22,66,weak,no
1324,rainy,29,81,weak,no
1325,rainy,20,43,weak,yes
1326,rainy,30,71,weak,no
1327,sunny,25,40,strong,no
1328,rainy,37,37,strong,yes
1329,overcast,18,70,strong,no
1330,sunny,32,71,strong,no
1331,rainy,23,36,strong,no
1332,overcast,19,79,strong,no
1333,overcast,24,31,weak,yes
1334,sunny,22,82,weak,no
1335,sunny,16,81,weak,yes
1336,rainy,23,54,strong,no
1337,rainy,28,74,strong,no
1338,rainy,32,49,weak,yes
1339,overcast,30,47,weak,yes
1340,rainy,35,49,weak,no
1341,overcast,19,77,strong,yes
1342,rainy,33,77,strong,no
1343,sunny,22,47,weak,yes
1344,sunny,22,72,weak,yes
1345,overcast,25,81,weak,yes
1346,overcast,36,54,weak,yes
1347,rainy,25,49,strong,yes
1348,rainy,31,64,weak,yes
1349,rainy,37,34,strong,no
1350,overcast,34,68,weak,yes
1351,overcast,36,50,strong,no
1352,sunny,29,82,weak,yes
1353,rainy,27,34,weak,yes
1354,rainy,15,63,weak,no
1355,rainy,19,40,weak,yes
1356,sunny,37,88,strong,no
1357,overcast,23,65,weak,no
1358,overcast,19,94,weak,yes
1359,rainy,15,78,strong,no
1360,sunny,35,67,weak,yes
1361,sunny,20,83,strong,no
1362,rainy,22,71,weak,no
1363,rainy,33,54,weak,yes
1364,rainy,35,35,strong,no
1365,rainy,36,85,weak,no
1366,rainy,37,59,strong,no
1367,rainy,26,74,weak,yes
1368,overcast,17,71,weak,yes
1369,rainy,37,58,weak,yes
1370,overcast,21,59,strong,yes
1371,sunny,27,61,strong,no
1372,sunny,30,88,strong,no
1373,overcast,19,94,strong,no
1374,rainy,27,92,weak,no
1375,sunny,20,90,strong,yes
1376,sunny,20,47,weak,yes
1377,sunny,36,66,strong,no
1378,rainy,26,78,strong,no
1379,overcast,33,67,strong,yes
1380,sunny,21,58,strong,no
1381,rainy,28,88,strong,no
1382,overcast,32,31,strong,no
1383,sunny,21,65,weak,yes
1384,overcast,32,66,strong,no
1385,rainy,17,53,weak,no
1386,overcast,35,79,strong,no
1387,sunny,37,76,weak,no
1388,sunny,28,80,strong,yes
1389,rainy,22,65,weak,no
1390,overcast,22,81,strong,yes
1391,overcast,29,72,strong,yes
1392,rainy,20,49,weak,yes
1393,sunny,34,89,strong,no
1394,overcast,20,90,weak,no
1395,sunny,32,69,weak,yes
1396,overcast,17,32,weak,yes
1397,sunny,22,40,weak,yes
1398,overcast,15,55,weak,yes
1399,overcast,36,61,weak,yes
1400,overcast,18,44,strong,no
1401,overcast,32,36,strong,yes
1402,overcast,21,69,weak,yes
1403,overcast,17,53,weak,yes
1404,sunny,26,39,strong,no
1405,sunny,20,89,strong,no
1406,sunny,32,74,strong,no
1407,sunny,27,92,weak,no
1408,sunny,35,38,weak,yes
1409,sunny,24,62,strong,no
1410,rainy,33,57,weak,yes
1411,overcast,26,58,weak,yes
1412,rainy,22,79,weak,yes
1413,rainy,35,57,weak,no
1414,rainy,21,36,weak,yes
1415,sunny,21,84,strong,yes
1416,rainy,35,74,weak,yes
1417,sunny,36,79,weak,yes
1418,rainy,30,37,strong,no
1419,overcast,26,91,strong,yes
1420,sunny,32,92,strong,no
1421,rainy,25,77,strong,no
1422,rainy,34,79,strong,no
1423,rainy,27,83,weak,yes
1424,sunny,33,83,weak,no
1425,overcast,22,94,strong,no
1426,sunny,22,58,weak,yes
1427,overcast,31,65,strong,no
1428,sunny,37,80,strong,no
1429,rainy,25,49,weak,no
1430,sunny,28,69,weak,no
1431,overcast,37,32,strong,no
1432,sunny,37,77,weak,yes
1433,overcast,19,68,weak,yes
1434,sunny,36,46,strong,yes
1435,sunny,31,91,strong,no
1436,overcast,28,55,strong,yes
1437,rainy,30,48,weak,no
1438,sunny,21,94,strong,no
1439,overcast,30,84,weak,yes
1440,overcast,23,74,strong,yes
1441,overcast,18,43,weak,yes
1442,overcast,31,55,strong,no
1443,rainy,17,39,weak,no
1444,sunny,23,84,weak,no
1445,overcast,24,39,strong,no
1446,sunny,25,30,weak,yes
1447,sunny,23,34,weak,yes
1448,overcast,18,41,weak,yes
1449,sunny,35,65,weak,yes
1450,rainy,18,58,strong,no
1451,overcast,19,38,strong,yes
1452,sunny,34,38,weak,yes
1453,overcast,22,84,strong,no
1454,rainy,19,50,weak,yes
1455,sunny,35,66,weak,yes
1456,rainy,20,72,weak,no
1457,rainy,25,62,weak,no
1458,overcast,29,85,weak,yes
1459,rainy,34,42,weak,yes
1460,rainy,17,30,strong,no
1461,rainy,27,54,strong,no
1462,sunny,18,84,weak,yes
1463,rainy,18,47,weak,no
1464,overcast,28,81,weak,yes
1465,overcast,18,59,weak,yes
1466,rainy,36,47,weak,yes
1467,overcast,32,78,weak,yes
1468,overcast,35,76,weak,no
1469,overcast,36,92,weak,yes
1470,rainy,25,59,weak,yes
1471,sunny,19,81,weak,yes
1472,rainy,33,66,strong,no
1473,rainy,34,44,weak,yes
1474,sunny,31,37,weak,yes
1475,rainy,16,54,weak,no
1476,overcast,27,77,weak,yes
1477,overcast,16,51,strong,no
1478,sunny,20,41,weak,yes
1479,overcast,15,52,weak,yes
1480,rainy,31,44,weak,no
1481,overcast,35,92,strong,no
1482,overcast,27,53,weak,yes
1483,sunny,29,50,strong,no
1484,overcast,20,56,strong,no
1485,overcast,29,66,weak,yes
1486,sunny,25,35,strong,no
1487,overcast,15,35,weak,yes
1488,overcast,32,87,weak,yes
1489,rainy,24,92,strong,no
1490,sunny,33,80,weak,no
1491,overcast,34,50,strong,no
1492,rainy,26,75,strong,no
1493,sunny,18,71,weak,yes
1494,sunny,33,48,strong,no
1495,rainy,19,60,strong,no
1496,rainy,27,58,weak,no
1497,sunny,34,92,weak,yes
1498,sunny,16,64,strong,no
1499,rainy,27,73,weak,yes
1500,sunny,32,41,strong,yes
