budget_million,runtime_min,genre,num_screens,marketing_spend_million,box_office_revenue_million
220.8,97,action,2384,58.3,554.99
15.7,77,comedy,2883,67.5,190.74
133.5,159,scifi,3132,81.8,439.05
298.6,91,comedy,800,4.9,548.97
157.0,137,scifi,3589,91.6,507.09
293.9,157,action,3383,50.2,686.98
236.7,112,comedy,898,91.1,562.29
227.7,155,scifi,1067,85.3,586.62
163.9,171,action,1044,97.6,454.99
205.1,174,comedy,2414,16.7,450.36
99.2,98,comedy,4439,57.0,363.73
94.1,106,action,3530,64.1,374.64
108.4,167,horror,1211,73.3,290.24
238.6,91,drama,2965,11.3,507.23
35.0,88,scifi,832,19.0,162.9
162.6,117,drama,3645,24.3,354.56
209.1,119,action,2259,93.0,523.45
288.7,92,comedy,2719,40.2,659.39
9.7,106,horror,1419,71.4,120.41
165.8,134,action,3441,12.8,438.66
218.8,96,action,2009,73.3,564.43
252.8,167,drama,802,28.7,504.02
26.5,107,comedy,2748,81.0,252.08
188.2,178,comedy,2111,58.0,450.76
252.3,168,action,676,76.8,559.93
9.8,136,comedy,3191,4.6,111.54
294.4,153,action,2226,67.2,726.7
71.3,125,drama,2369,97.3,299.97
178.4,155,action,3044,92.3,556.72
56.1,107,drama,3632,35.3,170.48
68.3,113,drama,1854,58.4,207.93
154.9,142,drama,4059,27.2,367.12
212.0,135,drama,1839,14.7,448.47
158.7,142,comedy,1912,97.0,459.88
217.3,108,scifi,2557,78.6,572.49
297.0,88,scifi,2011,28.0,664.13
12.0,125,horror,4197,8.0,117.05
54.9,120,drama,4279,43.6,256.79
174.2,84,horror,1198,26.1,355.98
36.3,171,scifi,1851,30.0,168.37
172.3,88,drama,1797,78.8,440.76
142.8,132,action,1454,99.2,447.64
177.5,139,scifi,755,59.4,460.98
160.9,124,comedy,3981,37.0,418.74
278.7,118,scifi,852,23.9,587.68
159.3,149,comedy,968,49.9,380.4
168.5,158,action,4069,57.7,514.68
160.3,133,action,1647,57.4,429.34
67.0,125,action,4296,53.7,301.38
120.2,106,action,1535,18.3,353.3
289.1,81,action,1527,51.4,633.49
59.7,140,comedy,2405,29.7,219.07
228.1,130,comedy,4367,57.6,594.91
278.6,127,comedy,1839,82.4,642.84
14.4,129,action,3635,66.7,194.13
263.2,81,action,4180,2.5,587.96
33.1,155,scifi,1359,4.2,135.28
204.1,146,drama,608,14.9,394.2
286.8,88,horror,3241,13.4,569.63
216.7,110,scifi,4336,63.3,596.76
215.5,85,comedy,506,46.4,492.87
180.5,139,action,2002,23.1,426.45
9.5,96,comedy,3183,30.5,151.26
101.0,92,horror,3005,26.9,267.31
292.8,77,scifi,2542,46.6,653.47
145.2,138,comedy,3270,19.6,381.29
104.3,173,action,2688,17.0,333.45
197.2,114,drama,3201,76.5,493.86
273.6,171,scifi,1949,76.3,675.32
98.1,81,drama,693,78.1,263.67
19.3,177,comedy,3217,43.6,146.06
142.5,153,comedy,3864,11.2,387.27
151.8,143,action,3914,84.8,477.94
19.0,176,comedy,1691,33.0,136.27
122.3,83,comedy,2099,85.6,365.15
14.7,118,action,3059,1.5,130.98
138.8,83,horror,1668,91.3,380.76
154.9,143,horror,4138,34.3,365.85
67.9,166,action,618,10.0,180.91
113.7,98,action,1416,7.0,247.77
234.2,133,comedy,3532,39.8,558.3
58.3,160,drama,2293,29.2,177.44
223.3,146,action,2528,7.1,500.68
282.7,135,comedy,4396,71.3,661.53
66.6,158,scifi,2870,17.2,229.17
68.7,138,drama,2631,69.7,284.67
54.6,102,scifi,976,34.5,230.29
254.5,152,drama,3025,55.5,587.74
179.3,140,drama,579,99.1,397.91
177.5,86,scifi,4121,35.7,491.14
187.4,76,scifi,3823,79.5,533.01
79.8,172,comedy,2569,52.7,257.11
225.4,81,action,1964,97.7,562.92
232.5,172,scifi,2795,39.1,545.19
198.7,127,comedy,575,55.5,429.18
65.9,96,drama,2603,70.5,232.64
32.1,144,comedy,3897,72.2,254.23
42.4,87,comedy,3535,68.9,270.62
9.7,128,comedy,3475,11.7,117.37
213.1,119,comedy,2542,71.5,516.61
122.7,82,scifi,1679,75.9,386.9
234.8,150,drama,730,5.1,438.23
90.7,77,action,701,46.0,263.34
98.1,78,comedy,1102,62.9,268.11
251.0,159,action,3956,3.0,593.64
268.0,134,scifi,1170,80.6,618.66
170.6,75,horror,3999,3.4,371.18
40.1,109,comedy,3072,97.4,230.2
244.8,104,comedy,2790,33.9,541.47
26.2,131,horror,1076,80.0,142.43
123.8,169,scifi,2171,76.1,406.68
199.1,123,drama,2430,97.2,549.45
17.5,118,comedy,2382,71.6,175.28
114.9,148,comedy,3130,27.6,316.67
200.4,123,action,3062,23.9,491.03
217.9,111,horror,2245,15.8,390.33
126.2,102,comedy,3528,54.9,357.94
201.1,88,drama,1714,78.7,495.74
33.2,101,drama,1053,82.5,161.95
118.7,75,comedy,1070,62.4,329.98
52.3,151,drama,1808,24.5,192.36
45.8,177,comedy,1792,44.0,189.63
136.8,110,scifi,665,77.1,367.43
8.6,92,scifi,3030,51.7,174.83
78.4,165,horror,4120,3.7,207.63
149.0,126,horror,1821,36.8,313.49
6.1,78,scifi,3119,43.8,196.47
181.1,139,comedy,3087,90.1,510.64
31.9,135,action,824,68.3,208.06
125.9,111,horror,1686,24.7,306.48
226.0,173,comedy,1745,28.4,487.46
39.6,152,action,2065,20.5,171.52
168.9,148,horror,2512,73.1,433.6
229.4,79,comedy,1391,93.9,572.77
5.0,142,comedy,2296,31.2,109.74
30.1,98,comedy,2483,6.9,133.33
195.9,113,scifi,2353,27.4,478.39
251.8,141,drama,2624,71.9,609.97
209.1,147,action,1108,93.2,531.7
45.9,142,comedy,3509,12.8,196.87
223.8,133,drama,4315,86.2,575.76
216.1,87,action,971,39.5,480.96
181.1,120,action,2071,26.1,447.77
190.3,177,drama,2285,63.7,497.21
105.8,89,horror,1520,28.7,244.04
241.0,79,horror,3903,75.0,558.44
163.0,123,comedy,1101,9.1,313.26
12.9,131,action,2538,56.3,174.34
95.3,151,comedy,1836,51.0,300.44
222.4,87,comedy,1299,4.7,413.58
19.0,156,scifi,1232,58.1,177.17
54.2,117,drama,2682,54.6,210.6
269.3,109,scifi,3233,15.8,608.23
141.6,137,drama,1615,31.3,318.92
98.2,152,horror,3731,36.3,298.13
141.8,120,comedy,927,77.9,377.72
174.4,142,action,3440,85.0,526.48
104.2,179,comedy,2296,33.3,288.44
205.0,145,action,3165,52.3,519.68
158.4,103,drama,523,82.1,394.58
288.2,168,drama,4364,35.6,616.97
57.4,129,scifi,3166,65.9,293.86
115.6,160,scifi,2356,43.1,375.73
174.6,98,drama,3809,8.0,375.76
204.2,95,comedy,3159,24.5,445.74
50.2,150,comedy,4291,31.8,219.89
125.3,94,action,1429,88.6,384.0
135.0,102,comedy,3265,86.6,426.71
58.5,147,action,1669,0.8,188.92
298.1,130,scifi,2723,51.2,695.58
243.8,145,comedy,1029,83.9,544.14
34.4,175,horror,3845,9.7,155.42
166.4,86,drama,3836,93.8,500.13
299.6,119,action,1473,13.8,610.1
185.6,95,drama,2660,25.2,398.75
59.7,167,scifi,1195,62.6,252.01
74.2,143,drama,2850,61.5,285.28
295.0,158,drama,879,0.5,560.86
174.8,175,drama,2373,84.4,440.53
9.1,134,action,2798,57.0,141.99
183.1,98,comedy,3151,27.0,454.71
183.8,102,action,3947,68.3,541.08
58.7,94,comedy,1816,60.3,235.02
70.3,142,action,3193,77.6,328.94
88.5,83,comedy,2760,46.9,279.29
103.7,117,action,640,31.1,288.69
2.0,137,horror,2306,44.7,113.22
121.7,145,comedy,2062,8.6,271.02
45.9,173,action,1280,35.5,249.18
276.3,169,action,3254,55.7,659.45
155.3,129,comedy,4202,2.8,373.66
238.1,152,action,3063,4.2,522.67
63.4,118,drama,4142,46.5,249.38
2.2,137,comedy,3089,34.9,148.92
290.2,151,drama,1472,60.5,638.53
56.6,110,action,1112,36.0,192.06
172.2,170,scifi,3342,61.1,501.6
203.3,149,scifi,3428,45.1,501.07
199.1,106,scifi,3959,88.3,585.25
299.7,154,comedy,3716,1.7,599.69
163.7,151,action,1462,30.7,368.26
152.2,106,scifi,2094,91.6,470.84
116.2,174,scifi,3612,29.1,342.13
58.0,97,action,2775,18.5,200.98
95.1,113,drama,862,2.4,192.23
296.9,146,horror,3726,53.7,690.26
168.7,160,scifi,994,74.7,444.59
30.2,112,action,1579,31.3,168.27
29.9,169,drama,1909,32.8,143.7
287.0,142,scifi,2954,86.7,699.0
109.5,110,horror,3857,90.8,379.53
2.8,114,action,3582,50.2,158.22
115.9,143,action,703,46.6,317.06
197.8,178,action,4058,39.9,548.25
12.1,99,horror,682,6.9,70.84
283.0,153,drama,587,51.5,575.17
264.0,178,action,3878,58.8,677.7
117.3,166,action,1473,90.7,403.7
185.6,79,drama,4078,2.4,437.97
198.0,84,action,2691,97.4,575.4
261.7,101,action,3173,51.3,634.71
56.0,103,drama,3177,98.8,303.26
18.0,128,scifi,3855,10.8,179.59
100.9,120,action,2658,22.1,291.98
269.9,102,comedy,1005,65.9,622.68
135.8,142,comedy,2298,87.6,389.72
266.1,135,horror,2087,69.4,597.67
267.9,87,drama,4469,48.1,662.31
111.9,114,drama,598,37.2,245.39
155.9,174,comedy,2691,56.1,399.95
187.3,150,action,3428,98.2,520.26
45.3,168,scifi,4418,21.6,251.86
191.2,144,action,2462,99.6,548.44
193.5,126,drama,3545,93.4,541.99
16.3,175,horror,3967,72.8,147.21
259.0,85,drama,1429,78.1,611.13
13.7,95,drama,1782,89.9,150.54
195.4,87,scifi,3144,65.1,528.74
182.5,166,comedy,3760,67.1,478.67
154.0,116,drama,2712,17.9,352.51
155.9,117,action,627,79.7,441.13
218.4,136,horror,1324,24.3,454.11
112.2,160,horror,4281,99.9,415.93
208.7,163,scifi,3829,98.1,626.72
286.2,113,comedy,2909,68.1,694.02
226.8,139,action,4426,83.2,604.43
231.2,176,action,1153,33.7,487.73
250.4,83,horror,3538,96.2,647.79
69.7,158,comedy,3992,29.6,245.23
171.7,90,scifi,1583,97.7,487.81
265.9,111,comedy,4455,33.8,599.36
179.8,132,comedy,3254,66.2,439.73
96.6,141,comedy,2103,85.1,346.45
270.8,96,comedy,1257,2.5,517.91
254.0,98,comedy,2983,94.1,659.25
49.5,82,drama,3620,89.7,263.97
278.5,178,drama,1774,9.3,545.4
6.0,122,scifi,644,3.3,70.38
167.3,155,drama,2550,66.2,441.61
166.9,149,horror,1025,67.5,375.99
294.9,152,action,622,79.2,662.94
264.4,150,comedy,2785,76.5,645.87
199.1,100,horror,3456,94.8,551.16
55.6,159,comedy,1376,98.6,241.58
130.4,142,scifi,2904,35.1,349.04
276.9,116,action,4421,59.3,655.61
263.5,172,drama,642,4.9,501.03
262.2,83,action,3815,43.3,652.89
71.7,147,drama,3534,78.2,265.08
241.3,144,drama,1330,57.8,535.45
167.6,126,scifi,4064,51.0,476.84
141.8,83,drama,934,96.8,409.27
79.6,140,action,3689,92.0,348.19
38.9,168,drama,806,62.4,147.15
19.5,109,scifi,2000,80.8,200.88
287.0,159,comedy,2621,3.4,588.26
259.0,104,drama,3683,12.8,566.99
213.0,98,comedy,2123,83.8,532.35
219.9,119,comedy,3276,32.6,486.56
297.3,129,horror,3052,44.1,664.13
11.9,161,comedy,2001,40.0,114.62
199.3,85,comedy,1727,36.2,434.95
112.4,122,action,3360,89.4,386.43
297.3,93,action,3480,44.4,678.9
136.6,104,scifi,1753,7.7,341.32
269.8,106,horror,667,16.0,502.3
60.5,133,comedy,3750,13.4,221.62
185.7,136,drama,4048,13.0,439.38
160.7,159,scifi,661,65.3,384.89
119.4,123,action,1961,24.4,311.68
73.9,82,drama,1275,66.4,238.88
27.5,120,horror,2610,19.6,157.98
128.4,113,comedy,1097,4.4,272.06
130.5,122,action,2683,46.1,355.81
268.1,157,comedy,1330,54.1,575.07
121.0,149,drama,2934,90.5,394.63
43.4,121,scifi,2304,52.0,268.47
137.8,108,drama,756,14.0,253.65
282.2,117,scifi,3246,90.2,709.31
276.0,106,action,3978,51.8,690.5
115.5,159,comedy,2911,26.0,279.42
151.6,118,action,1898,48.2,385.52
1.3,170,comedy,532,2.7,37.19
8.9,116,drama,4277,72.4,211.28
29.8,96,comedy,2715,80.8,183.78
272.6,104,action,2473,13.4,569.25
96.8,99,action,2220,5.9,260.42
293.5,133,action,1425,13.9,609.04
181.6,123,comedy,2925,53.3,473.68
111.5,86,horror,2055,31.9,248.56
146.4,97,comedy,1051,83.7,429.16
295.6,177,comedy,1451,72.8,664.21
260.8,78,drama,2540,36.4,565.68
7.2,154,drama,2197,29.0,97.24
56.2,121,drama,2820,90.5,269.88
76.9,93,drama,2558,37.2,265.37
141.6,109,action,3018,99.3,458.89
180.3,108,comedy,577,96.5,439.27
6.1,165,drama,3814,23.8,106.98
185.3,96,comedy,3260,64.2,483.91
52.2,115,comedy,3885,85.3,310.98
185.8,106,horror,1934,60.5,448.21
86.2,139,scifi,1666,48.5,300.12
257.6,89,comedy,887,51.3,561.26
85.5,168,scifi,2223,25.6,283.97
118.2,174,comedy,1092,37.2,290.14
232.3,129,comedy,1356,2.7,427.69
76.4,160,action,3259,69.0,352.53
149.4,92,drama,2726,45.7,369.53
34.7,155,scifi,3571,1.8,183.84
68.3,161,scifi,3134,11.5,252.95
18.8,91,horror,4392,60.3,172.94
170.7,172,horror,3360,77.1,422.5
193.7,122,action,1308,69.1,498.41
89.5,146,action,3353,1.8,272.8
190.1,81,scifi,4375,80.8,595.7
182.6,114,horror,3206,54.3,437.14
80.2,118,action,3864,75.6,359.09
45.2,116,drama,3885,35.1,221.06
108.1,168,drama,3389,16.7,304.15
100.4,89,drama,3384,14.4,263.17
220.2,105,action,3543,83.8,584.92
175.9,149,drama,3630,29.0,428.95
136.5,77,action,4205,68.4,403.46
52.5,105,comedy,2155,91.1,259.49
278.6,131,action,2247,94.6,700.49
114.7,154,comedy,2625,54.4,358.65
140.9,84,action,654,89.8,427.36
156.5,154,horror,2225,34.6,421.66
41.5,142,scifi,1902,94.3,262.33
15.0,135,drama,3081,63.1,181.36
247.5,78,action,686,78.8,620.48
116.7,112,drama,552,27.4,253.84
145.5,168,scifi,1254,78.0,404.23
160.2,88,drama,2705,93.0,440.43
131.2,121,horror,2821,55.3,395.31
267.2,135,horror,2332,63.5,586.45
119.8,152,comedy,2025,36.5,319.99
107.5,144,drama,2791,20.5,294.62
218.1,93,comedy,4402,23.7,506.55
240.0,137,horror,844,69.9,551.29
276.3,99,horror,2573,38.5,589.26
59.4,80,drama,3744,53.9,263.91
226.6,147,scifi,1446,52.8,538.3
146.5,167,horror,3896,16.8,348.54
101.0,116,action,4048,79.5,370.09
278.8,87,comedy,2907,59.6,639.08
267.3,102,action,3533,92.5,709.81
16.9,101,action,2855,97.2,243.82
156.4,113,comedy,4452,12.3,378.54
74.3,140,scifi,1114,21.7,236.54
137.3,132,action,2960,74.6,413.32
80.2,178,action,3915,21.0,287.74
199.0,128,scifi,4225,78.5,616.82
295.1,125,action,4148,57.3,696.72
137.7,155,drama,4136,33.3,369.29
6.8,153,drama,1837,57.6,111.72
177.3,94,comedy,2892,98.4,522.06
285.3,114,drama,3581,51.4,625.37
256.0,126,comedy,3570,34.8,574.06
269.6,139,comedy,3291,18.3,570.0
44.6,98,scifi,2109,0.6,146.54
3.3,166,action,3480,50.4,193.11
251.5,104,scifi,1124,42.0,555.76
293.5,130,scifi,1886,74.5,696.68
94.6,144,scifi,1979,80.1,345.68
177.7,76,action,4248,89.7,551.94
91.2,100,action,834,80.1,295.57
261.0,147,horror,3427,91.4,663.7
294.2,142,horror,2968,95.3,704.18
228.0,118,action,500,43.0,492.18
281.3,119,scifi,3571,58.5,660.3
28.8,166,horror,3134,18.4,103.26
29.1,158,scifi,535,16.7,118.8
117.8,141,drama,2518,8.0,264.79
228.5,156,drama,3314,96.9,603.68
59.7,134,drama,4308,57.3,268.87
51.3,123,action,2900,76.4,288.6
171.2,158,action,2396,46.9,489.81
13.9,153,drama,1411,68.6,147.62
173.0,152,horror,1153,62.4,433.97
209.8,143,drama,3920,36.3,521.85
103.1,82,action,3942,72.6,376.03
199.5,162,scifi,4250,36.0,562.46
157.2,90,action,4251,87.6,502.91
222.9,177,drama,1095,90.1,555.7
208.9,81,scifi,4037,44.8,543.63
108.8,110,drama,2481,35.9,292.81
293.9,111,action,2336,31.7,654.75
201.5,107,comedy,4261,92.6,589.42
50.1,85,comedy,2500,58.9,233.57
167.8,95,action,3695,32.5,439.44
70.2,118,horror,1123,48.3,195.76
20.7,145,comedy,2037,30.9,123.8
127.0,101,horror,3513,60.0,389.49
181.5,107,action,1657,48.2,479.08
28.9,143,action,2507,89.9,256.49
87.1,123,horror,802,54.9,211.08
126.2,80,action,2762,94.8,434.73
226.2,121,comedy,1269,7.7,473.15
1.9,124,comedy,805,80.4,160.12
76.9,137,comedy,1094,23.7,195.55
260.1,94,action,1836,85.6,602.82
55.3,84,horror,1683,2.9,122.3
8.3,90,drama,1655,77.7,110.38
101.9,162,comedy,3327,99.1,391.59
53.7,109,drama,2245,66.7,231.64
211.3,143,comedy,557,98.9,533.62
239.2,84,comedy,1446,54.6,532.06
277.5,156,action,1400,23.1,631.72
104.5,142,comedy,2851,85.9,390.94
191.5,153,action,3131,28.3,521.47
130.4,150,comedy,2776,32.9,380.42
134.2,159,drama,1952,41.3,329.13
46.3,162,action,595,35.9,183.67
50.8,78,scifi,3701,10.5,195.45
44.4,131,drama,1734,14.0,149.92
93.7,158,action,1820,4.1,228.11
235.2,175,comedy,3412,44.9,577.27
1.7,154,drama,1759,0.8,40.78
254.6,115,comedy,4042,53.0,572.15
77.9,134,scifi,3490,21.1,281.31
250.0,102,action,3389,62.1,645.73
19.3,118,action,783,87.9,178.82
248.0,145,action,1164,83.2,587.37
40.9,77,drama,4043,84.6,260.66
138.1,164,drama,1596,90.7,431.3
296.2,81,scifi,1488,59.0,650.49
59.3,99,drama,2320,99.6,241.64
206.8,89,horror,1845,70.7,475.32
190.9,98,drama,1457,2.9,361.78
9.0,150,horror,2648,18.1,101.4
131.8,95,action,737,27.4,317.07
88.8,151,scifi,843,27.1,234.14
108.9,103,action,1603,20.4,295.63
134.7,178,action,2470,29.5,335.94
202.7,159,horror,1111,88.1,486.79
273.4,139,action,3601,77.9,696.19
172.4,177,comedy,2146,45.2,418.39
106.4,176,action,3680,61.7,390.93
206.2,87,drama,3740,25.0,490.46
192.8,81,comedy,1962,4.7,420.01
142.3,109,comedy,1494,19.6,349.4
296.9,76,drama,2350,99.2,717.96
63.0,127,comedy,1117,13.0,138.18
279.2,179,horror,2290,97.3,636.59
14.8,104,action,1621,52.8,174.47
203.1,133,horror,709,13.4,405.85
48.8,147,drama,3933,49.0,237.52
244.2,179,drama,4350,24.4,511.6
265.7,83,comedy,1469,41.7,575.46
297.7,114,action,3060,80.9,738.1
224.6,103,action,4326,44.1,580.71
38.2,111,comedy,4119,29.5,189.38
209.2,139,drama,1735,47.9,481.92
17.8,106,action,2225,60.9,167.7
77.9,145,action,3465,70.0,357.3
132.9,142,drama,1794,33.9,317.93
73.8,88,horror,3486,47.4,240.31
137.2,154,horror,2831,29.9,360.38
46.2,165,comedy,668,90.2,238.78
153.0,148,comedy,4159,53.7,410.68
91.4,139,scifi,3741,50.9,333.5
237.7,164,horror,4298,26.7,534.75
258.1,103,drama,1194,83.1,553.49
192.3,117,action,3396,34.6,494.3
14.9,103,drama,2652,29.4,136.35
242.6,166,drama,3677,71.3,593.92
41.8,154,comedy,3250,94.4,263.67
142.9,138,scifi,1815,29.8,390.64
164.8,177,comedy,591,39.0,364.95
72.5,118,comedy,3882,40.8,265.62
43.2,75,scifi,761,14.4,113.84
138.0,178,drama,2921,46.3,365.84
285.8,160,drama,4428,7.2,598.02
134.5,127,action,4131,4.4,333.49
299.4,160,horror,1280,40.2,597.85
214.8,155,horror,4462,98.4,591.92
254.2,81,scifi,4081,85.1,711.69
127.2,130,comedy,3362,17.4,329.62
136.6,136,horror,527,98.1,370.96
279.5,144,scifi,3447,40.9,676.59
224.4,176,comedy,3450,91.3,597.18
18.0,128,comedy,4257,79.2,190.73
146.0,105,drama,2661,87.2,451.29
222.8,168,drama,3650,66.9,575.58
23.2,86,comedy,1410,46.5,132.7
13.1,132,comedy,4397,78.6,211.96
90.5,148,action,854,8.0,216.04
108.2,105,action,4035,87.2,421.05
258.3,133,comedy,2080,22.2,572.94
265.3,102,comedy,3066,99.3,694.42
274.5,158,action,2341,56.3,682.61
160.9,155,horror,2152,91.2,440.59
215.0,155,action,4352,73.3,616.72
248.4,156,action,3671,37.8,584.54
283.1,134,drama,2117,40.8,615.41
80.2,92,drama,2616,18.3,201.9
217.4,85,action,3732,49.3,562.96
22.0,154,drama,1076,18.1,80.83
82.3,118,comedy,1160,87.0,277.04
272.0,153,drama,3744,69.9,681.72
230.6,128,horror,2024,71.7,526.5
95.9,139,horror,1484,34.3,225.89
142.4,98,drama,1658,29.0,347.34
288.7,169,drama,1624,92.6,607.88
177.8,151,scifi,3780,84.9,558.07
221.3,87,action,2899,79.4,588.99
260.8,119,action,4464,55.4,678.76
27.7,96,action,1683,42.6,159.27
143.9,149,horror,1632,69.4,369.93
267.8,124,action,1003,18.5,558.33
48.3,153,comedy,579,25.7,142.71
223.1,161,action,1053,12.8,435.42
176.5,143,comedy,1993,48.1,438.06
172.5,84,action,3799,0.7,404.23
211.6,177,action,504,17.9,448.12
18.9,119,scifi,1072,87.4,218.11
158.2,128,scifi,2564,81.8,458.65
180.2,109,comedy,1770,68.8,470.03
34.6,158,drama,1102,72.7,203.96
236.9,177,comedy,1620,69.3,558.43
144.9,79,action,3985,85.0,486.41
10.2,141,horror,3198,30.6,133.54
39.5,108,action,4160,26.5,224.19
171.1,76,horror,1358,8.8,360.5
50.9,109,comedy,2607,23.0,157.73
94.1,161,comedy,2452,48.8,302.13
298.2,89,drama,1795,9.1,609.66
88.6,106,comedy,2713,47.0,238.57
3.2,124,comedy,1633,55.0,137.99
4.7,92,scifi,1022,4.5,80.63
212.5,153,comedy,4134,38.7,504.15
128.2,168,action,2209,13.3,334.57
164.7,75,drama,4247,67.2,478.88
169.7,82,action,2246,34.3,416.11
113.2,103,action,4050,86.5,414.19
80.3,157,comedy,1186,48.4,273.6
3.3,115,horror,1417,26.9,32.95
202.6,170,scifi,1313,20.5,460.18
81.8,86,scifi,1802,64.6,305.78
290.2,83,horror,3068,64.8,677.91
49.5,116,drama,3714,4.2,195.07
2.8,131,drama,3328,56.9,144.64
31.9,103,scifi,3206,32.8,220.64
82.0,89,comedy,4079,66.7,296.5
26.5,150,horror,4473,73.8,175.55
184.9,82,scifi,1150,31.6,473.23
52.6,176,drama,4251,91.4,281.77
9.3,96,scifi,3538,25.3,137.89
104.8,140,drama,2367,26.9,261.93
176.1,178,action,2414,86.0,502.23
198.4,175,comedy,3251,67.4,513.19
277.1,121,action,1229,12.6,548.32
15.9,159,action,3271,34.6,161.5
223.9,106,comedy,1222,51.4,490.6
37.8,91,comedy,4113,26.7,174.44
12.9,124,drama,1610,53.2,128.19
48.2,94,drama,2176,40.9,195.97
136.7,138,scifi,3920,19.7,412.93
248.5,118,comedy,3703,25.6,573.42
165.7,82,horror,927,17.9,326.63
49.7,173,scifi,4083,87.4,294.82
79.8,79,horror,2361,26.3,200.3
141.4,136,drama,2670,12.2,319.23
160.3,102,comedy,792,71.4,413.35
80.8,133,horror,4156,15.4,240.83
244.5,151,comedy,3878,31.1,567.25
37.2,157,horror,3298,67.3,188.02
76.4,174,drama,3785,28.6,257.07
25.0,147,comedy,1158,61.4,173.05
242.3,75,comedy,2548,44.4,557.92
240.4,80,action,2990,2.2,529.17
220.7,97,scifi,3580,63.7,581.52
128.9,75,comedy,4065,34.3,398.41
19.2,140,comedy,1379,53.2,150.35
153.2,89,horror,3206,6.1,348.98
164.4,140,drama,3777,21.0,365.55
121.9,88,horror,1877,49.2,326.48
252.4,128,action,1425,92.7,649.51
11.2,156,action,1903,59.6,162.51
69.3,160,horror,2809,8.2,188.33
11.7,151,action,967,9.3,115.87
59.1,171,drama,832,68.1,195.41
109.1,143,action,1568,5.6,284.7
192.2,138,action,3004,33.1,461.93
265.0,99,action,4176,51.5,648.25
264.1,155,comedy,1903,16.6,584.02
215.5,131,action,3392,42.1,538.85
9.8,146,action,3298,20.0,164.97
109.4,167,drama,1806,64.4,309.46
243.6,102,scifi,1137,17.3,522.27
5.8,125,comedy,783,23.1,74.99
298.4,172,comedy,2628,52.1,620.94
240.9,139,comedy,3177,64.7,617.89
258.1,157,comedy,4491,82.6,631.76
13.4,178,scifi,2046,81.3,213.88
46.9,77,scifi,1071,55.0,231.41
34.3,75,action,1703,81.5,223.14
85.9,165,scifi,1232,16.8,270.3
26.1,143,scifi,2613,52.0,171.09
133.7,136,scifi,1150,66.6,378.29
43.7,104,drama,1758,5.8,139.64
49.4,89,horror,1356,84.7,203.01
177.8,83,comedy,2590,57.4,431.91
117.0,130,action,1965,31.1,314.53
82.8,106,drama,3874,3.7,256.29
102.3,113,action,1663,42.7,286.7
240.3,115,drama,1668,86.2,576.25
37.3,158,comedy,3156,32.1,191.46
242.3,81,action,744,61.3,557.26
295.4,174,action,2930,91.1,739.92
98.8,150,scifi,3883,91.8,429.43
255.8,175,horror,1563,48.4,572.92
217.9,95,comedy,1536,36.7,453.53
127.8,120,horror,4436,42.4,350.55
244.4,102,comedy,3844,6.2,511.52
178.4,126,comedy,1161,89.2,484.82
59.9,126,action,2309,5.3,196.45
175.0,80,scifi,2384,11.2,429.75
169.2,89,comedy,907,96.2,439.44
126.8,173,comedy,3075,57.4,371.15
234.5,81,scifi,4275,93.4,669.91
74.9,179,drama,1922,28.7,201.89
79.2,86,comedy,1748,59.8,236.92
298.3,98,action,2705,9.9,643.41
60.6,112,comedy,3330,24.7,196.91
264.6,94,action,3797,10.6,604.12
55.0,162,drama,2981,63.2,223.24
220.8,111,horror,2457,47.4,500.96
220.8,78,comedy,4476,8.9,498.94
256.1,83,comedy,2288,43.0,552.3
8.0,118,scifi,1934,39.0,145.07
124.9,118,drama,1754,66.5,346.27
263.1,80,drama,3003,66.2,609.88
248.1,90,drama,4204,44.3,629.16
190.8,127,horror,1585,60.0,445.94
135.6,95,action,4066,99.7,483.45
272.1,92,drama,1587,71.6,595.49
1.3,118,comedy,3919,24.1,112.9
82.4,133,drama,3044,36.8,249.31
154.3,169,scifi,1788,19.0,382.34
189.0,162,comedy,2386,48.6,492.71
38.5,150,action,2636,31.2,197.37
52.1,76,drama,934,35.7,176.32
179.1,98,action,521,55.5,442.48
21.8,167,horror,4104,80.6,229.1
158.3,177,horror,2314,6.1,307.99
139.1,152,horror,3386,36.0,349.52
47.2,101,action,2926,63.6,259.69
70.6,118,action,3551,35.9,282.47
15.8,127,comedy,4492,48.5,217.93
57.6,83,horror,2002,49.9,187.38
169.9,153,drama,536,15.9,348.43
37.9,128,comedy,4030,77.1,226.46
118.7,111,comedy,3294,79.3,396.11
232.2,151,comedy,1396,38.2,513.03
257.2,109,action,1424,64.0,594.4
2.6,174,scifi,3483,30.1,184.54
183.9,97,drama,3325,7.5,406.48
265.3,120,comedy,4440,83.8,707.6
206.2,169,horror,4357,87.7,547.9
15.2,161,drama,3548,33.1,192.16
30.9,176,comedy,4235,28.1,194.77
3.1,83,action,1788,85.1,129.49
224.9,108,action,753,40.7,497.78
41.1,158,comedy,3200,10.3,183.77
44.7,136,drama,2476,48.2,211.07
214.5,141,horror,2180,52.8,471.59
13.2,157,drama,2182,51.3,102.6
226.9,132,scifi,4098,92.8,705.53
147.3,139,comedy,2102,98.9,467.32
196.6,164,comedy,3069,54.6,498.94
141.6,175,comedy,4221,22.8,392.19
265.8,146,action,4184,74.0,703.8
38.4,147,drama,1210,64.6,199.13
20.9,85,drama,2835,12.3,121.45
196.8,111,comedy,3814,81.2,557.02
72.0,106,drama,531,60.4,229.69
70.6,102,scifi,3985,66.1,300.58
46.6,170,action,4209,12.0,206.37
299.2,173,action,1738,87.2,713.81
122.2,171,action,4085,55.8,416.16
266.0,156,comedy,692,50.5,557.34
104.5,95,horror,2352,77.4,297.33
244.2,149,drama,3494,39.6,556.48
14.0,98,horror,1965,77.0,137.47
63.3,135,drama,2061,3.1,154.46
137.2,128,comedy,3162,77.5,446.65
68.1,98,horror,1279,58.2,217.24
98.7,128,action,917,50.1,281.14
166.3,129,action,3760,28.4,417.39
82.7,130,drama,2943,47.0,245.48
121.2,163,comedy,4212,56.3,393.03
53.6,154,comedy,2362,56.0,244.52
220.4,127,drama,1097,64.5,508.38
37.9,164,drama,860,22.9,123.25
212.9,152,drama,2299,90.9,546.0
199.7,97,drama,2728,37.9,431.78
70.6,170,drama,1748,97.7,245.16
102.4,111,action,2193,89.4,348.1
111.7,85,scifi,4064,71.2,386.69
243.3,93,drama,3538,90.5,603.48
115.4,153,comedy,955,27.2,244.77
53.5,144,scifi,4124,99.5,323.45
200.1,77,comedy,1305,80.1,514.9
31.3,109,action,2131,39.4,161.86
156.5,159,comedy,3027,89.4,469.68
129.6,85,comedy,2417,37.4,300.35
18.2,89,action,2105,73.2,202.58
224.9,87,action,4049,19.2,503.29
278.3,78,comedy,2058,66.6,654.1
146.7,127,drama,1565,92.1,376.98
244.7,82,horror,1140,2.9,485.04
90.3,148,drama,1600,59.8,265.71
204.4,87,comedy,3171,72.9,598.84
242.5,173,comedy,3271,94.4,657.6
49.1,149,scifi,2218,27.1,220.58
85.3,154,action,2004,35.3,278.86
53.3,169,scifi,2781,14.0,201.3
152.4,154,horror,4251,60.8,421.58
229.1,108,horror,2801,23.2,464.33
177.7,95,scifi,2470,58.0,483.91
279.5,126,comedy,1198,32.2,562.71
182.4,103,comedy,2054,24.4,413.42
95.7,103,comedy,3244,95.4,355.06
149.0,156,comedy,2710,20.1,364.69
156.6,79,scifi,1468,95.0,462.98
295.6,152,action,2003,86.0,709.13
288.4,118,comedy,2222,80.7,690.05
262.5,110,horror,1162,69.4,592.59
192.9,132,comedy,2186,85.2,488.19
249.9,87,comedy,903,97.2,571.63
215.7,163,scifi,1919,68.9,573.17
114.4,103,comedy,625,46.2,275.34
71.3,104,action,3614,85.9,306.63
36.0,100,drama,4102,63.2,250.64
165.0,108,horror,627,57.7,392.3
55.2,114,horror,4181,67.1,305.26
52.7,166,drama,1413,48.2,217.69
85.0,132,comedy,2001,76.1,292.99
130.6,162,comedy,2749,97.1,383.85
150.3,171,scifi,3444,61.5,480.42
69.1,131,action,2994,87.5,296.44
75.9,109,comedy,2988,43.3,271.24
46.1,141,comedy,1292,37.4,193.16
168.7,81,comedy,535,96.9,457.38
162.5,157,comedy,1350,33.1,345.98
181.6,148,drama,2236,11.9,363.98
295.0,175,action,1524,56.6,632.98
70.8,95,scifi,1441,94.5,327.04
246.0,102,action,4363,94.1,663.96
189.9,145,scifi,4101,74.9,553.5
269.3,153,drama,3852,32.6,606.45
123.2,176,drama,1733,44.2,315.32
251.8,176,comedy,812,9.5,474.59
153.4,117,drama,1537,1.8,301.3
151.6,179,comedy,3944,71.1,462.66
262.3,179,horror,3346,18.2,523.04
216.1,118,drama,2433,28.4,452.43
82.1,97,comedy,2392,9.0,205.54
136.6,117,comedy,869,17.8,285.12
124.8,105,drama,1520,23.8,271.87
196.0,115,comedy,3418,55.2,470.08
105.2,93,action,4199,9.7,338.68
143.7,146,comedy,3638,5.7,371.71
36.8,106,horror,3742,49.8,205.82
109.8,125,horror,2102,13.3,231.6
270.9,125,drama,2324,96.5,644.21
293.8,87,action,2114,8.9,605.95
238.8,154,comedy,1198,65.0,587.9
253.7,159,horror,1278,10.2,510.48
117.5,139,drama,2400,56.6,347.12
248.7,81,horror,4154,53.3,600.29
188.1,161,action,1463,46.4,477.06
186.2,165,scifi,3259,85.2,569.97
179.9,78,drama,2230,70.2,439.65
53.9,105,drama,3732,76.6,297.41
120.5,91,comedy,3909,1.9,328.39
182.8,169,horror,3589,7.9,406.65
263.1,122,drama,2386,89.7,609.56
74.8,146,drama,1522,53.0,216.44
61.1,165,drama,4252,76.8,294.69
151.1,162,drama,4384,93.6,452.09
128.3,172,comedy,3217,55.0,369.66
207.9,144,comedy,548,51.7,449.63
68.5,141,drama,1868,61.8,202.63
230.7,161,scifi,2464,83.6,576.65
250.2,98,drama,3402,59.1,593.64
246.8,158,action,3801,87.1,622.29
288.5,169,drama,2725,90.2,669.35
96.6,112,scifi,1987,27.1,257.75
38.6,87,drama,3775,38.2,197.9
34.7,88,comedy,1062,40.7,126.71
225.5,119,action,3050,46.3,557.19
233.1,144,drama,702,64.0,501.42
257.8,97,comedy,2935,6.8,591.11
90.3,135,comedy,1299,76.8,305.95
52.0,118,action,1463,22.8,160.85
201.2,158,scifi,3738,7.6,482.02
255.1,143,drama,4141,8.6,526.69
291.7,173,comedy,1044,38.3,588.74
243.3,164,action,3230,95.4,636.21
105.4,136,action,1930,64.4,355.02
107.1,121,drama,3139,10.0,241.0
208.9,114,scifi,1707,10.6,472.03
145.3,134,action,2883,85.8,419.54
227.0,166,action,1457,37.8,499.68
254.4,150,drama,1718,24.2,505.56
295.1,108,scifi,3353,78.8,732.64
18.9,104,drama,3736,18.7,118.78
44.9,110,drama,1394,82.3,189.44
265.8,109,action,4252,56.8,663.21
97.5,122,action,2679,15.8,285.05
92.4,164,comedy,1044,29.1,233.53
235.3,153,horror,4372,88.9,588.25
239.8,82,drama,1249,93.2,605.2
37.4,165,comedy,1671,41.0,151.45
30.3,92,drama,649,70.9,159.66
238.1,98,drama,1491,38.2,480.44
258.2,105,comedy,1481,23.0,511.8
264.8,129,drama,3548,15.0,563.33
170.3,132,scifi,3949,98.3,551.0
261.8,77,comedy,1676,16.9,584.42
180.3,122,action,3949,25.5,430.7
292.4,92,horror,1320,40.3,582.61
136.6,91,scifi,3855,42.2,439.66
178.0,161,horror,2457,79.7,459.67
106.3,176,drama,3854,44.6,301.13
59.2,90,scifi,2973,6.3,237.6
173.6,166,comedy,3427,26.8,438.18
184.4,146,scifi,4105,16.6,497.53
159.0,101,drama,3555,72.8,458.81
267.1,179,drama,3196,22.3,571.19
45.7,110,comedy,4247,65.6,289.56
224.0,89,action,984,69.4,565.48
138.8,128,scifi,1758,83.1,439.89
17.7,99,comedy,1974,44.4,154.5
134.8,118,drama,1657,7.5,278.58
39.0,96,comedy,3603,51.5,189.73
131.1,133,horror,753,11.0,198.39
230.1,172,scifi,2758,37.4,577.4
239.2,118,action,911,92.7,571.26
86.1,121,action,2039,44.1,328.39
255.4,166,scifi,3945,40.4,647.51
294.5,85,drama,2373,58.7,680.52
53.8,92,horror,2633,3.9,146.98
61.8,161,action,1733,72.1,300.98
289.5,151,comedy,4001,6.1,615.22
276.6,102,drama,685,96.6,604.59
297.4,142,comedy,3578,66.6,716.89
165.6,124,comedy,1478,9.5,384.92
194.8,107,action,2297,77.1,553.35
266.4,105,action,1405,28.3,517.4
210.6,106,drama,2319,98.9,549.91
197.2,130,comedy,3933,58.6,488.78
116.1,159,comedy,1579,67.4,299.52
91.7,158,action,2410,7.9,282.59
208.6,126,action,1584,51.5,478.11
102.8,173,drama,3541,44.4,303.36
149.0,132,comedy,2810,25.6,349.18
171.5,108,action,2870,21.9,441.86
250.2,106,drama,2267,19.7,575.81
282.2,140,comedy,1631,66.0,639.59
66.1,116,scifi,4428,30.1,281.39
53.9,156,comedy,1240,90.3,239.7
58.6,127,action,3124,4.9,218.92
169.8,167,horror,2363,22.4,380.59
43.4,123,action,4092,96.9,290.29
124.4,94,comedy,1776,50.1,347.65
129.5,155,comedy,3274,1.3,315.88
62.8,164,comedy,2066,68.3,237.86
51.2,106,scifi,2969,19.4,190.38
175.1,96,action,4302,82.8,554.54
270.3,133,scifi,4022,1.7,612.15
189.7,156,horror,3174,21.9,443.64
128.9,173,drama,1366,48.0,349.26
34.1,110,action,1470,93.8,232.04
128.3,101,drama,827,38.3,308.5
118.5,108,scifi,1575,94.1,410.18
248.8,109,scifi,1494,77.7,606.01
264.7,100,action,1596,13.7,552.02
91.9,111,horror,3615,33.3,272.36
272.4,179,action,3206,3.1,605.57
158.6,80,action,3957,69.4,508.49
40.8,176,action,2760,50.7,229.79
299.5,178,horror,3776,85.7,718.41
291.8,156,comedy,1073,4.1,560.0
167.3,136,scifi,2699,62.9,454.34
138.2,84,drama,4115,48.4,363.78
228.5,179,action,1937,3.8,475.76
86.4,148,action,3327,2.7,227.01
19.9,99,comedy,3344,83.9,240.07
93.9,173,drama,1719,21.5,244.03
156.0,161,comedy,4247,13.2,395.08
264.0,170,scifi,1002,18.4,536.38
202.8,92,scifi,2069,86.4,544.01
37.7,169,drama,4402,13.7,225.74
157.8,83,drama,3207,77.8,459.9
56.0,150,scifi,1156,56.9,226.15
202.0,165,drama,1157,72.1,443.9
225.8,86,action,1192,18.1,518.41
37.7,128,comedy,2575,96.9,233.78
24.4,126,drama,2988,8.8,102.7
287.7,126,scifi,1112,35.7,609.91
182.8,75,comedy,3275,50.3,458.97
102.6,93,action,2060,95.7,374.38
78.2,125,drama,1592,57.3,230.85
149.7,176,comedy,1985,33.1,365.02
255.5,172,comedy,3213,47.1,572.95
74.4,157,scifi,2740,17.8,257.67
61.2,130,horror,819,9.4,132.1
165.9,166,drama,3831,30.0,427.88
9.7,171,action,3101,8.1,105.5
78.5,145,action,2393,48.4,285.41
160.9,166,drama,4359,52.3,429.34
229.1,99,scifi,925,39.3,546.56
276.7,113,scifi,3706,44.4,692.56
82.1,97,drama,1481,41.2,244.52
145.0,166,action,1985,74.2,433.74
169.9,171,action,2656,25.2,443.46
39.5,140,horror,3462,54.9,212.83
220.8,102,drama,4352,22.8,528.17
249.7,144,action,3229,66.7,620.4
276.7,138,comedy,868,81.4,609.16
141.2,99,scifi,833,86.0,400.66
59.0,152,drama,844,97.8,244.71
101.4,101,horror,2310,31.0,272.89
41.1,85,scifi,2484,68.3,261.74
98.6,107,action,4369,98.2,405.42
297.6,167,drama,3311,39.9,631.83
46.3,85,drama,3170,75.9,228.5
162.4,115,drama,3193,98.1,485.16
59.6,171,action,2065,7.9,214.35
254.0,130,drama,1142,37.5,514.13
16.4,93,comedy,2983,49.3,180.56
173.1,143,comedy,2290,88.6,494.0
260.8,125,drama,721,65.9,555.07
135.2,149,action,3135,41.8,374.53
12.8,152,drama,1866,95.7,182.47
282.3,96,comedy,624,9.8,529.66
234.0,120,horror,1673,68.0,511.42
174.3,102,drama,2657,48.6,428.99
22.2,175,scifi,2434,77.0,247.33
276.4,100,comedy,4308,57.8,702.12
212.1,170,comedy,1068,50.6,463.26
74.7,136,drama,3821,3.5,228.12
155.2,145,drama,687,50.9,364.66
192.2,167,scifi,1502,24.1,460.37
215.0,156,comedy,2989,29.1,474.85
299.7,88,horror,2330,68.4,680.23
270.2,104,comedy,1712,98.2,655.52
176.0,93,drama,1965,4.0,361.36
29.2,128,comedy,1133,48.0,111.62
109.3,91,comedy,3131,74.2,353.27
162.1,101,scifi,4465,26.8,455.82
209.2,114,scifi,2568,16.1,457.45
94.5,135,action,2670,70.2,343.39
207.3,81,scifi,3486,84.1,619.73
240.5,91,comedy,1344,26.3,455.89
279.4,132,drama,3675,37.0,638.54
77.6,172,scifi,2934,10.0,252.19
73.6,168,action,3888,23.8,284.75
171.5,169,comedy,2808,4.1,394.12
206.7,80,drama,2014,4.0,402.52
144.7,122,comedy,3527,37.0,389.2
274.0,170,scifi,2951,10.5,610.69
32.2,121,comedy,2464,81.5,217.6
263.3,153,horror,2775,88.2,619.25
34.2,112,drama,2881,69.2,229.45
94.6,88,scifi,2155,29.8,334.52
53.5,114,comedy,2485,31.2,182.28
127.6,164,action,2820,20.4,348.88
81.0,109,comedy,1146,51.9,200.01
236.5,91,drama,1232,65.8,541.96
159.6,131,drama,2646,70.2,462.91
102.2,152,comedy,4479,4.2,293.03
230.0,90,comedy,831,36.7,506.41
1.2,128,drama,4008,26.8,104.71
23.5,92,horror,2630,40.8,147.61
291.3,111,comedy,549,47.3,595.98
245.0,105,comedy,1131,35.5,530.92
257.9,134,scifi,1490,43.5,572.01
285.1,138,comedy,2233,93.8,665.12
8.2,105,drama,2755,76.5,173.46
190.6,124,comedy,3254,86.2,553.92
235.7,130,comedy,663,2.8,460.55
28.6,135,comedy,2231,80.9,179.87
104.6,114,comedy,3744,87.1,409.7
89.5,142,horror,589,32.6,249.74
244.0,114,comedy,1736,2.1,492.81
279.6,142,drama,2002,68.0,631.48
25.6,86,horror,2667,87.8,213.11
26.1,81,comedy,1327,79.9,201.31
22.3,120,scifi,1860,74.2,208.18
4.7,88,action,3146,95.4,221.58
120.0,153,horror,2626,58.9,301.78
213.7,75,comedy,3212,35.7,478.89
247.9,162,action,3445,51.5,600.42
120.3,140,horror,1224,98.5,353.74
109.7,175,drama,3931,73.5,355.71
263.0,83,action,3635,33.6,591.07
8.3,113,horror,1644,83.7,159.35
171.4,162,action,3239,67.0,469.35
248.5,137,action,3686,57.8,622.08
174.9,85,drama,2105,83.9,461.69
137.3,127,comedy,3669,6.0,349.74
199.5,146,comedy,2538,55.0,447.13
277.4,175,action,2084,96.2,711.08
113.5,120,drama,4211,35.8,307.28
238.2,128,drama,726,9.5,457.73
143.1,76,drama,3730,26.7,351.95
266.8,166,comedy,3974,73.1,651.13
285.5,135,horror,915,55.4,639.45
222.7,90,action,4053,96.6,655.33
81.6,155,scifi,3502,52.5,318.87
294.3,132,horror,2091,69.2,668.96
220.0,99,drama,1283,1.1,403.08
81.1,156,action,821,67.0,272.29
199.7,132,comedy,1674,96.1,511.29
101.3,84,action,2370,12.0,286.66
204.6,79,comedy,1593,26.9,422.49
1.0,166,action,3459,64.8,207.28
270.7,163,action,1487,5.0,585.56
277.8,113,horror,3560,14.2,577.39
294.1,129,drama,3050,91.4,699.7
200.2,80,action,1722,44.1,502.18
84.3,142,scifi,1711,5.4,239.13
145.2,129,action,1261,39.0,372.22
127.9,75,comedy,2844,14.3,303.64
280.2,90,scifi,785,91.6,661.09
48.6,160,action,4061,48.2,212.56
213.2,136,drama,3197,29.2,502.2
283.3,93,action,4104,45.8,695.25
228.5,179,comedy,3616,91.1,605.86
198.9,94,scifi,4097,38.9,535.22
13.4,137,action,3510,22.1,158.72
230.9,139,horror,4137,25.0,516.6
109.8,148,scifi,2777,21.1,291.7
9.3,176,comedy,512,96.1,153.39
282.8,168,action,4453,65.5,708.17
166.0,117,comedy,2189,39.6,416.22
52.5,77,drama,4212,88.7,297.73
47.5,164,scifi,541,32.1,190.44
187.9,138,comedy,676,3.3,373.98
140.4,93,action,1366,50.4,383.1
90.6,135,action,2024,52.2,298.25
100.0,175,horror,3916,14.8,279.74
33.3,153,drama,3897,21.1,162.73
113.5,143,drama,3911,95.2,407.45
228.1,178,comedy,723,99.6,540.92
37.9,149,action,1802,7.3,176.75
6.8,123,drama,4196,34.7,132.73
190.6,171,horror,2345,21.3,394.41
201.8,153,drama,1208,80.5,469.31
164.4,161,action,3692,53.9,481.48
121.8,143,horror,948,95.0,369.88
136.7,144,action,3002,37.7,390.98
168.9,160,scifi,1343,56.5,459.16
68.5,121,horror,522,63.8,176.4
242.2,154,action,1805,52.5,577.01
46.0,126,comedy,3715,45.5,224.7
87.5,178,comedy,4232,54.2,336.09
147.6,123,drama,2808,55.9,384.22
197.4,114,comedy,3839,89.5,530.91
155.9,151,comedy,3964,71.5,450.33
232.3,134,scifi,3994,36.7,587.07
244.1,159,horror,4017,42.3,591.11
214.4,95,drama,2484,54.2,494.7
168.0,157,drama,1120,41.7,394.59
225.2,139,horror,1812,79.2,510.45
255.0,173,action,2185,90.4,633.51
128.4,84,scifi,2048,81.8,432.85
35.0,96,comedy,1183,77.9,213.0
187.7,157,horror,1073,36.9,419.02
20.1,82,drama,3543,93.3,229.53
190.4,167,horror,831,48.0,421.65
223.9,78,drama,4172,48.2,557.11
127.8,109,comedy,567,4.9,285.8
85.3,170,comedy,3847,75.6,312.23
160.1,139,scifi,4046,48.9,483.88
128.9,104,drama,3102,55.4,383.62
75.5,179,drama,2655,95.3,341.4
248.8,170,scifi,1265,44.0,572.96
214.5,76,drama,2525,10.4,444.17
240.0,100,action,1401,66.1,570.51
11.2,107,drama,853,97.1,152.71
32.3,84,horror,1096,45.7,100.8
162.3,149,drama,4389,10.6,411.86
244.5,89,comedy,917,51.3,545.91
260.5,87,horror,3079,6.0,547.35
152.7,177,action,3254,73.9,426.73
162.7,98,horror,2697,45.6,434.37
7.4,141,comedy,2409,30.5,99.42
219.0,122,comedy,3302,17.9,489.59
91.7,101,drama,3876,69.8,318.44
294.4,161,drama,3505,24.2,602.65
12.5,105,drama,1526,85.6,112.96
13.5,132,drama,4116,82.4,242.09
288.8,141,drama,4221,95.7,719.84
285.0,161,comedy,3879,54.4,664.93
238.6,143,action,2895,57.6,602.76
230.6,103,drama,3623,34.1,501.53
232.6,84,scifi,861,66.1,545.76
126.2,139,action,3344,4.1,340.79
217.5,171,scifi,2962,23.0,534.17
291.1,179,comedy,2031,62.4,658.4
196.0,89,comedy,3826,25.8,466.36
28.1,122,action,1886,20.6,193.03
4.5,106,drama,2552,68.3,143.77
81.0,139,horror,3396,29.8,236.33
138.6,128,scifi,3309,43.4,424.24
285.8,152,horror,3447,70.2,678.24
266.1,161,drama,1606,37.8,530.59
187.7,146,action,3873,70.9,503.92
247.6,87,comedy,2293,23.4,509.74
298.4,119,comedy,4112,57.8,704.65
39.6,80,comedy,3523,26.9,212.62
45.8,176,action,1624,10.5,182.23
59.2,140,scifi,4451,7.1,259.73
91.1,163,scifi,2641,90.5,368.25
80.5,116,drama,1492,40.1,192.83
131.9,97,drama,1744,7.4,250.78
150.1,78,horror,3310,98.9,445.85
4.4,99,action,3849,64.8,190.89
227.6,104,scifi,502,53.9,510.37
118.1,76,comedy,3591,37.1,375.65
119.5,78,comedy,668,14.6,240.4
174.4,121,horror,2926,65.4,414.89
128.7,168,scifi,716,40.4,333.9
288.2,97,drama,3838,56.2,681.83
290.7,123,drama,1959,74.7,678.91
8.6,98,action,1180,13.7,96.86
174.7,127,action,2776,43.6,469.04
119.9,84,horror,951,77.7,310.72
236.9,117,scifi,2159,57.1,596.92
211.6,134,comedy,527,70.3,472.2
71.5,158,drama,1420,33.1,171.46
229.6,158,action,949,91.1,604.54
162.8,88,comedy,3077,71.7,472.62
50.2,155,scifi,3612,90.2,306.27
68.9,171,horror,1806,62.1,222.78
197.2,89,comedy,2560,5.5,392.82
183.0,107,action,2340,26.3,421.95
284.6,179,horror,3467,40.5,634.98
110.9,152,action,2886,8.2,293.55
182.3,81,scifi,939,53.4,439.02
280.5,129,comedy,911,92.4,653.6
296.9,93,comedy,2288,4.4,590.38
125.4,147,drama,765,84.9,323.54
243.5,168,comedy,1220,0.5,487.24
259.7,84,comedy,4170,49.8,629.85
187.4,105,comedy,3748,86.7,509.19
67.2,153,action,3740,82.7,353.32
127.5,90,drama,4311,55.2,400.67
181.7,143,scifi,3049,25.8,397.11
110.0,177,action,3499,1.9,340.51
51.7,179,comedy,1373,52.4,164.73
168.5,89,scifi,683,5.9,381.32
69.5,89,comedy,1639,44.0,177.02
214.5,78,action,3350,10.2,479.38
212.8,83,action,534,51.4,457.81
157.6,135,comedy,3619,12.8,342.88
176.5,163,action,1777,35.8,442.37
33.4,146,drama,3696,96.8,225.94
38.0,159,horror,4359,43.0,223.14
172.7,80,horror,2193,77.3,443.37
12.6,115,drama,2094,14.8,104.02
251.7,141,comedy,4046,98.5,667.64
127.0,176,comedy,1342,37.4,282.03
221.1,154,comedy,1446,48.7,501.38
41.9,96,action,3187,53.8,225.6
263.8,114,drama,2076,21.6,558.86
36.8,131,comedy,4092,61.2,213.17
258.3,86,drama,3589,45.2,632.19
267.6,140,comedy,4498,46.5,647.64
275.1,167,comedy,630,75.1,595.46
291.6,108,comedy,2349,10.3,616.22
115.3,138,scifi,1150,22.5,306.06
22.6,114,comedy,2736,27.8,158.65
243.3,118,drama,1861,25.5,541.0
55.9,92,drama,1656,80.9,228.51
208.2,167,horror,2832,8.8,444.98
203.7,115,drama,2428,38.9,438.44
258.5,143,action,4275,53.0,666.62
157.1,178,drama,3686,28.0,382.76
222.8,167,action,2826,34.1,509.73
153.7,147,action,3217,44.5,392.93
105.6,92,action,4253,11.9,348.18
265.6,113,action,2671,82.8,663.19
45.1,102,comedy,3274,68.0,283.12
78.9,171,action,3935,11.5,285.6
113.0,146,action,1948,39.0,305.07
121.8,91,drama,2292,25.5,323.17
181.9,142,action,2459,83.5,554.53
50.8,164,drama,665,26.1,142.75
141.6,131,action,2402,28.0,380.78
287.0,167,action,2984,86.8,717.17
140.1,95,action,875,96.5,408.44
10.0,121,comedy,3182,87.1,215.49
228.5,99,scifi,1800,22.6,502.44
292.0,141,action,2559,95.6,745.13
160.5,168,comedy,2183,92.7,444.45
87.6,108,drama,4400,86.6,349.42
287.7,137,comedy,1010,87.4,693.68
253.5,110,comedy,1998,66.7,600.65
181.4,170,comedy,3750,30.3,449.39
76.2,101,drama,3570,76.5,323.55
23.0,111,drama,1038,36.0,124.26
149.8,155,action,2644,65.0,436.27
192.4,174,drama,1075,97.2,489.73
263.9,153,comedy,1001,39.7,595.95
166.7,136,drama,4433,68.4,489.01
134.9,161,comedy,3780,49.7,386.72
243.4,151,horror,1286,7.8,486.48
225.3,127,horror,2713,40.4,497.02
201.7,142,drama,1453,89.8,473.45
177.4,177,horror,4039,86.0,525.27
2.5,119,comedy,2331,66.9,123.33
136.6,170,comedy,2560,24.8,334.25
37.5,117,scifi,3785,71.1,225.83
18.4,113,scifi,2391,95.0,244.85
146.7,159,comedy,1049,37.1,327.93
257.6,177,scifi,4497,58.4,701.46
164.1,164,action,2249,30.9,412.92
296.8,131,scifi,2022,83.5,728.58
291.1,143,horror,631,93.5,629.12
160.8,86,drama,2801,13.4,366.74
100.4,102,horror,1176,66.5,288.53
206.3,153,drama,1877,62.6,478.31
5.8,80,drama,2347,85.6,178.65
210.7,115,comedy,3630,57.3,540.38
76.8,117,drama,2996,25.0,236.71
260.5,147,drama,2915,29.2,536.11
162.8,98,action,2780,77.8,445.25
90.8,87,drama,2664,55.7,259.92
46.4,76,drama,3947,75.6,310.16
69.3,95,comedy,987,62.6,237.23
294.1,146,comedy,3198,42.0,658.23
286.0,158,comedy,2374,60.6,662.82
27.0,82,comedy,2648,28.7,138.23
178.7,115,comedy,959,12.6,361.63
61.9,127,action,739,66.4,276.4
188.9,125,drama,1886,78.0,515.68
195.8,103,comedy,2070,39.3,480.48
93.4,173,action,1721,90.2,356.23
166.6,115,scifi,4191,7.9,441.05
181.8,110,action,3442,98.5,558.66
21.1,93,action,759,42.8,168.01
77.7,113,drama,2208,97.6,305.64
153.7,97,scifi,4193,13.0,416.27
25.8,134,horror,1654,75.0,196.45
71.3,161,action,899,20.4,202.52
7.6,91,horror,3646,70.0,137.09
94.2,141,comedy,901,55.2,260.13
82.6,162,scifi,1781,27.8,257.19
272.4,177,comedy,1866,73.8,674.42
62.7,177,comedy,2199,13.4,194.83
252.8,105,horror,3724,70.3,631.74
14.3,150,comedy,760,86.7,152.55
155.1,178,comedy,2549,82.9,432.42
201.6,88,comedy,2814,29.0,496.94
180.3,79,drama,3911,51.0,483.93
285.8,95,action,2809,66.9,725.61
106.6,107,horror,853,25.3,259.15
88.3,115,horror,1118,3.3,182.71
45.9,153,comedy,978,5.4,127.5
136.2,116,comedy,2700,69.9,376.78
78.9,153,comedy,4281,81.3,348.58
252.1,78,horror,899,48.8,549.7
278.0,133,action,951,58.9,637.05
164.9,87,scifi,2233,74.4,467.83
271.6,102,action,3664,98.5,719.41
202.8,128,scifi,1445,6.5,443.17
235.8,85,horror,1740,5.0,491.38
212.8,78,comedy,3077,23.1,466.84
152.4,143,action,4200,49.7,463.85
99.4,123,drama,879,61.7,318.12
201.5,145,action,4377,64.4,558.58
123.0,84,comedy,4452,10.8,327.2
299.7,149,horror,4340,91.0,692.14
7.5,82,drama,2968,17.9,77.56
199.8,117,comedy,2161,61.7,476.08
87.9,112,comedy,584,78.6,266.71
276.2,122,horror,1846,75.2,613.2
273.7,139,action,910,57.3,623.97
133.5,78,horror,3868,60.2,395.64
40.2,174,scifi,3043,43.3,237.45
257.4,119,comedy,1287,85.0,595.48
130.9,130,horror,3998,36.8,348.34
215.7,178,comedy,2742,21.9,490.78
136.3,177,comedy,1313,54.8,346.99
265.7,140,comedy,4277,50.4,630.69
168.9,144,scifi,1532,97.1,492.0
105.3,93,action,562,17.5,261.91
130.2,143,comedy,2763,20.4,304.18
54.3,179,drama,4168,33.3,223.04
40.4,176,comedy,4022,10.9,164.47
210.7,164,action,1574,36.0,505.78
23.9,127,action,4297,16.8,164.08
291.6,140,comedy,1125,69.8,635.6
21.4,91,action,1516,62.1,168.84
5.4,88,scifi,1656,27.2,110.65
46.2,162,action,3743,10.7,199.21
101.4,86,drama,1879,60.7,299.88
10.2,133,action,1789,19.6,96.18
76.2,171,horror,612,60.5,214.18
156.6,147,comedy,3346,16.9,359.02
131.7,159,scifi,1621,92.0,404.97
193.7,149,comedy,3702,13.8,472.63
14.1,114,comedy,2888,98.3,223.67
223.2,89,horror,3901,25.5,537.03
239.2,92,action,773,43.8,555.41
222.9,100,action,2186,50.6,547.13
197.1,146,comedy,786,22.5,407.11
96.8,166,action,1356,37.5,304.37
291.7,127,action,1536,34.7,634.55
142.7,145,scifi,2409,43.2,418.87
64.3,107,comedy,2481,94.1,311.92
14.9,156,comedy,2673,21.9,122.67
150.4,146,horror,2534,42.2,367.9
160.7,108,comedy,2750,33.0,395.0
276.8,156,action,2151,52.5,635.82
284.0,78,action,4350,2.4,657.15
50.6,153,comedy,3435,28.1,185.1
126.1,179,comedy,1801,33.0,315.52
211.1,96,scifi,2831,15.8,515.09
237.9,102,horror,708,87.1,558.25
20.5,167,action,1031,69.9,176.77
229.8,99,scifi,1846,35.1,540.96
37.6,115,scifi,2072,87.8,256.44
206.4,147,horror,1143,31.5,469.67
31.8,103,comedy,909,73.3,177.05
254.4,149,action,1585,57.1,586.2
1.8,145,comedy,3347,74.2,184.33
283.3,154,action,2933,33.2,652.91
38.4,88,scifi,534,30.8,155.74
102.6,91,comedy,2540,98.3,380.73
107.7,111,action,948,22.7,245.21
286.0,153,action,1289,79.5,649.55
32.4,172,scifi,1223,71.8,174.9
245.9,107,horror,3061,80.3,620.01
176.0,148,action,2117,6.9,407.88
97.2,123,drama,2655,4.0,239.76
155.6,128,drama,3518,83.3,456.07
222.6,118,action,731,80.1,566.55
73.5,107,comedy,2108,50.8,248.01
86.4,114,action,595,47.0,262.46
121.5,154,comedy,509,48.6,298.34
290.3,103,comedy,3998,70.2,707.77
237.3,166,action,2732,8.4,512.46
195.6,179,scifi,1230,26.0,461.49
22.8,87,scifi,2457,42.9,176.24
20.0,141,comedy,2567,53.0,152.08
129.8,144,horror,1054,57.2,311.42
127.3,85,action,1501,60.0,334.19
263.8,122,drama,1900,35.0,559.49
275.5,111,drama,3967,47.3,658.85
63.8,81,scifi,4096,30.7,306.97
41.2,123,comedy,3009,57.0,251.9
196.1,159,drama,3724,29.0,425.02
4.4,134,action,3811,22.1,164.66
259.1,161,drama,703,4.0,508.64
4.3,136,comedy,2384,36.0,93.19
15.4,162,action,1362,46.8,112.05
173.4,130,comedy,3610,17.9,445.11
96.0,126,scifi,1052,41.2,287.19
164.4,149,comedy,3176,45.7,399.16
124.3,78,drama,3081,7.8,272.89
57.7,87,scifi,2154,58.8,266.75
245.7,110,comedy,543,11.0,465.3
257.1,168,drama,3570,66.3,614.94
221.8,158,comedy,1409,49.0,476.75
178.6,86,comedy,2995,87.2,542.53
255.9,152,comedy,3823,39.9,598.16
34.0,166,drama,2979,39.7,142.48
285.4,130,action,2511,94.6,710.94
226.4,75,scifi,990,96.9,584.51
184.9,98,horror,2988,70.0,513.15
70.6,172,action,1367,29.7,230.22
181.7,167,horror,1675,46.1,366.52
70.2,128,scifi,3001,35.0,293.43
160.0,159,horror,3193,52.7,387.85
3.5,136,action,4009,44.8,145.96
49.6,106,action,3295,47.7,264.29
56.6,160,horror,3099,56.0,231.64
102.3,87,action,2267,99.2,358.57
207.4,114,scifi,3854,80.0,610.64
268.6,110,horror,3526,45.2,622.42
54.0,85,comedy,2657,35.6,204.49
73.7,94,action,2460,42.7,276.19
100.9,112,drama,4329,98.5,406.25
173.7,107,scifi,3625,3.7,437.46
17.2,160,drama,2769,87.8,159.38
82.6,85,action,723,49.6,210.9
203.4,124,comedy,2487,42.9,467.09
161.7,122,drama,1751,70.9,443.6
50.6,87,drama,2488,67.1,242.3
87.1,118,drama,2461,88.3,326.24
12.9,160,horror,682,87.3,164.56
265.0,142,comedy,1427,3.5,521.25
183.4,128,comedy,4446,29.7,459.42
210.9,154,action,1665,83.5,548.53
190.7,132,action,2550,97.4,527.81
193.5,130,horror,1769,93.9,503.02
283.3,85,drama,4392,16.3,632.19
118.5,140,horror,2263,59.2,337.47
155.2,143,scifi,1858,35.6,410.77
143.7,128,scifi,1384,32.1,388.61
197.9,123,drama,2911,90.8,534.34
80.4,150,action,3662,76.9,370.55
225.0,126,action,711,83.2,576.02
46.0,76,drama,886,30.2,140.63
157.1,110,comedy,3650,35.6,381.73
22.5,168,drama,4137,38.7,198.18
73.9,77,scifi,515,77.0,251.83
175.9,154,horror,2116,90.8,432.46
14.0,106,drama,1529,34.5,118.93
241.3,117,comedy,3510,20.0,515.83
74.3,131,comedy,2853,20.1,236.91
70.9,122,drama,589,44.3,174.61
143.9,161,scifi,2434,39.6,367.93
26.4,133,drama,4444,8.4,149.47
21.0,117,comedy,1915,73.5,198.68
172.3,179,action,1572,33.9,412.44
93.3,77,comedy,2610,81.8,295.51
150.8,119,action,4455,84.1,502.14
282.7,104,action,2226,10.4,629.66
50.9,142,comedy,2602,28.9,210.05
39.1,156,horror,2647,81.0,200.25
19.2,76,comedy,1051,27.3,93.5
158.6,176,action,980,5.7,341.74
234.0,86,scifi,1842,34.8,548.79
164.5,143,horror,2024,17.2,315.14
231.0,146,horror,4221,84.4,588.48
212.7,121,drama,2051,26.8,457.59
246.9,77,comedy,3084,41.2,546.22
149.9,173,action,3006,50.6,411.61
158.1,125,horror,1424,11.4,306.2
276.0,107,scifi,2552,58.7,676.11
136.7,179,comedy,1149,91.2,400.01
298.7,136,horror,2841,67.4,659.54
67.9,179,drama,1684,70.9,282.82
14.6,120,comedy,2170,43.2,154.29
45.3,104,scifi,2019,13.1,219.77
31.0,110,comedy,3800,79.4,238.65
69.0,151,horror,1928,34.8,239.9
118.1,132,action,1911,88.6,371.07
288.5,94,action,1589,26.6,606.26
248.9,139,drama,1900,11.2,520.46
109.7,89,action,1760,80.1,371.21
8.0,137,action,4090,52.6,188.28
75.8,136,horror,2889,18.0,242.32
29.1,108,action,670,53.8,147.49
103.0,123,horror,862,47.6,257.38
172.5,135,action,1470,46.2,408.17
78.6,93,scifi,2939,96.1,344.14
250.6,75,drama,3491,99.6,585.97
216.8,176,scifi,3273,51.6,520.02
140.4,124,horror,1296,65.2,370.81
49.7,131,drama,1376,43.1,187.56
51.8,100,drama,1303,15.6,156.68
21.4,100,comedy,1266,63.1,153.43
299.1,101,comedy,3885,87.7,761.07
57.8,83,scifi,826,97.2,284.24
287.3,136,drama,3718,15.9,644.24
121.6,139,scifi,3683,92.3,436.62
291.1,135,drama,3625,72.1,707.85
82.6,87,action,2761,56.4,313.56
31.5,153,comedy,2543,59.5,184.44
21.4,105,scifi,694,25.4,180.28
248.2,135,scifi,3304,13.7,541.18
258.9,114,comedy,3436,97.1,634.1
137.5,173,comedy,2271,75.0,405.49
170.3,118,horror,3342,76.9,495.89
278.7,136,drama,1487,36.3,566.83
192.0,129,drama,1634,55.5,488.11
102.6,108,scifi,3616,20.7,320.59
44.7,93,action,2766,66.9,257.63
153.0,141,drama,3184,70.8,438.48
214.9,125,drama,1122,98.8,552.0
201.6,174,comedy,3527,49.2,525.85
139.4,126,comedy,2487,38.8,373.47
268.4,126,action,891,5.0,540.34
211.9,103,scifi,3452,85.0,584.27
223.3,124,horror,2967,55.9,495.16
72.5,115,action,3674,96.3,327.64
207.4,122,horror,1829,36.1,455.08
54.2,110,action,1408,51.2,224.65
85.9,100,drama,2287,49.5,253.28
201.6,146,scifi,1471,87.9,560.68
260.1,99,scifi,3330,69.3,685.92
65.9,85,comedy,1367,31.8,176.58
142.5,173,action,506,51.2,334.55
205.9,168,horror,698,94.0,532.76
34.9,121,comedy,2141,84.8,247.88
122.9,138,comedy,4261,97.4,454.08
224.3,141,drama,3321,70.4,554.24
242.0,121,drama,2341,77.7,579.82
69.1,174,scifi,1847,42.4,241.28
103.5,172,action,1543,34.1,303.64
111.3,161,scifi,1749,42.8,337.86
113.0,79,drama,3934,47.5,335.08
68.9,101,drama,3071,81.5,269.49
115.2,166,action,2805,6.1,309.25
272.9,158,scifi,3631,17.5,647.45
290.7,79,action,3753,75.4,688.72
104.4,85,action,4106,24.8,311.31
44.7,103,comedy,3561,88.1,240.22
268.0,125,drama,1264,34.6,511.86
3.6,167,action,2322,52.7,165.86
229.9,111,action,610,86.5,584.86
205.9,115,comedy,3621,43.0,533.58
102.1,160,horror,3373,39.4,349.13
289.2,127,action,3790,89.2,716.24
117.7,164,horror,2356,36.3,307.05
109.1,75,action,3139,65.4,369.25
144.8,151,action,2592,99.0,442.99
31.8,172,scifi,3548,41.5,257.13
171.3,116,drama,2251,41.6,413.55
161.5,169,scifi,1862,83.4,453.05
147.4,158,action,2538,84.2,449.26
235.2,168,drama,2498,81.1,543.18
250.4,112,drama,3906,27.0,548.35
79.7,80,scifi,2971,54.2,330.81
197.2,95,action,3402,2.0,506.99
298.0,147,action,1326,12.0,619.13
147.4,119,comedy,1851,12.7,343.29
161.8,165,scifi,1673,88.7,450.3
22.3,76,scifi,1795,24.7,162.84
9.9,179,drama,4090,93.8,210.11
262.6,122,action,1586,79.1,618.63
248.8,165,scifi,4122,13.2,560.28
107.1,77,comedy,3217,54.0,342.3
161.3,162,horror,1355,50.3,384.23
178.2,162,scifi,3745,72.1,505.03
266.8,178,drama,1096,38.5,576.78
260.3,157,comedy,1503,40.8,552.72
167.3,152,drama,790,26.3,349.89
203.0,87,action,1124,62.4,481.76
70.7,153,scifi,3358,96.9,352.31
108.4,111,horror,1579,40.0,273.71
138.5,157,action,1879,76.0,401.87
21.6,149,action,2161,20.3,146.99
9.9,84,comedy,2166,9.0,101.56
128.1,138,horror,3136,72.6,358.45
191.7,123,horror,1175,20.0,392.93
60.2,153,action,2286,76.0,315.84
63.0,114,comedy,3938,27.3,279.57
242.0,94,horror,4015,23.2,532.5
226.8,87,comedy,4279,5.5,531.96
137.5,93,comedy,850,94.5,385.29
104.7,103,comedy,3126,72.9,356.77
297.1,91,action,1289,57.5,658.05
114.4,76,comedy,3246,18.9,317.09
173.7,84,drama,545,6.8,298.99
201.8,118,comedy,2170,28.5,430.73
158.8,109,horror,3790,25.3,354.94
177.7,80,horror,3048,88.9,506.08
42.7,79,horror,2753,74.5,237.31
83.2,108,horror,4377,87.3,327.78
6.9,93,horror,4189,82.6,183.24
277.0,165,comedy,1916,58.8,583.34
82.1,172,action,4021,64.9,338.4
299.0,143,comedy,788,87.8,666.28
70.5,176,horror,945,48.4,211.08
72.6,106,drama,2025,99.2,342.96
219.7,86,comedy,3335,98.6,614.78
87.0,146,drama,596,23.8,180.25
224.0,165,horror,3768,51.5,516.93
57.7,156,scifi,3861,52.5,303.28
180.2,79,drama,4469,1.4,402.04
170.1,158,horror,2853,78.4,457.78
16.6,121,scifi,1498,78.1,212.51
126.8,132,scifi,1448,22.6,382.89
250.1,122,comedy,3035,57.6,625.39
274.2,133,drama,1791,71.6,617.81
74.4,118,drama,2939,20.3,198.65
96.7,103,scifi,674,92.1,336.07
181.6,137,drama,1528,69.4,405.61
161.5,86,comedy,2784,41.8,451.64
103.8,101,drama,2558,23.3,277.53
264.5,143,scifi,3285,50.3,652.73
242.2,111,scifi,4062,17.6,608.56
299.5,103,comedy,975,74.7,719.28
23.7,167,comedy,3204,92.4,262.68
161.7,112,scifi,3820,67.1,493.99
267.3,110,action,2650,53.8,623.79
248.0,89,drama,3214,41.3,550.74
45.6,81,action,657,4.5,115.75
7.2,103,action,663,60.7,115.21
286.1,100,horror,2568,98.7,664.94
138.4,134,drama,2556,89.8,433.0
10.3,85,comedy,2856,76.8,163.86
140.5,113,action,3067,66.3,413.12
202.8,126,horror,1171,43.6,407.23
137.0,82,drama,879,87.4,333.8
259.8,113,drama,630,83.9,553.12
111.4,173,scifi,573,61.0,323.59
262.2,166,horror,3599,95.1,641.18
146.4,79,drama,4343,11.1,379.53
247.9,162,horror,3963,81.7,617.96
213.1,134,scifi,1969,55.9,546.29
75.2,144,comedy,2521,57.4,278.18
174.2,148,comedy,671,2.7,342.69
34.0,102,horror,4496,98.7,283.36
21.4,111,action,3418,41.9,199.73
169.4,128,comedy,2030,61.3,403.42
111.3,167,drama,2689,56.0,331.18
215.6,175,drama,960,15.7,438.74
50.6,155,drama,2644,34.0,183.66
53.1,148,scifi,2244,80.7,282.84
153.7,100,action,664,48.2,396.83
278.2,163,drama,4443,6.4,613.02
204.0,101,comedy,1027,10.9,412.3
286.0,93,action,2238,40.8,623.22
125.7,75,scifi,4284,81.6,431.17
98.3,135,action,1412,43.0,297.51
14.2,82,drama,1173,58.5,124.7
78.6,105,scifi,1283,94.6,308.26
22.8,153,action,1369,38.2,133.98
121.3,134,comedy,4171,49.3,352.3
106.9,106,drama,1361,54.3,319.83
78.2,148,horror,2461,62.7,276.54
26.9,158,scifi,821,11.8,138.16
144.4,129,comedy,3954,68.9,408.53
150.6,101,horror,1059,66.1,364.99
244.9,114,action,1874,95.6,639.58
103.3,146,action,3063,15.7,329.13
39.5,168,comedy,3421,99.4,287.43
8.3,140,comedy,2644,60.0,129.63
146.5,165,horror,593,74.3,366.39
59.0,171,horror,2458,98.0,255.28
149.2,178,comedy,2873,35.4,390.39
117.3,95,action,2080,59.3,349.37
31.0,103,drama,3434,77.9,178.62
57.2,120,horror,2585,3.2,155.02
230.4,81,horror,2828,23.5,476.61
260.8,95,action,1084,47.0,565.86
138.1,178,scifi,2964,11.6,388.04
15.3,129,drama,957,35.9,116.85
217.6,129,drama,1478,81.6,489.4
224.3,117,action,2837,19.7,508.49
155.0,152,drama,2791,93.9,465.67
20.8,102,action,4075,64.6,232.49
174.7,161,action,1656,1.1,429.99
219.1,104,horror,532,10.5,410.54
274.7,173,action,1408,62.7,615.81
127.1,103,drama,4312,93.7,404.24
235.5,158,horror,2035,50.5,502.88
86.4,89,horror,4407,11.2,240.74
104.1,156,comedy,893,14.4,236.51
136.5,160,drama,794,30.1,294.79
129.8,102,comedy,4312,52.1,387.95
189.5,129,comedy,1761,25.7,417.51
191.7,157,action,887,45.0,439.65
292.7,111,action,596,39.5,628.73
13.3,112,drama,934,71.6,141.93
284.3,90,action,4386,17.6,661.89
136.1,110,drama,3912,52.5,395.09
82.5,111,scifi,1385,89.5,340.0
219.2,164,action,2148,20.2,492.5
119.2,168,drama,3869,64.9,359.34
199.7,170,action,2804,51.6,467.52
150.3,153,action,701,48.8,398.39
205.4,105,action,1273,91.6,534.94
169.5,158,comedy,3666,91.7,529.93
58.8,123,scifi,1357,99.7,304.33
248.4,100,drama,2140,83.4,584.07
269.8,156,horror,1523,52.7,574.84
240.8,178,scifi,2551,93.8,614.47
241.0,97,comedy,2254,69.6,562.32
214.8,86,drama,836,82.3,496.3
160.4,174,drama,2723,15.2,366.18
239.4,176,action,4133,37.8,592.81
24.5,128,scifi,2392,91.2,254.5
172.4,163,action,2388,25.8,430.01
49.0,97,scifi,3001,27.1,217.88
208.5,109,comedy,1810,85.9,533.23
39.2,148,action,547,29.3,127.74
36.3,129,action,1777,58.0,220.43
190.3,145,action,3241,56.1,531.84
54.1,170,drama,2421,74.2,268.89
190.7,81,drama,2850,79.5,511.36
5.7,128,drama,2559,63.7,159.82
188.8,136,horror,804,10.0,356.76
154.9,152,comedy,582,20.5,330.71
94.1,138,action,674,61.3,281.01
281.2,176,action,4185,52.1,685.84
166.3,93,comedy,2937,78.1,481.97
151.4,83,action,3105,84.7,483.15
274.6,144,comedy,3061,42.1,626.28
121.8,151,comedy,974,21.2,278.51
277.5,138,drama,3126,67.7,625.29
53.3,129,comedy,4201,23.7,245.14
26.1,151,action,1783,39.8,167.36
110.7,138,comedy,2603,77.1,297.1
14.5,125,scifi,4241,47.1,249.99
133.1,135,horror,3352,9.5,291.77
4.2,175,comedy,988,93.4,177.1
123.9,101,comedy,3124,31.6,349.01
120.8,165,horror,987,26.8,277.27
242.0,82,comedy,1119,49.3,553.36
43.7,172,action,2063,83.4,244.01
63.4,135,action,1336,40.0,246.82
259.2,155,drama,3149,67.0,597.7
208.6,174,action,576,83.4,522.31
55.1,122,comedy,830,56.6,200.12
208.8,106,comedy,1711,76.9,534.23
243.8,136,scifi,4208,21.2,602.82
76.7,111,comedy,1196,57.1,259.71
64.7,116,drama,4362,21.6,223.22
113.2,100,action,3753,58.1,396.64
78.7,91,comedy,3105,8.8,217.19
256.6,143,action,4373,33.6,559.14
198.8,95,comedy,1705,41.6,466.86
266.5,162,drama,1939,39.9,559.74
269.7,177,scifi,3652,1.8,635.22
208.6,144,action,2747,98.1,583.66
26.7,167,drama,2236,99.4,234.29
87.6,110,scifi,720,97.0,347.76
17.4,121,action,3396,11.2,167.13
113.4,126,action,2639,83.7,384.14
259.3,94,scifi,861,52.4,616.83
9.6,165,horror,3468,27.6,88.03
148.9,87,scifi,3205,9.4,386.22
264.8,103,scifi,3736,41.4,637.07
121.8,98,drama,1146,32.5,291.79
261.3,115,comedy,546,4.3,499.06
48.4,129,comedy,505,11.8,102.76
257.0,78,action,786,96.2,618.18
243.5,139,comedy,691,88.7,579.66
230.6,129,scifi,3294,28.0,561.62
169.1,132,drama,1507,86.6,446.13
91.6,108,horror,1855,9.2,210.34
234.9,124,drama,3354,40.4,521.66
152.2,165,action,3211,53.7,449.71
216.6,130,drama,2122,24.5,444.94
114.6,169,horror,1824,97.6,352.84
138.5,103,comedy,1593,50.9,338.96
115.2,86,action,1369,87.8,378.67
280.6,148,drama,3007,74.0,627.52
256.5,108,drama,2486,59.3,571.57
229.6,78,comedy,1194,18.8,458.71
43.4,146,drama,1668,66.7,188.18
75.6,76,action,3964,19.8,293.38
158.9,117,comedy,669,44.0,357.85
80.0,125,scifi,1716,69.0,316.91
236.3,80,scifi,4158,3.8,554.35
213.2,119,comedy,1874,76.4,505.89
11.7,105,drama,732,97.6,180.03
113.1,173,comedy,1570,86.7,333.35
245.5,83,horror,1401,47.7,512.78
245.1,146,drama,1484,29.3,515.78
188.4,152,comedy,2215,35.4,426.7
258.4,115,scifi,1792,95.5,666.69
111.0,166,comedy,2905,51.5,327.08
245.5,165,comedy,1804,87.9,609.41
95.8,78,drama,3195,51.6,294.79
239.7,103,horror,4497,16.6,514.99
212.1,168,scifi,1910,27.0,517.43
56.9,126,comedy,3503,92.1,284.77
295.4,116,action,1975,54.2,647.08
182.7,143,drama,3940,32.6,440.55
43.8,139,horror,3097,45.5,155.62
72.8,111,comedy,731,10.0,166.3
169.0,119,drama,3956,5.5,370.98
199.1,111,horror,2400,88.1,509.61
215.3,95,action,1456,84.3,544.37
223.2,115,horror,2963,12.3,505.13
190.8,81,comedy,1073,51.2,446.46
139.4,172,horror,3183,29.1,350.13
259.7,171,scifi,3474,19.3,563.76
119.3,146,scifi,739,99.9,411.81
89.5,88,comedy,2073,27.6,255.13
242.6,91,comedy,2188,20.3,526.64
13.4,95,comedy,3895,31.8,147.87
152.9,83,horror,1895,11.8,314.71
160.4,179,scifi,2466,95.1,481.18
37.8,116,scifi,4283,67.7,288.26
124.0,146,comedy,3394,40.8,360.8
174.6,174,horror,3674,33.3,422.76
10.9,161,comedy,3739,94.1,257.07
94.9,137,action,3996,43.8,345.88
92.0,176,action,912,9.0,228.53
136.6,166,scifi,3389,55.2,439.11
13.3,117,comedy,3255,47.4,169.18
189.5,165,comedy,2582,96.1,540.95
33.7,121,drama,4407,78.0,246.58
108.7,75,action,2551,77.9,384.19
53.2,129,horror,2381,44.9,198.03
12.7,94,comedy,3901,56.8,185.61
207.3,145,scifi,817,14.2,473.44
265.0,77,drama,1336,11.0,522.48
285.0,87,scifi,1083,51.3,651.98
222.6,177,comedy,802,44.0,491.42
187.7,97,scifi,847,21.8,449.32
201.8,79,action,1808,81.8,546.65
227.0,160,horror,4246,30.9,504.21
136.0,122,comedy,3010,32.6,320.72
206.2,77,action,1962,77.4,542.66
198.5,76,drama,2515,71.3,506.37
229.1,95,drama,1500,20.0,485.24
48.3,125,comedy,4105,50.9,246.53
2.5,79,drama,3355,28.5,114.76
264.7,165,drama,971,27.1,527.47
69.3,139,action,2069,81.9,328.43
210.4,109,comedy,2498,42.8,480.49
148.6,124,horror,642,55.2,348.16
144.4,140,comedy,2981,72.6,444.58
299.6,163,comedy,746,17.1,571.46
94.4,80,comedy,2429,7.5,216.79
262.9,132,comedy,4435,30.3,582.39
151.7,172,action,3725,27.2,418.23
110.9,151,scifi,2143,91.3,386.36
185.5,164,drama,774,16.6,366.62
128.7,150,horror,2226,21.9,288.12
112.9,88,comedy,4419,56.0,367.28
247.4,156,action,4485,40.6,641.3
145.4,78,action,2471,87.3,468.44
103.8,85,comedy,1890,30.8,292.45
112.9,174,drama,2661,98.2,348.58
255.2,166,comedy,2161,92.5,604.09
78.2,95,action,1824,89.3,312.06
261.1,142,horror,3362,91.5,650.41
152.5,132,comedy,2784,5.2,359.63
243.3,168,action,4018,22.6,578.2
262.6,75,drama,2319,10.2,510.08
271.5,110,action,3831,27.8,586.64
234.3,125,comedy,3533,57.8,568.57
86.4,114,comedy,2792,21.0,232.87
250.6,118,comedy,2818,15.1,537.1
296.0,121,horror,1649,80.2,686.99
222.9,160,action,3577,30.7,555.1
20.9,94,scifi,1956,91.0,235.2
107.0,153,action,1170,72.4,343.4
38.4,94,horror,3915,48.4,240.98
187.5,167,scifi,4262,22.9,485.33
101.2,93,drama,3292,25.7,289.01
234.3,143,action,3771,7.3,536.39
261.6,101,drama,2524,34.6,536.1
284.0,129,drama,1867,6.4,567.49
2.4,90,drama,2385,72.2,156.23
115.6,128,action,1760,11.3,268.55
129.0,92,comedy,784,32.5,252.92
153.0,148,scifi,1484,8.2,376.89
184.2,143,action,4028,77.6,504.12
258.2,129,action,1916,88.5,634.51
280.7,132,scifi,2166,10.3,600.7
79.7,133,horror,1616,24.8,193.27
9.1,109,action,1750,88.5,220.43
112.1,94,action,3829,55.2,367.2
17.7,177,drama,3866,54.3,168.83
164.5,170,comedy,3546,26.8,407.48
241.2,80,drama,3189,61.2,609.59
120.6,155,comedy,2207,39.4,340.66
72.8,172,action,3645,29.2,293.45
250.6,163,scifi,3220,81.4,665.97
53.8,81,comedy,1599,55.5,210.89
169.5,146,comedy,875,99.3,484.19
39.7,165,action,837,39.0,167.3
61.6,149,comedy,3604,76.4,293.46
215.0,168,drama,3829,70.7,542.1
56.4,79,action,3497,51.5,246.6
130.6,127,scifi,3636,33.4,363.48
14.0,83,action,1105,11.4,111.95
68.6,150,drama,1189,31.2,213.49
168.6,132,drama,1074,93.6,453.01
285.1,149,drama,1056,81.1,608.62
121.1,151,action,1947,94.7,386.1
122.9,123,scifi,2790,32.3,326.51
132.6,142,scifi,3252,27.5,360.4
97.4,139,drama,2609,88.4,329.8
109.8,133,drama,537,38.7,281.47
22.7,96,horror,4105,16.4,142.29
175.4,121,comedy,902,44.2,388.69
290.3,114,action,617,39.2,615.84
215.7,108,comedy,2944,44.1,514.94
90.5,115,action,795,9.0,224.41
27.4,108,comedy,3606,4.3,128.26
189.5,118,scifi,4422,70.9,558.21
251.4,87,action,1233,78.8,626.92
141.7,149,action,4486,74.1,448.12
48.8,79,action,3488,1.2,186.44
12.9,77,scifi,1125,45.5,126.98
116.6,164,action,2744,93.0,391.58
179.1,154,drama,2283,55.4,438.89
203.4,121,horror,2872,28.0,413.85
206.7,82,drama,2963,9.6,456.32
63.0,172,comedy,1737,74.6,267.21
234.2,130,comedy,3284,99.0,658.32
278.6,130,comedy,1803,30.7,582.83
269.5,96,drama,3726,2.8,560.72
230.2,173,comedy,3237,4.5,489.09
57.1,85,action,4052,49.6,276.33
123.4,133,comedy,3826,47.1,415.93
293.8,145,horror,3073,79.2,681.86
44.8,98,drama,611,24.0,82.25
175.2,139,drama,4357,69.0,482.73
71.4,141,comedy,2905,38.0,243.51
136.4,170,comedy,2315,33.9,345.57
65.4,101,drama,1759,20.9,160.39
242.6,82,drama,3788,5.4,509.43
85.9,97,scifi,3499,42.3,332.0
222.5,158,action,622,88.8,589.79
73.6,106,action,2257,5.6,199.71
263.4,152,drama,2917,4.7,549.71
156.1,109,drama,3901,9.7,360.35
102.7,157,scifi,3647,38.2,319.33
262.7,91,horror,3820,52.1,631.21
247.8,145,action,3374,23.7,583.26
88.0,84,drama,4164,76.7,328.5
280.8,149,scifi,1455,87.6,696.33
299.6,75,drama,2953,85.2,711.03
133.8,155,drama,4432,97.8,428.5
195.4,161,comedy,659,13.6,390.23
248.1,111,drama,3799,36.3,571.62
273.1,111,comedy,4264,45.0,662.52
102.1,160,action,2103,76.3,332.29
58.7,155,action,737,27.9,203.51
117.4,140,comedy,2396,39.9,316.79
49.3,105,comedy,4000,28.8,195.72
211.5,125,comedy,2159,45.3,475.4
24.3,154,comedy,1488,5.0,75.7
282.8,145,scifi,3542,36.7,676.56
294.4,158,drama,1057,70.6,642.61
212.6,104,drama,4230,84.4,565.84
242.5,136,comedy,4194,40.9,583.53
182.4,138,comedy,1149,3.1,379.95
27.2,160,horror,2423,48.5,143.74
116.3,114,comedy,2476,13.6,294.81
191.5,174,action,3647,14.2,470.02
130.0,151,drama,4345,17.0,345.51
271.6,85,drama,2314,95.2,671.75
187.4,87,drama,1467,95.9,477.84
49.4,146,comedy,2001,86.7,274.15
264.6,133,drama,4055,26.5,585.14
238.4,123,action,2722,1.1,512.35
288.0,149,action,4496,69.7,726.6
230.9,90,drama,1089,42.8,477.07
284.6,85,drama,919,29.6,568.54
143.8,172,scifi,1581,96.9,452.51
266.2,145,comedy,4236,64.5,658.71
198.2,150,action,1304,75.8,492.71
159.7,146,action,2301,9.4,389.98
56.6,166,action,1906,24.2,181.38
226.0,95,horror,1457,26.6,513.33
17.1,158,action,2523,54.2,189.86
240.1,132,action,3960,53.0,631.08
273.4,132,drama,3717,23.9,586.54
248.3,149,drama,3487,20.1,562.34
272.8,162,scifi,2907,1.4,556.93
16.1,120,comedy,3275,6.2,121.84
241.2,116,scifi,3892,29.1,577.84
259.7,175,drama,2895,58.2,626.46
231.8,160,horror,646,72.6,490.05
65.5,168,drama,2815,54.1,215.4
82.4,80,scifi,1862,51.6,318.36
219.6,86,horror,2222,30.9,482.1
221.5,107,drama,1124,34.8,444.59
55.4,120,action,1328,84.0,250.44
12.3,102,horror,1099,72.6,142.47
263.7,166,action,2809,77.7,683.99
136.0,131,comedy,3208,45.0,392.54
8.0,124,comedy,964,19.5,93.07
107.5,122,drama,4162,32.0,354.77
122.9,150,drama,535,19.0,269.26
16.1,104,action,2147,54.3,172.05
297.5,89,comedy,1962,68.9,687.61
183.4,120,action,1572,2.4,411.78
27.8,133,comedy,3826,49.5,166.09
245.6,92,action,2935,57.6,622.86
86.6,76,action,3991,35.9,324.07
296.2,101,action,2511,91.7,720.82
53.8,125,horror,2391,54.6,169.61
44.5,166,drama,1628,57.1,185.88
135.8,120,drama,2360,83.7,384.75
111.5,83,horror,3148,9.9,263.27
138.7,80,action,2661,90.7,456.16
103.7,105,comedy,2806,63.1,340.81
145.5,112,action,2603,62.2,378.61
40.2,85,comedy,681,2.5,132.42
207.9,100,comedy,1679,9.1,468.96
110.8,133,drama,3706,91.2,398.94
101.4,119,action,692,77.6,339.26
150.8,80,comedy,4406,19.5,353.57
295.3,153,horror,1463,92.1,632.71
69.9,156,action,1662,75.5,296.96
33.8,177,action,3274,29.2,209.41
280.8,120,drama,4049,35.6,633.39
17.6,173,action,3426,31.1,139.11
32.5,147,drama,952,57.3,116.27
23.6,161,horror,694,66.1,138.84
29.2,80,comedy,1625,51.1,137.97
78.1,172,scifi,3194,74.4,335.91
230.1,178,horror,1081,58.0,486.27
224.4,161,horror,4395,53.8,522.59
29.8,146,horror,2244,93.5,261.67
35.1,138,action,2053,12.8,161.52
42.8,151,comedy,2323,13.3,152.6
50.1,167,comedy,2712,33.1,201.44
230.0,87,action,964,79.0,550.16
100.8,103,action,763,30.1,262.09
134.4,156,action,1533,24.7,303.94
151.1,165,drama,1726,99.0,440.44
134.4,100,comedy,2836,14.4,331.83
56.0,106,action,2378,46.3,241.52
81.4,153,action,2523,14.7,244.02
39.7,112,action,1898,93.8,255.12
1.7,165,horror,2798,52.6,135.74
146.4,109,action,4496,17.3,401.19
169.6,167,horror,2543,24.1,381.16
48.9,95,action,3138,3.4,152.99
208.0,105,comedy,695,30.2,380.98
97.2,175,action,1867,27.8,252.89
16.3,157,comedy,1637,89.1,190.45
220.5,90,action,2350,42.2,519.02
195.4,169,action,2808,57.2,502.95
66.0,129,comedy,2926,23.3,181.55
207.1,105,action,3331,91.1,542.74
210.7,146,scifi,4208,77.2,577.15
268.3,149,comedy,3946,3.2,615.0
255.6,119,action,1704,28.5,546.73
242.7,138,comedy,3625,12.1,550.88
258.2,111,comedy,2564,11.9,528.49
23.1,147,comedy,4282,52.5,182.04
186.1,109,action,2876,82.1,512.18
113.0,163,scifi,3122,53.3,403.15
99.6,151,comedy,3151,73.1,325.91
87.8,104,action,1956,52.8,282.21
73.8,90,comedy,4276,59.0,290.14
174.6,75,drama,1420,79.9,439.72
202.6,119,horror,2580,59.9,442.67
101.2,94,horror,4291,19.1,284.07
192.4,103,drama,1506,95.2,514.94
251.2,107,drama,2329,39.4,565.38
211.0,118,action,1461,67.1,512.13
158.3,112,comedy,3644,34.4,410.13
179.1,86,action,683,28.1,415.58
47.5,122,drama,4357,56.6,247.07
49.2,130,drama,1902,56.1,202.33
154.6,99,action,4146,7.8,416.97
277.1,89,scifi,3892,68.0,698.73
218.8,125,horror,3054,70.0,551.34
273.4,144,drama,653,29.8,530.29
138.2,170,action,2862,0.7,347.54
121.3,78,action,1209,35.3,353.12
284.5,109,comedy,1100,79.2,677.58
59.7,80,action,2064,71.9,305.25
65.6,147,horror,4126,40.6,255.73
151.3,117,action,3296,31.9,404.82
273.8,104,comedy,2943,12.4,597.64
117.1,141,horror,3074,66.1,336.08
21.2,75,action,1305,66.8,192.83
286.9,86,drama,1260,29.7,545.05
17.2,138,scifi,2679,6.9,144.73
268.9,177,horror,3942,97.2,690.65
263.7,146,action,2628,17.4,577.17
218.7,136,horror,1607,38.7,456.98
55.8,106,horror,1580,94.5,281.8
272.5,135,scifi,3061,52.4,665.35
194.0,173,action,1779,34.3,477.85
13.9,105,action,3137,15.5,155.03
268.0,103,action,910,99.9,656.78
108.8,163,drama,1308,59.9,327.89
250.5,152,drama,1373,34.8,535.95
247.9,153,horror,4155,71.5,614.56
282.8,176,drama,1614,75.5,649.81
104.2,116,horror,1685,75.3,310.35
15.2,123,action,2708,71.3,176.5
233.5,158,action,3052,35.3,562.91
188.6,134,drama,4130,24.1,446.96
194.5,150,action,4234,79.1,590.3
253.5,141,drama,3661,21.7,563.75
141.5,101,action,3252,9.8,351.56
56.9,119,drama,1465,48.9,169.52
84.7,123,drama,1306,92.7,269.45
188.6,163,action,548,31.3,409.87
208.3,107,drama,4295,99.7,573.52
131.6,136,action,3871,38.9,389.1
121.7,152,horror,3527,49.3,328.92
129.8,161,drama,2084,59.1,316.02
274.8,153,drama,2651,49.9,651.55
257.1,124,comedy,1236,57.8,572.34
142.1,122,drama,3737,99.6,448.73
53.6,102,drama,553,86.6,193.12
269.8,90,comedy,1394,25.5,588.96
32.3,143,comedy,556,4.5,83.18
293.9,137,scifi,2855,41.0,668.13
274.0,109,horror,1838,11.7,553.58
270.9,170,drama,4178,84.2,712.16
34.5,121,drama,1670,70.4,179.21
233.1,127,scifi,2452,77.5,601.86
204.6,100,comedy,510,70.6,492.85
188.6,156,comedy,1184,73.1,474.33
125.8,162,comedy,3334,52.8,349.67
98.4,89,action,1437,80.0,313.73
186.2,104,comedy,1305,35.6,416.24
254.0,169,comedy,2207,34.0,519.71
176.4,98,comedy,805,45.1,389.3
23.4,120,action,3278,86.7,250.61
274.9,79,comedy,4366,99.8,712.87
116.6,78,horror,3187,26.4,317.01
47.0,92,action,1141,92.6,259.49
30.6,110,action,3870,87.4,271.09
224.8,161,action,1896,40.5,536.97
26.5,117,drama,510,18.5,89.81
266.9,169,comedy,3810,51.9,640.12
246.4,87,comedy,2246,51.0,569.55
155.2,143,drama,1372,37.8,364.05
54.6,84,horror,3493,29.8,212.31
179.0,94,action,1418,76.7,479.09
109.5,94,action,2731,41.7,322.67
238.3,98,drama,3498,68.8,572.29
165.7,143,drama,873,8.4,331.26
83.1,123,comedy,559,95.6,310.07
201.0,103,scifi,4388,83.8,621.53
125.4,165,comedy,1645,23.3,285.15
144.2,112,scifi,1256,52.1,413.38
163.3,158,scifi,2118,41.9,401.36
258.2,153,comedy,3774,18.7,608.88
217.5,114,comedy,1222,69.1,495.18
4.0,134,comedy,689,44.9,78.06
216.3,179,action,1466,46.0,511.68
24.1,136,horror,3459,42.1,167.01
40.9,124,action,2960,56.0,247.32
142.0,127,action,1577,38.6,380.98
10.6,116,scifi,2778,16.1,140.21
104.8,117,comedy,2604,38.6,289.75
56.8,141,action,3003,63.6,320.88
12.6,99,action,1310,66.3,180.49
267.8,132,comedy,2118,90.6,610.25
214.1,149,comedy,1555,3.0,419.67
281.3,88,horror,4237,94.9,682.31
42.8,86,action,4431,95.3,313.12
135.5,97,drama,3583,24.5,315.93
272.9,146,horror,1445,90.6,573.74
263.4,111,comedy,2531,91.3,674.89
10.5,147,drama,1656,1.2,43.77
8.0,137,horror,4296,3.1,112.93
197.4,94,action,2840,7.5,422.46
98.4,172,action,4358,35.5,328.58
190.3,132,comedy,3465,49.4,466.19
82.4,169,horror,1221,36.7,223.17
33.8,108,action,1204,39.5,177.79
49.0,160,comedy,792,41.0,164.11
19.1,144,comedy,2907,77.5,203.8
191.9,84,comedy,1435,29.2,465.09
255.7,86,action,2073,91.9,642.87
20.3,94,drama,1932,57.3,135.23
90.7,153,comedy,2083,87.5,351.34
148.8,167,comedy,1476,70.6,401.02
264.6,155,scifi,1110,88.3,652.05
98.2,85,drama,3457,49.9,297.67
295.0,98,action,2269,29.3,645.77
50.1,178,comedy,2331,43.3,186.73
33.6,177,comedy,2592,92.5,196.03
272.0,113,comedy,635,83.9,582.08
255.5,115,action,4484,14.8,600.79
236.8,143,action,1718,19.5,513.57
22.7,84,action,3570,15.9,163.56
6.8,141,action,1143,23.4,104.01
208.3,131,comedy,3705,41.3,509.4
18.2,174,horror,1788,19.7,80.25
61.1,119,drama,4343,79.0,282.71
41.3,105,horror,1575,61.4,192.22
93.7,89,comedy,687,28.2,272.75
141.8,168,horror,1737,59.3,362.91
243.5,136,drama,3110,18.2,530.58
88.9,75,scifi,2270,80.3,339.5
198.9,151,action,3148,65.6,500.22
4.2,171,action,4055,60.7,230.92
101.0,117,action,908,72.1,302.64
238.0,113,comedy,3573,84.4,592.3
269.4,102,action,3627,37.0,675.68
77.1,121,action,1858,80.8,322.67
144.0,175,drama,1044,81.0,403.06
79.0,85,comedy,2720,8.5,216.34
114.3,106,scifi,2197,71.4,343.23
126.1,174,scifi,557,39.5,349.3
4.1,120,drama,934,58.2,72.38
173.3,140,comedy,3635,20.7,465.69
167.1,77,comedy,1118,82.2,451.59
190.8,86,comedy,520,91.5,486.38
191.1,120,action,2165,88.0,537.39
294.8,95,action,1709,50.4,611.97
201.2,124,drama,1636,76.2,487.22
160.1,107,drama,2932,13.2,363.15
241.3,172,scifi,1644,81.4,605.68
214.4,88,scifi,2604,50.1,548.1
23.6,163,drama,1464,49.4,135.4
105.0,75,scifi,3113,99.7,404.28
175.6,107,action,2361,6.9,397.74
163.2,169,horror,2185,35.7,363.08
280.3,135,comedy,3841,16.7,600.62
217.0,105,drama,3853,16.1,492.06
262.7,154,drama,3333,3.6,531.15
69.7,141,horror,3239,10.6,184.77
36.1,139,action,1692,76.5,207.17
31.0,90,drama,3729,56.9,170.91
80.2,134,horror,3984,99.2,310.23
73.7,117,scifi,2456,4.2,193.1
217.7,178,drama,3532,30.5,533.17
231.4,145,action,1254,30.3,487.11
259.1,155,action,2551,19.4,592.62
42.1,114,scifi,2127,4.5,174.13
23.4,127,drama,1525,53.0,146.57
63.8,103,horror,1709,5.1,133.35
10.6,131,horror,2538,99.0,172.53
24.6,124,action,1387,46.2,182.34
201.1,119,horror,2680,68.1,506.69
120.9,76,drama,2620,80.0,406.75
174.6,101,comedy,1093,52.1,381.37
6.4,107,horror,3256,81.3,163.72
78.4,103,action,1550,89.8,304.27
47.8,141,comedy,1071,46.1,187.69
247.4,153,horror,3479,83.5,584.85
198.8,108,action,1449,45.5,470.48
92.3,103,horror,1031,35.0,209.88
215.2,173,scifi,1355,25.7,460.99
126.8,144,comedy,1027,9.9,234.52
110.8,147,comedy,4258,73.8,372.8
142.9,139,horror,1111,33.7,321.51
221.7,178,horror,2169,93.1,496.83
173.0,163,action,2841,13.6,409.01
256.8,90,scifi,608,93.5,625.29
147.1,164,action,2367,51.6,393.71
290.8,109,horror,1769,99.6,657.22
207.4,154,drama,2285,75.3,509.13
208.9,140,scifi,1295,53.6,534.59
201.1,137,comedy,1410,6.1,428.62
224.6,163,scifi,2174,5.1,526.03
77.7,162,horror,831,38.7,195.21
185.2,75,action,2644,0.8,417.8
80.6,98,horror,4462,15.6,295.12
155.9,135,action,543,25.9,344.6
275.5,84,drama,3095,38.0,606.59
197.1,132,drama,2055,46.2,481.73
15.4,85,horror,1084,98.3,187.6
288.6,119,comedy,2431,32.1,647.66
216.9,133,action,1184,26.8,451.5
14.6,155,horror,823,88.1,146.1
170.5,109,horror,3408,10.6,401.72
132.5,121,drama,4055,87.4,437.36
93.7,142,scifi,2398,78.2,344.22
135.1,116,action,2432,10.4,319.87
250.7,159,action,984,85.7,605.09
116.9,90,action,4489,23.7,335.15
215.2,172,horror,3070,1.6,441.7
139.3,165,comedy,4241,97.3,481.61
171.3,101,drama,3620,19.3,393.54
167.0,148,action,2351,36.7,404.35
210.4,146,action,588,88.4,554.42
104.1,140,comedy,3253,43.0,281.41
278.6,95,scifi,1067,36.4,608.95
114.3,83,drama,2127,39.0,257.67
21.5,89,action,1800,7.6,139.53
48.7,90,horror,4257,60.1,255.93
280.5,97,scifi,2008,42.8,632.55
69.5,155,comedy,2963,50.1,289.27
219.9,100,drama,1562,86.4,542.06
102.1,129,horror,862,70.2,298.36
239.5,166,action,3473,9.1,559.72
157.5,107,action,3547,15.7,402.84
272.8,172,action,2095,33.8,588.77
84.7,173,scifi,3499,64.2,336.91
51.0,81,comedy,3953,50.6,243.18
4.0,150,action,4326,1.7,129.51
293.8,78,action,2773,92.1,735.02
284.6,158,action,3589,49.5,665.37
23.1,89,action,3373,70.1,232.85
87.2,98,drama,3836,80.7,322.84
265.4,111,drama,2278,4.7,529.51
157.6,173,drama,3895,66.5,451.75
61.8,142,scifi,4038,73.5,320.64
177.6,140,comedy,2047,93.9,502.88
264.3,161,drama,4196,36.2,619.47
236.6,95,action,2058,66.7,614.7
182.8,81,scifi,3713,99.8,587.31
256.9,121,scifi,3047,14.6,551.43
117.5,84,scifi,2833,80.8,379.14
66.5,134,horror,1684,33.5,168.05
166.1,89,horror,2307,94.7,444.45
6.9,114,action,1741,1.7,73.05
216.8,115,comedy,1106,59.1,522.92
107.1,179,comedy,3554,75.9,386.86
227.1,84,drama,773,56.2,501.31
250.9,154,comedy,3244,88.9,628.37
72.5,136,action,1062,16.6,197.05
186.6,178,drama,1944,44.6,440.24
19.9,163,horror,2674,22.8,106.09
46.0,99,comedy,1955,62.8,249.69
23.3,119,action,3086,21.3,164.65
104.9,99,comedy,1396,4.3,234.53
113.7,115,scifi,3547,98.3,451.62
296.4,126,horror,3886,31.4,616.96
19.0,79,drama,2606,5.7,64.05
226.2,171,scifi,1854,47.7,579.0
144.6,144,comedy,3977,84.0,455.62
297.1,106,action,1538,32.1,626.97
125.9,131,scifi,596,96.5,384.94
102.2,106,action,4403,94.0,430.79
140.9,125,action,734,92.2,386.79
230.0,151,horror,1931,85.3,562.2
96.3,85,action,1949,55.6,300.26
46.4,176,action,865,17.4,193.15
167.5,147,scifi,3983,74.1,506.77
185.3,86,scifi,2761,36.5,458.23
237.5,140,action,1939,51.7,572.58
18.1,106,comedy,3541,27.8,154.23
90.2,83,comedy,4130,25.2,300.68
299.6,154,horror,1200,42.3,593.0
102.2,86,action,1620,31.9,305.67
49.6,94,comedy,2724,89.9,261.8
47.2,100,action,2847,65.0,244.46
110.0,147,action,1509,95.9,353.19
136.1,177,action,4260,72.7,487.21
26.8,133,action,3020,77.4,258.9
239.6,162,action,3002,39.3,600.51
146.3,148,comedy,2127,97.5,417.77
45.7,105,horror,1693,82.5,207.85
225.6,149,comedy,1886,27.9,477.03
279.1,126,action,4018,78.3,684.1
83.1,100,drama,1346,34.9,214.48
84.8,105,action,821,45.1,280.25
134.2,160,drama,2799,32.7,350.87
52.8,155,comedy,1820,62.4,205.91
110.6,147,horror,4471,39.2,316.53
129.1,162,comedy,2111,25.8,287.57
284.4,85,action,599,72.7,620.3
119.0,112,action,3413,90.9,456.62
98.9,79,comedy,1134,71.9,300.69
179.8,162,scifi,837,75.9,451.84
134.6,169,horror,3662,45.5,363.83
225.2,78,action,1383,74.8,551.03
276.1,163,drama,975,40.7,588.5
69.6,88,comedy,2935,19.7,238.28
5.7,109,drama,1117,13.9,0.5
39.4,75,scifi,1736,69.7,249.94
172.6,118,horror,2801,90.1,462.78
152.5,135,drama,1678,93.3,419.28
196.4,131,action,3556,23.6,518.37
175.2,121,action,2410,87.6,509.77
170.8,75,horror,3895,8.3,390.36
155.5,103,scifi,2215,23.4,378.53
130.2,107,comedy,2336,86.3,400.45
281.7,158,drama,3871,20.2,603.41
157.5,138,comedy,2645,27.5,369.79
60.8,115,action,2107,65.2,277.49
152.1,78,action,2366,37.4,406.38
183.5,172,comedy,3057,6.5,404.1
19.7,163,comedy,764,66.1,168.79
50.0,156,comedy,4497,22.8,220.85
42.0,142,horror,2320,45.0,208.9
100.2,134,horror,3140,77.3,294.58
185.1,128,drama,3640,73.5,489.77
79.5,102,action,2914,52.2,292.55
28.7,109,horror,591,86.5,162.78
4.2,128,action,4231,80.8,192.33
94.7,149,action,3746,62.0,329.33
262.6,137,horror,4338,60.8,638.67
260.6,137,scifi,3679,63.2,653.86
229.5,90,horror,2829,65.0,557.92
172.3,112,comedy,3820,34.1,472.0
37.4,176,scifi,992,98.8,198.35
256.2,157,comedy,3010,37.2,620.2
283.9,150,drama,2379,88.1,684.88
286.0,85,comedy,1851,33.0,657.13
258.9,175,drama,517,38.4,523.84
231.1,90,comedy,2518,22.6,508.59
179.7,124,action,4418,15.3,442.31
30.1,176,comedy,1797,23.4,155.63
169.8,85,drama,652,95.9,457.86
262.0,137,comedy,3633,82.3,634.29
244.8,147,scifi,3727,80.7,577.23
43.2,164,horror,3210,97.0,255.45
271.2,132,comedy,2691,36.2,629.88
207.3,131,action,3992,3.7,510.49
61.1,149,action,4367,26.2,282.15
227.5,162,drama,2927,17.7,481.92
150.5,116,horror,3055,9.6,368.59
26.0,168,action,3901,25.3,201.78
67.1,79,scifi,2080,10.7,220.55
168.9,89,scifi,4360,54.4,504.89
272.9,160,drama,2589,83.4,625.42
270.3,160,drama,2862,21.7,570.68
42.0,109,action,767,14.0,103.34
5.6,158,action,1518,81.6,174.22
125.0,161,drama,1648,7.0,256.03
279.8,94,comedy,4019,64.9,660.29
253.0,159,scifi,3069,5.4,575.35
288.7,155,comedy,3893,94.5,739.1
182.1,91,comedy,3209,58.3,504.16
5.1,173,drama,2722,87.6,187.18
56.7,102,horror,3632,99.0,275.84
172.6,108,comedy,2332,43.0,398.61
14.9,121,drama,2399,87.4,153.6
222.6,138,horror,3117,56.1,539.3
93.7,110,scifi,4257,93.3,412.04
68.2,107,drama,816,29.6,178.14
109.6,84,scifi,3793,12.2,302.93
89.6,170,drama,805,71.3,255.95
264.5,143,horror,3328,41.5,605.56
31.2,144,comedy,3430,17.3,153.78
14.2,147,comedy,1067,38.3,127.98
31.1,170,action,3159,29.6,191.76
41.3,161,comedy,2689,28.4,157.61
133.0,111,horror,1351,27.1,281.36
194.0,144,horror,979,44.6,425.68
145.5,137,comedy,2176,38.9,385.86
27.7,127,action,665,67.7,181.18
158.4,75,horror,3038,67.5,426.38
31.2,85,comedy,2577,14.8,174.86
20.0,77,action,2093,78.7,210.97
99.1,140,drama,4201,86.8,356.54
241.8,150,comedy,1095,80.9,576.43
100.4,83,horror,1024,21.2,187.19
126.1,175,action,1630,76.4,341.56
233.9,163,comedy,2714,22.2,521.33
268.6,166,comedy,3668,27.6,581.86
225.5,113,comedy,2761,49.6,532.47
209.5,142,action,4444,87.8,622.63
96.7,134,drama,1488,91.5,365.04
24.2,105,action,3034,8.6,163.5
133.3,121,scifi,2620,78.4,446.27
156.4,176,comedy,3184,15.2,365.3
285.7,83,scifi,859,63.9,621.28
293.0,179,comedy,3089,91.5,725.96
7.8,148,horror,2711,46.4,137.47
266.6,85,scifi,3486,20.7,632.67
141.1,88,comedy,873,48.3,333.34
290.4,127,action,1356,95.1,711.64
235.0,137,comedy,2650,84.4,608.26
250.7,150,action,3046,11.4,558.36
227.2,85,horror,3603,12.4,485.88
99.6,132,action,3357,95.7,406.04
55.6,133,scifi,2542,44.0,255.71
236.7,174,action,4055,97.1,638.71
135.0,85,action,3255,61.8,434.9
241.6,94,drama,2673,76.4,594.39
186.0,83,action,826,87.5,504.53
46.1,94,action,2180,98.4,317.47
159.9,99,comedy,3129,55.1,416.63
78.7,111,scifi,2097,49.0,318.58
273.4,144,horror,2426,19.2,554.86
254.6,149,comedy,582,7.0,504.11
57.9,96,action,3861,50.7,277.53
294.0,82,horror,2437,79.7,687.35
140.9,148,horror,1510,22.5,300.76
254.0,119,comedy,4166,4.5,549.18
117.2,172,comedy,1449,87.8,341.67
63.1,97,action,1544,33.8,227.98
64.5,145,scifi,4101,64.8,335.44
54.2,102,comedy,500,93.8,237.21
50.8,162,horror,3736,36.8,192.28
52.0,163,action,2338,30.1,244.33
3.6,120,scifi,3555,54.6,192.78
122.1,158,comedy,1587,25.8,278.68
210.8,169,horror,4328,67.7,517.5
196.3,84,horror,2618,70.0,536.61
44.4,102,horror,787,20.5,109.04
87.6,165,comedy,2477,10.3,250.87
117.4,146,comedy,1637,79.2,345.68
215.7,179,drama,2788,47.0,539.14
111.9,121,comedy,2479,35.2,304.08
225.6,175,action,2133,62.5,569.39
134.4,122,horror,1387,72.2,343.49
69.1,85,action,1425,89.1,295.39
205.8,87,drama,2310,96.9,540.51
264.9,169,horror,705,19.6,485.32
21.4,155,drama,2826,5.4,88.44
280.7,77,drama,2903,61.5,609.36
232.7,160,drama,1532,17.9,448.87
19.7,114,horror,3033,41.0,166.55
285.7,175,scifi,2954,29.9,635.16
164.0,170,scifi,1206,29.6,426.4
279.3,124,action,2303,96.1,684.45
73.7,168,scifi,2805,61.7,298.74
200.8,153,comedy,3902,10.3,492.44
18.8,130,comedy,3732,59.0,190.68
