lead_time_days,num_nights,num_guests,room_type,avg_daily_rate,cancelled
21,4,1,deluxe,417.81,0
314,10,4,standard,249.72,1
315,1,3,standard,328.99,1
77,13,5,family,459.24,0
276,3,5,family,175.44,1
327,12,5,suite,308.47,1
54,7,5,standard,221.02,1
338,4,4,standard,453.64,1
327,3,3,standard,229.16,1
175,9,3,deluxe,424.45,0
125,12,4,standard,267.34,0
167,8,5,deluxe,338.41,1
139,1,5,family,156.38,1
98,13,5,deluxe,433.0,1
25,11,5,suite,52.37,0
284,1,2,standard,250.5,1
229,7,1,family,386.12,0
356,12,4,deluxe,420.06,1
229,4,3,standard,330.62,1
3,5,4,standard,170.48,0
169,9,5,deluxe,85.13,0
281,9,4,standard,74.5,1
111,1,2,deluxe,132.29,1
161,3,5,deluxe,483.1,1
181,4,1,suite,359.7,1
107,7,2,standard,105.0,0
204,1,4,standard,420.0,1
264,7,2,deluxe,464.73,1
239,4,5,deluxe,421.13,0
191,13,3,suite,241.12,0
22,6,3,deluxe,482.19,0
168,8,3,family,194.93,0
144,7,1,standard,292.78,1
147,9,1,standard,301.1,1
156,3,3,suite,209.2,1
217,2,4,standard,100.13,0
48,11,3,standard,76.76,0
161,4,1,standard,260.82,1
158,5,4,family,363.01,0
81,2,4,family,143.18,1
339,11,1,suite,340.1,0
329,4,4,standard,132.16,1
55,3,5,standard,220.79,1
221,11,3,standard,156.12,0
55,13,4,suite,237.2,0
271,7,2,standard,145.18,1
362,7,1,standard,151.92,1
292,13,5,standard,247.38,1
277,11,5,deluxe,350.11,1
105,5,5,suite,265.87,0
129,12,3,deluxe,135.55,0
231,1,2,standard,151.75,1
167,13,2,family,451.11,1
97,13,5,suite,386.71,0
315,5,4,deluxe,343.14,1
344,6,4,deluxe,305.16,1
116,1,1,family,401.51,0
144,4,2,deluxe,109.98,0
47,3,4,suite,455.11,0
333,7,3,suite,352.61,1
155,6,5,standard,485.58,1
315,6,1,standard,413.12,1
105,5,3,family,331.75,1
97,9,1,standard,366.46,0
165,12,1,standard,70.14,0
246,12,4,deluxe,363.5,1
333,1,1,suite,229.68,1
122,11,5,standard,184.34,0
81,9,1,standard,67.77,0
189,11,5,family,180.05,0
176,10,4,standard,90.38,1
325,9,1,deluxe,195.97,1
176,11,5,deluxe,155.2,0
284,5,5,standard,451.66,1
74,7,5,family,111.16,0
294,2,4,standard,224.66,1
3,6,5,standard,472.58,0
71,1,4,deluxe,442.86,0
331,2,1,standard,205.89,1
305,3,2,standard,286.97,1
222,8,5,standard,495.01,1
32,5,3,suite,223.63,0
217,3,1,suite,364.46,1
130,5,2,deluxe,477.89,0
357,6,3,deluxe,343.24,1
142,5,1,standard,277.02,1
266,2,4,suite,455.33,0
12,12,1,deluxe,204.34,0
260,5,3,standard,451.97,1
99,12,2,deluxe,305.69,0
300,10,3,family,283.69,1
126,12,2,standard,406.26,0
124,6,2,standard,476.96,0
111,3,4,family,399.81,0
273,5,2,family,319.08,1
95,9,4,deluxe,299.49,1
305,9,5,deluxe,312.08,1
292,9,4,standard,314.1,1
340,12,4,deluxe,318.43,1
158,6,4,standard,300.96,0
115,10,4,deluxe,98.45,0
353,9,5,standard,185.03,1
280,6,1,deluxe,343.09,1
240,1,1,standard,156.45,1
19,1,2,deluxe,86.27,0
354,8,3,family,408.01,1
183,9,3,deluxe,132.61,1
53,1,3,standard,406.12,1
186,4,2,deluxe,387.65,1
229,6,2,standard,128.4,1
63,7,1,suite,400.87,0
238,2,1,deluxe,409.74,1
339,9,4,standard,182.48,1
239,2,1,suite,360.33,1
43,1,2,standard,470.32,0
268,12,3,family,341.01,0
328,5,4,deluxe,158.85,1
96,11,2,deluxe,456.37,1
223,2,1,deluxe,87.13,1
359,12,1,family,97.12,1
21,12,3,standard,98.39,0
215,4,3,standard,83.8,1
334,10,3,suite,277.99,1
289,10,4,standard,326.64,1
240,9,1,standard,277.87,0
141,5,2,standard,228.25,0
359,10,2,deluxe,382.64,1
169,5,4,deluxe,254.1,0
49,2,4,deluxe,375.73,0
72,13,4,deluxe,121.55,0
56,2,3,standard,224.88,0
100,6,1,standard,234.97,0
200,8,3,family,113.34,0
319,4,4,deluxe,52.15,1
241,4,4,suite,55.21,0
293,9,1,standard,131.48,1
79,3,2,suite,305.22,0
358,13,2,standard,171.93,0
283,13,3,standard,390.94,1
92,4,2,standard,76.21,0
228,1,2,deluxe,347.23,1
204,5,2,suite,247.45,1
297,4,2,standard,264.73,0
332,11,5,standard,382.25,1
151,6,2,standard,291.12,1
346,6,1,standard,479.88,1
73,5,2,standard,405.33,0
72,2,2,suite,132.63,0
59,7,5,family,318.99,0
262,3,5,standard,191.6,0
4,6,5,deluxe,87.14,0
272,13,4,standard,489.53,1
96,5,2,deluxe,101.6,0
127,6,5,deluxe,52.46,0
25,7,2,deluxe,142.81,0
64,4,1,standard,53.78,0
207,7,5,deluxe,212.11,0
172,5,2,standard,356.61,1
34,7,1,family,70.57,0
160,10,5,family,95.46,1
273,1,5,deluxe,317.09,1
115,11,3,deluxe,259.01,0
285,12,5,standard,272.87,1
291,2,3,standard,157.52,1
344,5,5,standard,267.69,1
80,3,4,family,60.35,0
126,1,4,deluxe,417.51,1
135,2,4,suite,331.32,1
295,3,2,deluxe,260.72,1
120,8,3,suite,60.43,0
204,12,1,standard,103.52,0
210,13,1,family,380.05,0
182,7,2,suite,78.07,0
114,8,5,deluxe,190.43,0
21,8,2,standard,385.67,0
40,9,2,family,219.65,0
49,3,1,standard,497.66,0
63,13,2,deluxe,212.13,0
98,3,5,deluxe,273.31,1
361,1,5,deluxe,263.84,1
73,3,4,standard,353.43,0
15,1,2,deluxe,486.38,0
291,10,2,deluxe,85.9,1
26,13,4,deluxe,141.94,0
13,12,3,standard,120.52,0
347,5,1,standard,266.66,1
294,13,3,deluxe,107.46,1
206,8,5,standard,157.01,1
276,12,4,standard,165.94,0
86,9,4,standard,480.61,1
67,6,5,deluxe,88.53,0
328,1,4,family,483.63,1
356,2,5,standard,200.21,1
274,13,5,deluxe,361.28,1
124,10,1,suite,328.88,0
98,7,4,standard,212.56,1
35,3,1,deluxe,118.38,0
178,11,1,standard,195.56,0
330,1,5,standard,364.83,1
249,5,1,family,308.2,1
101,5,4,standard,233.74,1
343,6,1,deluxe,287.34,1
138,5,5,deluxe,62.27,0
261,8,5,deluxe,458.4,1
235,12,1,standard,166.27,0
80,13,1,standard,217.69,1
43,6,5,deluxe,263.78,0
98,6,3,family,405.81,0
206,8,5,deluxe,433.38,1
214,13,2,standard,169.8,0
10,10,5,standard,223.13,0
361,4,2,standard,382.89,1
5,9,2,standard,368.31,0
106,12,3,standard,422.5,0
74,6,3,standard,315.02,0
65,4,3,suite,458.21,0
27,6,1,suite,350.5,0
139,3,2,standard,339.64,0
202,11,2,standard,301.44,1
196,1,5,standard,136.2,1
339,4,1,standard,221.25,1
101,12,4,deluxe,430.01,1
223,4,1,suite,435.06,1
21,4,3,deluxe,85.24,0
156,3,4,standard,353.57,1
69,10,4,standard,193.65,0
194,12,5,standard,107.9,1
14,10,3,standard,168.08,0
8,9,3,family,189.23,0
88,4,1,suite,109.28,1
127,8,1,deluxe,137.79,0
111,7,2,deluxe,465.73,0
37,13,1,deluxe,429.42,0
192,1,5,standard,284.95,1
227,4,5,standard,278.17,1
307,3,3,standard,377.8,1
329,6,2,family,323.85,1
294,7,5,standard,252.64,1
167,9,5,standard,283.96,0
153,3,1,family,127.94,0
80,8,5,suite,98.75,0
310,5,1,standard,275.8,1
317,9,5,family,337.61,1
58,11,4,standard,486.56,0
166,11,2,standard,370.18,1
115,1,1,standard,176.15,0
161,2,3,suite,387.05,0
316,1,2,family,142.57,1
113,3,3,standard,122.14,1
157,7,1,standard,250.39,0
38,13,3,suite,183.04,0
80,7,4,deluxe,424.15,0
73,1,3,deluxe,59.97,0
0,8,3,family,79.81,0
82,7,2,standard,84.56,0
161,8,3,deluxe,326.2,1
65,5,1,standard,478.12,0
23,12,4,suite,192.54,0
165,6,1,family,278.85,1
344,9,4,family,135.13,1
208,7,1,suite,237.47,0
295,1,3,suite,302.14,1
336,4,4,suite,376.95,1
297,11,4,deluxe,464.31,1
27,4,2,standard,490.52,0
45,13,4,suite,380.64,0
186,7,4,deluxe,484.31,1
202,4,2,standard,176.06,0
259,9,1,deluxe,362.01,1
213,1,3,standard,59.21,1
352,10,4,standard,413.86,1
166,12,5,standard,176.5,1
342,9,4,standard,152.42,1
67,10,3,deluxe,177.56,1
173,7,1,standard,403.3,0
53,1,3,suite,402.04,0
137,7,1,standard,228.71,0
337,9,2,family,432.28,1
282,8,3,standard,462.19,1
76,4,3,deluxe,189.61,0
177,10,3,deluxe,204.51,1
72,6,4,family,168.5,1
231,12,4,standard,217.06,1
125,11,4,deluxe,269.53,1
39,1,2,standard,432.95,1
264,10,5,deluxe,316.39,1
27,2,5,family,102.46,0
61,10,4,family,320.29,1
62,10,5,standard,456.85,0
241,9,4,standard,485.07,0
342,5,3,standard,62.96,1
241,9,2,suite,367.18,0
118,5,5,suite,343.12,1
194,1,4,standard,256.2,0
46,10,4,deluxe,132.59,0
200,2,4,standard,157.54,1
210,11,3,suite,249.11,0
179,6,2,standard,64.82,0
8,3,5,suite,199.61,0
329,8,4,deluxe,379.67,1
73,13,2,suite,176.69,0
99,6,1,deluxe,238.41,1
334,7,2,standard,88.92,0
329,8,2,standard,266.33,1
39,1,1,deluxe,427.36,0
299,12,2,suite,194.58,1
115,6,2,deluxe,158.9,0
197,13,2,standard,265.35,0
127,6,2,standard,498.02,0
355,8,4,family,332.16,1
321,2,4,suite,392.91,1
192,5,3,standard,420.82,0
154,11,3,family,290.34,1
188,13,2,standard,372.84,1
47,3,4,deluxe,443.8,0
164,1,1,suite,264.95,0
262,5,1,suite,356.9,1
93,3,5,suite,497.93,1
173,4,2,deluxe,264.18,1
213,5,4,suite,347.65,1
330,9,5,standard,216.06,1
328,2,1,standard,219.69,1
110,11,3,standard,215.66,0
342,6,4,deluxe,396.0,1
213,5,4,deluxe,465.07,1
76,5,3,suite,172.91,1
147,7,5,deluxe,345.15,0
269,9,5,standard,155.86,0
242,4,2,standard,135.93,1
291,12,1,standard,437.71,1
305,5,1,standard,363.34,1
310,13,1,suite,100.52,0
137,2,4,standard,163.96,1
20,1,1,deluxe,457.47,0
42,6,1,suite,210.69,0
137,3,3,deluxe,228.6,0
189,2,2,standard,100.93,0
253,6,1,suite,284.49,0
88,9,5,deluxe,92.71,0
165,11,1,suite,327.16,0
218,13,5,family,332.75,0
313,13,5,family,413.07,1
47,4,2,family,416.77,0
137,6,5,standard,65.03,0
224,9,3,family,105.68,1
300,6,4,standard,395.57,1
256,1,3,deluxe,152.3,1
67,6,4,deluxe,284.07,0
54,12,4,deluxe,131.11,0
199,13,2,family,372.62,0
11,9,2,family,115.11,0
349,9,5,deluxe,227.53,1
186,5,2,standard,259.29,1
244,6,2,suite,419.41,1
332,5,2,standard,212.26,1
67,1,1,deluxe,151.49,0
319,9,5,family,213.96,1
358,8,2,family,334.3,1
282,5,5,suite,469.62,1
285,8,4,family,324.0,0
207,10,3,deluxe,60.4,1
289,3,2,deluxe,137.34,1
8,12,1,suite,389.78,0
122,9,4,standard,329.1,0
148,2,2,suite,334.55,0
155,13,1,family,99.01,0
210,4,5,standard,183.51,1
189,4,5,deluxe,232.77,0
66,12,5,family,389.4,0
229,10,1,standard,353.69,1
196,11,2,standard,75.25,0
126,6,2,standard,163.98,0
118,3,5,standard,118.41,1
66,4,4,suite,71.57,0
348,8,5,suite,450.12,1
127,13,1,suite,101.45,0
208,6,1,suite,200.47,1
296,4,2,standard,370.22,1
332,4,1,standard,278.72,1
88,6,4,standard,94.95,0
56,1,5,standard,64.16,1
291,5,4,deluxe,313.17,1
90,1,2,deluxe,185.24,0
278,11,3,deluxe,479.63,1
162,1,1,family,432.1,1
103,3,4,standard,384.86,1
138,13,3,deluxe,168.13,0
52,3,5,deluxe,458.96,0
5,11,3,standard,80.22,0
328,9,1,standard,266.67,1
316,7,2,standard,190.82,1
329,1,1,suite,218.81,1
183,1,4,deluxe,170.95,0
32,10,2,suite,87.58,0
61,11,4,standard,481.59,0
263,6,4,standard,362.3,1
128,13,5,standard,494.24,0
104,1,2,standard,262.78,1
191,8,4,deluxe,187.18,0
13,1,3,deluxe,441.33,0
112,8,1,standard,55.5,0
89,4,1,standard,266.15,0
308,2,4,standard,61.22,1
334,5,5,standard,158.93,1
30,13,1,deluxe,241.48,0
230,12,2,deluxe,142.74,0
125,8,1,standard,446.64,1
353,4,4,suite,266.77,1
211,3,5,deluxe,331.68,1
106,12,5,standard,425.74,1
140,4,4,deluxe,66.5,0
203,3,4,standard,399.92,1
290,13,4,deluxe,444.45,1
136,4,3,deluxe,191.48,0
291,12,3,standard,169.72,1
36,13,2,suite,484.7,0
346,5,3,standard,187.95,1
270,11,2,standard,53.33,1
41,11,3,family,397.6,0
68,11,3,suite,78.56,0
197,13,1,standard,241.54,1
309,11,3,suite,125.57,1
112,6,2,suite,375.13,0
41,4,1,suite,282.79,0
104,7,4,deluxe,491.24,1
52,8,3,deluxe,139.71,0
299,11,5,standard,118.28,1
303,5,1,family,465.92,1
179,1,2,standard,307.26,1
322,2,5,deluxe,77.38,0
77,3,1,deluxe,92.79,0
66,10,1,deluxe,274.48,0
259,4,2,suite,141.56,1
275,5,4,family,51.17,1
39,3,2,deluxe,189.65,0
232,10,5,deluxe,400.02,0
145,1,4,suite,262.78,0
224,2,2,family,205.68,1
194,10,4,suite,114.3,0
195,1,3,deluxe,131.51,1
276,8,1,family,205.65,0
197,2,5,suite,494.42,0
278,1,4,standard,155.8,1
136,5,1,standard,225.34,0
300,5,2,standard,471.35,1
29,11,2,deluxe,110.56,0
343,8,1,family,100.27,0
57,2,3,family,314.16,0
270,9,2,deluxe,113.38,0
234,7,3,suite,133.06,1
168,1,3,standard,168.56,1
306,10,1,family,230.78,1
75,5,5,deluxe,427.83,0
37,7,5,standard,436.76,0
177,3,1,standard,345.75,0
67,7,3,deluxe,163.12,0
290,9,2,standard,311.04,1
43,8,4,deluxe,261.24,0
91,8,4,suite,453.54,0
39,9,3,standard,205.29,0
128,2,3,standard,336.36,1
100,10,4,suite,261.57,0
134,1,2,standard,393.87,1
171,13,2,deluxe,53.09,1
314,2,1,deluxe,187.68,1
152,8,5,deluxe,467.37,0
106,5,2,standard,358.57,0
112,13,2,deluxe,223.85,0
117,5,3,family,277.84,0
272,1,2,standard,227.66,1
33,3,4,standard,459.5,0
127,12,4,deluxe,337.34,0
151,11,4,standard,113.48,0
79,9,3,family,266.72,0
38,7,3,family,488.51,0
231,4,3,standard,319.71,1
53,2,1,standard,143.13,0
132,12,5,deluxe,410.01,0
180,12,2,deluxe,453.9,0
232,6,5,standard,482.41,1
265,8,2,deluxe,495.85,1
357,10,2,standard,385.56,1
218,8,4,standard,180.28,1
1,11,2,family,172.83,0
258,11,1,standard,453.08,1
325,5,1,deluxe,109.71,1
199,6,4,deluxe,407.27,1
324,11,1,standard,275.3,1
345,11,4,standard,334.77,1
348,9,2,deluxe,141.59,1
223,10,5,family,85.07,0
228,2,3,family,301.62,1
256,6,5,family,121.89,1
324,9,5,deluxe,230.7,1
41,10,2,family,93.87,0
357,10,5,suite,402.7,1
51,8,5,family,327.99,0
77,6,1,standard,391.39,0
99,5,5,family,425.59,1
84,10,3,family,50.62,0
319,3,3,deluxe,201.91,1
0,11,2,standard,140.85,0
72,10,4,suite,171.84,0
177,13,2,family,448.17,0
177,5,3,deluxe,282.6,1
252,12,1,standard,352.31,0
110,3,1,deluxe,245.14,1
364,3,3,standard,282.85,1
161,3,4,standard,205.05,1
112,5,2,standard,169.69,0
313,2,2,suite,487.62,1
146,3,2,suite,393.3,0
48,1,5,standard,109.39,0
15,5,1,standard,346.03,0
164,10,1,standard,398.72,1
175,13,5,standard,462.45,1
287,6,5,standard,306.35,1
33,8,3,deluxe,243.67,0
245,9,5,deluxe,133.29,1
307,4,2,suite,103.87,1
289,9,5,deluxe,496.62,1
167,4,2,standard,286.55,0
245,5,2,suite,487.13,1
321,8,2,standard,146.99,1
32,2,2,standard,301.7,0
2,6,4,deluxe,222.43,0
192,10,4,deluxe,399.95,1
246,6,2,standard,162.41,1
255,11,3,family,441.2,0
358,10,4,standard,382.02,1
26,1,3,standard,103.43,0
192,1,2,family,296.95,1
279,11,5,standard,433.74,0
133,7,3,deluxe,425.19,1
98,8,3,standard,193.23,0
101,10,3,standard,445.01,1
28,12,5,deluxe,401.98,0
131,12,3,family,106.16,0
327,13,5,standard,373.79,1
30,1,4,deluxe,363.43,0
64,8,4,standard,489.89,1
148,12,2,family,87.93,0
352,12,4,standard,495.89,1
230,6,2,deluxe,240.72,1
47,7,4,deluxe,174.7,0
191,6,4,family,266.64,1
349,12,5,deluxe,117.92,1
17,13,1,standard,63.24,0
145,11,2,deluxe,364.73,0
94,10,4,standard,197.13,0
166,5,1,standard,76.68,1
69,9,3,deluxe,311.82,0
185,9,4,deluxe,383.11,0
124,13,4,family,78.05,0
69,7,5,deluxe,471.76,1
130,3,2,family,126.12,0
290,11,3,standard,235.09,1
70,9,3,standard,114.94,0
55,1,1,standard,75.01,1
84,5,3,standard,147.48,0
343,5,2,suite,453.24,1
312,2,5,family,342.37,1
216,6,3,family,472.72,0
130,1,4,suite,308.65,0
231,8,5,family,186.44,1
253,3,2,standard,224.45,1
143,2,2,deluxe,140.66,0
211,9,5,standard,114.56,0
280,2,5,standard,445.25,1
313,3,2,deluxe,179.22,1
64,12,3,deluxe,205.58,0
331,12,1,standard,256.1,0
3,4,4,family,246.37,0
23,9,1,deluxe,318.98,0
202,12,2,deluxe,397.94,0
298,4,2,deluxe,358.3,1
153,3,5,standard,338.02,0
270,4,2,standard,213.24,1
361,8,1,deluxe,90.2,1
101,4,4,deluxe,200.05,0
282,12,4,deluxe,127.2,1
232,12,3,deluxe,313.82,0
97,10,5,standard,444.88,0
193,11,5,deluxe,59.87,0
219,10,2,deluxe,329.45,0
88,8,1,deluxe,300.07,0
272,5,1,standard,273.83,1
39,6,5,standard,86.89,0
92,9,4,deluxe,193.11,0
167,5,3,deluxe,400.06,1
189,6,4,family,89.31,0
312,9,4,family,223.73,1
88,12,1,deluxe,404.77,0
222,11,5,standard,381.08,1
19,5,4,standard,138.07,0
41,11,5,standard,312.13,0
332,9,4,suite,381.99,1
38,10,3,deluxe,422.9,0
232,6,4,suite,285.19,0
152,12,5,standard,421.72,1
278,13,1,standard,345.58,0
102,9,2,standard,89.32,0
18,6,5,standard,426.67,0
60,3,2,standard,441.98,1
173,4,1,family,417.63,0
160,1,1,standard,247.98,0
304,7,3,deluxe,144.08,1
117,1,5,family,334.71,1
326,3,5,standard,109.46,1
266,5,3,family,291.58,1
168,4,4,family,153.57,1
136,12,5,family,168.34,1
138,1,3,standard,178.4,0
51,1,4,standard,260.37,0
12,4,1,family,267.14,0
126,11,2,deluxe,72.31,0
210,5,2,deluxe,250.64,1
145,5,4,standard,400.84,1
188,4,5,standard,333.84,1
54,1,1,standard,108.36,1
205,6,5,standard,343.88,0
84,3,3,family,164.83,1
95,12,1,family,57.13,0
288,5,4,family,405.55,1
27,1,3,deluxe,212.79,0
228,13,1,deluxe,239.57,0
305,10,3,suite,141.43,1
183,1,3,deluxe,140.81,1
192,4,3,standard,140.83,0
75,13,1,standard,328.98,0
248,13,1,family,67.77,0
35,3,3,standard,312.81,0
221,11,2,standard,384.63,1
127,1,2,deluxe,73.74,0
32,10,2,deluxe,316.37,0
81,8,2,deluxe,287.1,0
252,12,4,standard,349.82,0
231,8,1,family,100.84,0
5,11,4,suite,87.72,0
153,6,1,standard,421.2,1
273,4,1,standard,463.64,1
333,3,2,deluxe,385.49,1
277,8,5,family,454.87,1
362,1,4,standard,247.02,1
191,12,4,standard,350.86,1
90,4,3,standard,183.61,0
229,13,5,standard,389.02,1
200,4,1,suite,268.25,0
131,5,5,suite,336.38,0
220,8,1,deluxe,450.22,0
92,2,2,standard,280.07,0
363,6,3,standard,109.99,1
327,3,4,suite,410.3,1
21,5,2,deluxe,297.71,0
5,7,4,standard,221.59,0
208,1,2,standard,157.29,1
358,5,3,standard,311.99,1
130,10,3,standard,97.57,0
107,5,2,deluxe,89.67,1
28,1,4,standard,226.35,0
183,8,5,deluxe,348.68,0
179,9,3,suite,189.05,0
328,3,3,standard,314.18,0
252,12,1,standard,387.11,0
239,9,1,deluxe,127.33,0
282,3,5,deluxe,358.97,1
252,4,3,suite,347.38,0
275,4,1,family,202.6,1
346,6,1,deluxe,69.63,0
5,7,1,standard,275.85,0
283,1,5,family,251.59,1
64,9,4,family,222.72,0
339,2,4,suite,93.17,1
362,4,3,standard,246.0,1
326,10,2,family,451.23,0
77,4,2,suite,435.35,0
234,8,2,deluxe,412.26,1
10,3,2,family,497.22,0
113,11,5,family,224.71,0
294,7,5,suite,292.71,1
345,7,1,deluxe,414.02,1
35,8,3,standard,203.95,0
253,12,1,standard,299.87,0
300,5,5,standard,306.81,1
156,6,3,standard,421.13,1
177,3,4,deluxe,359.11,1
292,11,4,suite,215.23,1
339,10,4,standard,326.11,1
144,7,2,standard,57.37,0
47,11,1,family,186.82,0
109,5,1,standard,70.96,0
236,4,1,standard,191.14,1
289,8,2,deluxe,255.53,1
289,7,1,standard,467.31,0
40,8,4,suite,448.24,0
229,4,1,family,472.13,0
238,4,4,deluxe,420.64,1
119,8,5,standard,348.29,0
208,4,2,family,123.5,0
14,12,2,deluxe,424.09,0
153,1,1,deluxe,374.78,0
211,12,2,standard,418.16,0
117,1,5,standard,350.19,1
14,8,1,standard,53.23,0
276,3,2,deluxe,160.35,0
50,5,3,standard,339.36,0
335,7,5,standard,227.49,1
284,8,4,standard,366.81,1
224,4,3,standard,58.48,0
69,3,2,deluxe,401.71,1
237,7,4,deluxe,352.51,0
103,8,2,suite,114.73,0
62,6,4,suite,122.14,0
180,9,5,suite,171.86,0
219,10,1,family,429.59,1
278,2,3,standard,404.44,1
320,10,3,deluxe,382.38,1
82,10,4,suite,69.61,0
9,8,2,family,82.38,0
186,6,4,deluxe,454.69,1
357,6,3,deluxe,116.18,1
14,10,3,family,178.02,0
325,8,2,suite,127.98,1
95,3,3,standard,257.96,1
276,13,1,suite,386.43,0
49,9,1,suite,415.11,0
98,10,3,standard,257.89,0
238,10,4,deluxe,269.98,0
2,9,5,standard,397.17,0
57,3,3,suite,290.92,0
133,1,3,deluxe,477.78,1
106,4,1,standard,80.78,0
178,10,2,standard,338.76,0
58,8,1,standard,465.59,0
207,7,2,deluxe,418.04,0
100,3,2,deluxe,72.5,0
262,8,4,standard,289.29,1
359,7,3,suite,222.27,1
359,5,1,family,425.02,1
264,12,2,family,219.62,1
167,12,1,standard,88.93,0
176,6,5,standard,227.51,1
136,2,1,standard,163.37,0
113,8,1,deluxe,118.37,0
129,12,4,standard,325.49,0
5,1,5,standard,292.25,0
80,7,1,suite,186.81,1
46,1,3,deluxe,389.16,1
296,5,2,standard,124.21,1
74,9,1,deluxe,392.61,0
55,6,5,standard,433.54,0
92,10,4,standard,395.54,0
97,3,5,deluxe,247.08,0
74,8,4,standard,274.9,1
86,4,2,standard,81.58,0
109,3,4,family,81.84,0
49,2,1,standard,144.88,1
169,4,4,family,399.38,1
277,11,1,deluxe,259.34,1
7,5,1,standard,326.45,1
260,4,2,standard,290.58,1
11,1,1,suite,258.07,0
15,8,3,deluxe,432.0,0
31,1,1,family,401.56,0
257,6,5,suite,420.67,0
39,3,5,family,111.12,0
306,10,3,standard,145.45,0
30,9,5,suite,323.94,0
79,12,1,standard,498.37,0
155,4,5,standard,261.87,1
42,13,1,suite,423.33,0
126,2,5,family,156.22,1
227,2,5,standard,286.62,1
268,6,2,suite,362.94,1
130,6,4,standard,80.04,1
74,2,5,suite,244.1,0
277,2,4,family,123.87,0
20,4,5,deluxe,139.84,0
218,11,2,suite,66.58,0
242,9,4,deluxe,402.1,1
33,6,5,deluxe,423.85,1
104,11,5,standard,127.47,0
330,2,1,family,470.92,1
204,8,3,standard,422.52,0
6,7,2,deluxe,227.92,0
149,11,4,family,331.4,1
43,8,2,standard,451.59,0
352,6,3,standard,54.21,1
215,13,5,suite,272.17,0
200,3,5,suite,163.2,0
305,10,2,standard,350.46,1
120,12,5,standard,57.33,0
15,12,2,suite,469.98,0
111,11,1,deluxe,357.47,1
213,8,4,deluxe,173.0,0
280,5,4,standard,75.64,1
254,6,5,standard,427.35,1
270,9,5,deluxe,416.88,1
345,10,5,suite,375.62,1
28,5,3,deluxe,419.35,0
363,1,1,deluxe,423.95,1
168,2,5,standard,317.64,1
250,12,5,suite,473.78,1
30,8,3,deluxe,397.97,0
19,9,1,family,68.08,0
34,5,5,standard,211.74,1
109,10,2,family,329.19,0
293,10,1,deluxe,51.1,1
338,7,5,family,430.16,1
100,8,5,standard,290.91,0
105,3,2,standard,379.18,0
298,10,4,deluxe,111.08,1
80,7,5,standard,383.24,1
4,2,3,family,86.16,1
128,1,3,suite,327.77,0
86,10,4,standard,367.75,0
217,4,2,deluxe,260.98,1
335,2,1,deluxe,244.55,1
211,2,3,deluxe,164.95,0
217,2,4,standard,474.93,1
214,13,2,deluxe,157.45,0
78,10,1,family,295.36,0
7,12,5,family,247.04,0
43,10,3,deluxe,404.94,0
281,9,5,deluxe,414.77,1
19,4,3,deluxe,427.92,1
4,4,3,suite,243.69,0
225,9,3,family,386.79,1
93,7,4,deluxe,480.57,1
34,8,1,standard,194.41,0
42,10,5,suite,304.26,0
294,13,5,standard,243.75,1
227,3,4,deluxe,423.78,1
336,1,1,deluxe,233.77,1
261,3,3,family,97.43,1
74,13,4,standard,323.66,1
359,6,2,family,387.16,1
59,12,4,deluxe,377.3,0
66,2,2,standard,345.13,1
312,12,1,standard,269.29,1
209,5,1,deluxe,127.59,1
272,2,4,family,138.73,1
189,8,5,deluxe,356.45,1
177,9,1,standard,416.2,1
88,6,5,standard,337.06,1
356,8,3,deluxe,350.09,0
53,11,2,standard,477.44,0
140,3,5,standard,446.86,1
237,3,3,deluxe,481.36,1
266,5,5,standard,57.62,1
14,2,1,suite,142.79,0
344,3,1,family,353.09,1
14,11,5,standard,105.84,0
6,12,3,deluxe,68.92,0
124,11,1,standard,85.9,0
229,4,3,family,362.58,0
250,9,1,family,64.49,0
195,9,4,standard,430.19,1
82,5,5,deluxe,320.44,0
128,4,1,suite,295.09,0
191,1,3,suite,201.95,0
0,5,5,deluxe,297.89,0
169,4,5,deluxe,383.42,1
17,7,1,deluxe,389.95,0
71,13,4,standard,391.58,0
326,10,5,deluxe,349.03,1
94,10,4,family,107.14,0
10,1,1,standard,453.15,0
81,10,5,family,249.59,1
270,12,2,standard,314.32,1
269,9,5,standard,474.55,1
212,5,3,deluxe,174.05,1
283,3,1,standard,499.75,1
362,4,4,family,349.08,1
165,13,2,family,269.76,0
155,10,1,suite,328.51,0
118,2,2,standard,208.94,0
17,10,4,standard,276.16,0
157,4,2,deluxe,222.8,0
286,1,5,deluxe,322.06,1
186,6,1,deluxe,173.82,0
154,12,4,deluxe,155.7,1
348,10,3,deluxe,83.39,1
322,2,4,suite,461.48,1
21,3,3,family,356.44,0
122,13,4,standard,105.61,0
337,2,2,deluxe,491.55,1
25,11,4,deluxe,129.35,0
315,11,2,standard,103.28,1
120,12,2,standard,135.33,0
339,9,4,suite,410.47,1
323,11,3,suite,408.59,1
86,6,3,standard,116.33,0
279,1,3,deluxe,442.37,1
306,6,2,standard,188.78,1
352,3,2,standard,55.53,1
32,4,1,deluxe,453.65,0
70,3,2,standard,75.84,0
11,13,1,standard,458.19,0
89,12,2,deluxe,238.47,0
58,5,5,family,192.51,1
270,10,1,deluxe,425.46,1
279,10,4,standard,165.3,0
264,1,5,standard,421.26,1
256,11,5,standard,477.61,1
115,7,5,suite,273.99,1
176,2,1,deluxe,287.05,0
314,9,4,standard,298.53,0
222,6,2,deluxe,282.93,1
174,1,1,deluxe,170.66,0
198,10,5,family,261.3,1
238,6,1,standard,220.02,1
127,5,4,standard,138.93,0
157,11,1,standard,77.71,0
217,13,1,standard,281.49,0
164,13,3,suite,130.02,0
37,7,2,deluxe,289.75,0
107,9,3,family,92.32,0
106,10,4,family,480.32,0
175,9,5,standard,77.36,1
222,11,4,deluxe,443.72,1
332,10,4,suite,144.93,1
333,2,3,deluxe,219.43,1
25,3,4,suite,220.62,0
188,10,3,standard,369.43,0
217,12,5,suite,388.49,1
59,10,4,family,245.66,0
87,4,3,standard,332.33,0
337,9,1,standard,123.72,1
121,4,5,standard,317.69,0
135,3,3,deluxe,377.73,0
287,2,3,standard,272.42,1
90,9,4,deluxe,357.66,0
302,12,1,standard,148.0,0
194,10,2,suite,314.81,0
26,1,4,deluxe,451.91,1
361,10,2,deluxe,259.62,1
29,4,2,standard,290.45,0
265,6,5,deluxe,180.17,0
295,1,4,family,349.76,1
143,1,2,deluxe,156.52,1
256,9,4,deluxe,75.43,1
110,3,4,deluxe,467.25,0
242,8,4,family,157.53,0
220,13,4,deluxe,151.35,0
188,13,2,standard,401.26,1
35,4,4,suite,126.94,0
169,11,5,family,420.56,0
180,8,1,deluxe,149.14,0
240,4,2,deluxe,442.68,1
0,12,2,family,495.22,0
245,11,4,family,297.45,1
308,7,2,suite,181.2,1
29,9,4,family,142.58,0
205,11,5,standard,77.51,1
216,6,5,deluxe,471.91,1
121,6,3,standard,169.72,0
130,11,3,standard,322.96,1
351,8,4,suite,151.45,1
105,12,5,family,349.67,0
219,10,5,deluxe,307.48,0
243,10,3,family,258.52,1
261,2,3,deluxe,202.75,1
137,6,4,deluxe,353.98,0
230,4,4,standard,377.57,1
265,7,1,deluxe,424.97,1
206,8,1,family,395.39,1
291,6,5,standard,69.97,1
105,12,2,family,275.4,0
172,5,4,family,129.16,0
166,3,2,suite,195.79,0
27,3,2,standard,237.9,0
354,1,2,suite,114.67,1
346,4,2,deluxe,185.56,1
121,9,1,standard,152.06,1
105,7,3,deluxe,256.14,0
74,9,4,family,291.24,0
152,10,4,standard,437.66,1
15,5,1,standard,368.89,0
2,11,1,suite,379.26,0
260,6,4,standard,65.83,1
342,2,4,standard,347.24,1
357,5,1,deluxe,91.1,1
17,13,1,deluxe,307.67,0
109,1,1,family,344.23,0
138,2,5,deluxe,138.68,1
102,12,4,family,258.85,0
305,2,5,standard,226.67,1
146,10,4,standard,373.35,0
134,10,5,standard,307.72,0
212,10,1,standard,320.66,0
306,4,1,deluxe,455.69,0
141,13,3,deluxe,354.06,1
171,3,5,suite,177.35,0
323,4,5,suite,170.73,1
217,4,4,standard,398.78,1
266,1,4,deluxe,272.99,1
351,4,3,standard,193.5,1
157,10,4,standard,236.74,1
37,3,4,standard,381.47,0
347,12,4,suite,357.58,1
323,4,4,suite,225.4,1
236,4,5,standard,275.51,1
139,12,3,deluxe,413.16,0
321,12,2,suite,105.63,0
66,8,5,deluxe,54.8,0
166,2,5,standard,158.98,1
347,5,3,suite,121.08,0
153,12,1,standard,114.94,0
46,13,3,suite,372.51,0
235,11,5,standard,415.54,1
231,4,4,family,373.2,1
149,4,4,standard,416.18,1
354,13,5,deluxe,115.38,1
241,11,3,standard,82.4,0
159,12,3,family,390.63,0
99,2,5,deluxe,383.13,0
243,5,5,family,394.83,1
42,4,3,deluxe,305.78,0
70,11,4,standard,468.81,0
267,8,1,standard,131.3,1
240,11,2,standard,330.61,1
36,9,2,standard,237.14,0
221,8,1,deluxe,356.03,1
305,9,4,suite,173.23,1
183,6,1,standard,268.98,0
224,2,2,standard,135.25,1
240,2,4,deluxe,478.48,1
225,6,3,family,257.43,1
232,1,2,standard,200.34,0
70,7,3,family,354.43,0
181,3,1,deluxe,259.46,0
130,13,5,suite,318.39,0
348,10,3,deluxe,253.98,1
248,6,4,standard,316.25,1
14,13,1,deluxe,126.9,0
310,1,1,deluxe,207.2,1
15,10,3,deluxe,165.01,0
287,10,5,deluxe,59.58,1
104,4,3,standard,426.9,1
55,6,5,deluxe,269.36,0
140,2,2,deluxe,479.54,1
247,8,5,deluxe,173.37,0
126,12,4,standard,404.1,0
335,7,2,suite,223.35,1
342,2,5,family,167.43,1
169,5,1,deluxe,408.26,1
19,4,5,standard,392.85,0
188,4,2,suite,478.1,1
31,2,3,standard,412.02,1
211,5,3,standard,278.51,1
35,2,2,standard,466.54,1
287,1,1,standard,366.2,1
297,13,1,standard,364.74,0
146,11,3,standard,304.18,0
163,10,1,standard,259.52,1
106,1,3,family,133.3,1
99,9,5,deluxe,442.38,1
150,13,1,family,477.09,1
29,5,2,standard,324.08,0
196,2,2,deluxe,392.9,1
30,1,2,deluxe,387.62,0
158,12,5,standard,66.57,0
292,3,3,family,240.79,0
138,8,4,standard,61.24,0
195,6,3,standard,323.28,1
364,13,1,standard,333.4,1
254,2,1,standard,382.66,1
50,3,3,standard,442.57,1
131,12,5,deluxe,462.76,0
9,4,4,suite,176.78,0
72,2,2,suite,113.67,0
113,1,2,deluxe,419.47,0
264,11,3,suite,495.39,1
327,1,2,standard,217.44,1
358,2,3,standard,373.79,1
323,3,2,standard,314.73,1
275,2,2,family,382.66,1
310,11,3,deluxe,275.14,1
351,6,3,standard,248.53,1
353,13,5,deluxe,89.31,1
27,6,3,standard,471.34,0
181,4,2,family,271.02,1
28,2,3,family,258.52,0
267,5,2,family,328.39,0
14,1,1,deluxe,106.1,0
13,9,1,deluxe,222.04,0
327,7,2,family,234.03,1
217,9,3,standard,433.14,1
102,5,3,family,66.41,0
249,3,2,family,408.01,0
78,5,1,suite,242.49,0
261,8,4,deluxe,79.86,1
231,7,3,deluxe,380.49,1
171,5,4,family,142.86,0
361,4,3,standard,213.09,1
17,11,2,family,98.06,0
267,6,1,deluxe,414.4,1
42,3,2,standard,215.55,0
15,12,5,family,380.95,0
107,7,2,suite,221.89,0
32,11,3,standard,317.66,0
44,3,3,standard,328.25,0
301,11,3,family,395.46,1
116,10,4,suite,348.23,0
142,5,3,standard,164.93,1
23,1,3,standard,314.66,0
363,1,5,deluxe,462.15,1
219,11,4,suite,324.59,1
308,2,3,standard,242.35,1
104,9,3,deluxe,212.34,0
213,7,1,family,330.58,0
101,7,1,deluxe,245.25,0
267,4,4,deluxe,273.34,1
31,6,4,suite,80.27,0
117,7,1,family,53.45,0
39,1,2,deluxe,335.19,1
255,13,2,deluxe,278.98,1
37,6,3,standard,90.06,0
126,3,3,standard,259.4,0
204,13,4,deluxe,133.54,0
169,2,3,deluxe,203.12,1
248,9,4,standard,376.91,1
116,8,3,standard,161.3,0
345,4,4,deluxe,333.17,1
95,12,1,family,92.47,0
284,13,5,standard,422.52,1
213,9,5,suite,100.59,0
326,2,5,deluxe,408.69,1
146,7,5,deluxe,384.94,1
209,2,2,standard,294.3,1
176,3,1,deluxe,57.37,0
89,13,3,standard,142.35,0
76,11,1,suite,124.7,0
288,7,2,standard,225.56,1
242,1,3,standard,201.37,1
238,1,5,deluxe,344.7,1
85,4,3,standard,423.65,1
177,11,5,deluxe,308.73,0
306,10,3,standard,284.88,0
205,2,1,standard,245.22,0
304,6,1,standard,242.8,1
58,12,5,deluxe,88.59,0
172,3,1,standard,410.74,1
182,2,4,deluxe,135.14,0
236,13,5,standard,484.53,1
161,10,5,standard,481.01,1
190,11,1,suite,206.85,0
181,12,3,deluxe,50.12,0
104,10,2,suite,331.4,0
244,7,2,standard,467.25,0
51,3,2,standard,71.38,0
113,6,1,standard,225.72,0
335,12,1,family,154.18,0
246,5,4,standard,376.65,1
324,11,5,deluxe,454.34,1
246,4,3,family,232.48,1
27,8,4,standard,422.35,0
20,8,5,deluxe,116.75,0
323,13,5,standard,132.37,1
312,11,5,deluxe,491.02,1
78,5,3,standard,57.99,0
72,7,2,family,312.6,0
275,11,2,deluxe,66.06,0
2,4,4,family,492.03,0
10,6,3,standard,349.12,0
340,6,1,family,189.25,1
310,9,1,deluxe,189.7,0
121,1,3,standard,169.13,1
166,1,5,suite,219.94,0
277,9,2,standard,273.76,1
220,8,2,standard,389.47,1
238,4,4,deluxe,341.05,1
190,7,2,family,245.23,1
46,13,4,standard,433.91,0
280,3,4,deluxe,146.23,1
102,13,4,standard,150.95,0
304,11,2,standard,232.67,1
344,7,2,deluxe,329.13,1
241,11,4,standard,421.09,1
5,5,2,standard,407.6,0
333,9,1,standard,478.45,1
238,10,3,deluxe,56.11,0
199,9,2,standard,95.75,0
33,13,1,standard,158.1,0
248,13,4,standard,444.35,1
165,6,2,standard,196.5,1
92,10,1,standard,225.18,0
112,1,3,family,398.42,1
3,8,2,suite,51.98,0
326,7,3,deluxe,412.45,1
76,9,5,standard,191.94,0
276,9,5,standard,370.94,1
194,8,1,deluxe,210.49,1
154,10,5,deluxe,296.32,1
51,2,4,standard,127.1,0
271,9,5,standard,392.31,1
226,1,2,family,286.3,1
309,3,3,suite,425.31,0
128,5,1,standard,58.98,0
292,9,3,standard,90.39,0
35,1,1,standard,184.94,1
17,1,2,deluxe,66.85,0
40,11,3,deluxe,278.97,0
339,13,5,standard,254.33,1
27,8,4,family,270.64,0
26,7,1,standard,120.89,0
135,9,2,suite,407.64,0
70,9,1,deluxe,264.57,0
274,12,1,deluxe,289.53,1
251,5,3,suite,337.79,1
338,9,2,deluxe,430.18,1
25,8,2,deluxe,193.16,0
314,7,1,deluxe,220.67,0
182,13,3,standard,55.77,1
55,3,1,standard,93.53,0
43,5,2,standard,113.49,0
279,13,4,deluxe,396.21,0
189,9,3,suite,365.98,0
268,11,5,standard,478.61,1
144,2,5,standard,214.82,1
24,12,3,deluxe,468.42,0
338,2,2,standard,250.8,1
157,8,2,standard,104.4,1
65,5,3,deluxe,139.54,0
317,3,3,suite,211.91,1
72,13,5,standard,220.23,0
100,8,1,standard,199.59,0
6,7,1,family,403.56,0
89,7,1,deluxe,383.07,0
178,12,3,family,439.1,1
21,7,2,deluxe,439.74,0
286,5,3,deluxe,373.15,1
250,2,3,standard,353.55,1
213,3,5,standard,205.28,1
231,6,2,family,100.36,1
143,1,5,deluxe,336.54,0
278,5,4,family,94.57,1
340,1,2,deluxe,173.26,1
319,4,1,deluxe,189.56,1
138,10,3,standard,224.93,0
220,4,3,family,88.77,1
83,1,3,deluxe,338.06,1
190,12,3,standard,260.34,0
353,2,3,standard,383.36,1
18,9,1,deluxe,228.95,0
69,8,2,family,387.84,0
317,10,4,deluxe,410.84,1
260,2,3,deluxe,468.69,1
348,12,1,deluxe,205.78,1
68,11,2,family,117.89,0
230,12,2,suite,452.03,0
56,3,1,standard,401.13,0
356,5,2,deluxe,142.83,1
297,12,2,standard,440.85,1
168,8,2,standard,461.08,0
96,5,3,standard,231.6,0
34,3,4,family,499.16,0
19,11,2,deluxe,167.12,0
61,10,5,standard,251.92,0
238,3,1,family,430.97,1
169,1,2,deluxe,380.67,0
251,8,5,suite,396.54,1
113,11,1,standard,435.76,1
99,8,5,deluxe,236.36,0
345,9,3,deluxe,70.87,1
51,4,2,standard,478.19,0
298,2,5,family,301.38,1
129,5,5,suite,89.1,0
204,5,5,deluxe,415.82,1
255,13,2,standard,267.49,0
71,2,3,deluxe,139.1,0
225,2,3,standard,145.96,1
76,9,3,standard,409.49,0
159,12,4,family,271.26,0
238,8,1,family,448.85,1
304,1,3,family,208.89,1
245,4,5,deluxe,210.19,1
256,5,3,deluxe,484.87,1
102,12,2,suite,420.32,1
40,3,4,standard,80.19,0
260,7,1,standard,69.42,1
261,12,3,standard,317.82,1
71,13,3,deluxe,406.69,0
73,9,2,family,391.59,0
104,4,1,deluxe,347.26,0
175,9,2,deluxe,402.44,0
105,9,1,standard,82.89,0
111,12,5,suite,52.54,0
178,4,3,deluxe,265.33,0
57,6,2,deluxe,249.17,0
44,8,4,suite,272.78,0
5,3,5,suite,120.59,0
244,3,1,deluxe,440.02,1
10,1,1,deluxe,204.12,0
301,8,2,standard,419.7,1
24,8,5,standard,109.89,0
200,8,3,standard,369.34,0
154,10,5,family,476.59,0
306,8,5,deluxe,490.58,1
104,3,3,standard,205.62,1
258,12,1,suite,464.23,1
247,4,5,family,319.35,1
245,11,4,standard,320.9,1
1,12,3,standard,149.22,0
163,13,4,deluxe,338.06,0
250,10,4,standard,120.02,1
240,6,5,deluxe,117.56,1
252,6,2,deluxe,273.62,1
96,9,4,standard,269.06,1
85,4,2,standard,267.01,0
266,1,3,deluxe,346.57,1
107,6,3,suite,236.5,0
187,5,4,standard,434.83,1
262,6,3,standard,62.0,0
353,10,1,standard,68.08,1
20,13,2,suite,352.3,0
1,8,3,deluxe,423.35,0
149,3,4,deluxe,236.25,1
151,11,3,suite,424.79,1
311,7,4,suite,205.95,1
235,12,4,family,280.79,0
268,6,2,standard,424.39,1
152,9,2,suite,359.46,0
238,6,5,family,250.93,1
125,8,1,suite,140.4,1
245,9,1,suite,272.07,0
352,8,3,standard,463.49,1
353,1,4,deluxe,179.5,1
208,5,2,suite,205.74,1
152,9,2,deluxe,431.33,0
98,13,2,suite,430.7,0
102,2,5,family,301.54,0
338,3,5,deluxe,307.88,1
346,4,2,suite,188.25,1
108,6,5,standard,162.67,0
11,3,1,family,168.14,0
223,3,2,deluxe,267.39,1
334,2,5,suite,83.87,1
364,1,4,suite,82.25,1
64,1,5,family,249.11,0
363,12,2,deluxe,440.85,1
126,4,5,standard,199.23,1
329,8,1,suite,77.12,1
347,7,2,standard,295.02,1
109,13,3,deluxe,129.82,0
78,6,4,suite,177.37,0
3,3,3,standard,97.36,0
288,8,5,deluxe,438.09,1
87,8,1,suite,272.65,0
162,13,5,family,75.74,0
16,13,2,suite,293.87,0
226,8,2,deluxe,447.79,1
247,8,1,family,420.26,0
145,6,5,standard,323.88,0
354,2,5,deluxe,427.02,1
164,3,5,family,169.54,0
200,13,1,deluxe,137.92,0
295,4,5,standard,462.17,1
290,7,1,deluxe,455.75,1
126,2,2,standard,313.53,1
211,3,3,family,189.2,1
100,5,4,standard,100.55,0
321,1,4,deluxe,470.22,1
216,8,4,suite,466.98,1
63,7,1,family,239.56,0
4,9,2,suite,185.96,0
60,10,3,standard,70.68,0
27,12,2,standard,239.51,0
127,10,5,deluxe,416.21,1
184,13,5,deluxe,460.65,0
314,10,5,deluxe,146.36,1
61,13,4,deluxe,402.52,0
59,8,4,suite,441.78,0
77,6,4,deluxe,370.24,0
177,12,5,suite,358.74,1
275,6,5,standard,382.14,1
263,2,4,deluxe,211.36,0
229,11,3,deluxe,54.25,1
45,13,4,deluxe,213.4,0
33,10,3,deluxe,129.69,0
104,5,5,deluxe,93.67,1
254,6,4,standard,142.13,0
62,9,3,standard,202.27,0
166,9,4,suite,243.04,0
224,2,1,standard,103.32,1
31,3,3,suite,435.11,0
219,11,5,standard,293.66,0
336,9,1,suite,474.86,1
248,11,1,standard,232.31,1
168,1,3,standard,457.29,0
314,5,1,suite,470.81,1
339,2,3,standard,415.1,1
247,6,3,deluxe,108.47,0
292,2,2,deluxe,114.1,1
326,4,2,deluxe,87.78,1
278,3,1,standard,61.36,1
64,1,4,deluxe,267.33,0
232,10,1,family,333.12,1
54,7,5,suite,50.57,0
194,13,2,family,92.71,0
242,13,1,suite,298.16,0
42,13,3,deluxe,174.53,0
227,1,4,deluxe,175.72,1
356,10,4,deluxe,179.6,1
290,1,4,standard,88.17,1
234,7,2,standard,496.61,1
281,13,2,suite,311.17,0
158,2,1,standard,57.65,1
220,6,2,standard,68.19,0
300,8,1,deluxe,422.49,1
218,11,3,family,462.74,1
287,5,2,suite,423.89,1
28,1,5,standard,370.97,0
78,3,1,family,183.79,0
192,13,4,deluxe,52.69,1
180,9,3,standard,129.96,1
100,2,3,family,390.18,0
309,7,5,deluxe,373.6,1
119,12,5,family,402.45,0
44,7,4,suite,150.24,1
353,5,5,deluxe,292.79,1
163,4,2,family,163.22,1
346,6,3,standard,230.43,1
308,13,4,suite,302.48,1
4,4,1,family,158.79,0
72,3,3,standard,492.76,1
281,13,3,family,215.6,0
80,4,4,family,392.84,0
243,2,2,family,428.29,1
112,6,4,family,276.93,0
143,10,4,suite,381.3,0
327,7,3,deluxe,315.18,1
186,8,4,suite,433.96,1
244,4,1,standard,211.62,1
26,2,2,deluxe,214.4,0
184,2,2,standard,305.87,0
248,5,1,standard,238.3,0
270,8,4,suite,462.97,0
233,9,2,standard,103.32,0
296,3,4,standard,406.22,1
169,3,1,standard,375.31,0
261,7,5,deluxe,252.59,1
207,1,5,suite,389.33,1
61,3,4,deluxe,139.48,0
34,13,4,standard,366.31,0
146,1,5,deluxe,478.63,1
89,9,3,family,82.39,0
241,4,2,deluxe,97.5,1
316,9,1,standard,359.94,1
317,8,2,deluxe,314.0,1
275,5,4,standard,386.65,1
202,11,3,deluxe,175.05,1
202,3,4,deluxe,419.42,0
65,8,1,suite,89.33,0
334,8,1,deluxe,459.56,0
257,1,1,standard,143.83,1
183,13,1,standard,186.51,0
356,13,2,deluxe,419.91,1
15,8,2,family,306.71,0
339,13,2,standard,262.79,1
21,7,4,standard,173.82,0
307,3,3,suite,437.29,1
320,13,2,standard,55.16,1
353,6,5,family,177.24,1
126,13,5,standard,430.13,0
188,4,3,deluxe,445.83,1
299,10,2,standard,243.76,1
118,7,4,deluxe,259.72,0
318,4,1,deluxe,86.3,1
115,12,3,suite,312.35,0
67,5,3,family,321.7,0
336,11,4,family,299.11,1
191,13,1,standard,176.15,0
89,12,1,standard,277.69,0
243,5,1,deluxe,120.42,1
81,10,1,suite,303.39,0
87,3,1,suite,485.98,1
250,4,1,deluxe,436.59,1
178,2,2,suite,208.39,1
256,9,1,standard,357.18,0
165,13,3,deluxe,359.04,0
17,5,2,deluxe,106.21,0
271,11,1,standard,418.5,1
74,3,3,family,124.15,0
318,11,2,standard,481.26,1
291,1,4,standard,295.27,1
87,10,5,standard,208.56,0
167,4,1,suite,480.85,0
60,12,5,deluxe,359.25,1
93,3,3,deluxe,233.89,0
153,13,5,standard,78.83,0
133,9,5,standard,431.66,1
343,4,1,standard,359.08,1
139,4,5,standard,466.81,1
293,7,3,suite,327.95,1
363,5,3,family,130.77,1
294,5,5,suite,188.63,1
47,10,2,standard,326.09,0
91,9,2,standard,128.11,0
355,13,2,suite,250.57,1
68,12,2,standard,163.82,0
202,13,1,standard,335.93,0
185,1,3,standard,67.9,1
246,10,2,standard,316.66,1
245,12,3,standard,261.23,1
265,13,2,standard,382.6,0
31,7,1,family,400.71,0
143,7,1,deluxe,373.72,0
90,8,2,standard,79.05,0
131,1,3,suite,248.7,0
270,2,4,family,62.78,1
212,5,4,suite,300.05,0
221,8,2,standard,300.25,1
31,7,5,suite,379.3,1
240,4,2,deluxe,167.49,1
246,1,2,deluxe,129.16,0
277,4,2,standard,284.03,0
16,2,1,deluxe,358.93,0
285,11,1,suite,90.27,0
22,8,2,suite,75.88,0
343,7,4,standard,310.95,1
299,8,4,family,363.01,1
215,12,2,deluxe,404.11,1
90,9,1,standard,256.93,0
341,13,4,suite,436.49,1
313,9,4,standard,486.08,1
83,12,2,suite,146.84,0
251,1,5,standard,177.92,1
347,1,2,deluxe,296.7,0
154,13,5,family,87.24,0
209,2,3,family,267.05,1
256,10,4,family,484.49,1
262,7,5,deluxe,283.99,1
156,8,4,standard,476.84,1
322,10,5,standard,135.67,1
309,1,2,standard,351.23,1
58,12,3,deluxe,410.52,0
306,9,5,deluxe,457.92,1
10,9,3,suite,355.11,0
75,5,3,standard,404.98,1
65,7,5,deluxe,163.61,0
51,1,4,standard,343.51,0
195,13,5,standard,157.07,0
278,6,2,family,306.73,0
9,12,4,suite,215.97,0
256,13,2,deluxe,78.33,0
291,8,3,standard,60.1,1
174,4,5,deluxe,322.88,1
286,12,2,standard,117.72,0
357,6,5,deluxe,311.1,1
302,7,4,deluxe,181.98,1
215,2,4,standard,225.12,1
356,1,5,family,100.26,1
330,11,2,family,271.31,1
108,4,5,family,359.67,1
187,10,3,family,375.15,1
254,3,1,family,184.26,1
278,5,5,family,463.79,1
288,6,5,deluxe,216.57,1
177,2,1,deluxe,51.11,0
126,3,2,standard,399.26,1
198,10,2,standard,57.79,1
123,7,5,standard,407.24,1
83,9,3,family,495.58,1
114,1,1,standard,169.53,1
48,11,4,deluxe,221.21,0
197,5,1,suite,462.77,1
220,8,3,deluxe,89.21,0
275,6,3,deluxe,122.2,0
280,1,2,deluxe,420.67,1
72,12,2,deluxe,130.1,0
349,12,5,standard,479.01,1
283,7,2,standard,209.87,1
290,1,1,family,491.11,1
140,5,2,family,392.32,1
156,10,5,deluxe,313.2,0
127,13,1,deluxe,352.55,1
317,7,1,standard,407.36,1
345,1,2,deluxe,86.07,1
187,2,1,standard,155.97,1
21,6,2,suite,101.05,0
122,2,2,deluxe,384.61,0
326,10,4,deluxe,340.08,1
141,2,4,suite,245.3,1
212,1,2,family,483.66,1
169,4,1,standard,491.68,0
26,4,5,standard,362.96,0
213,5,2,suite,301.1,1
117,13,2,deluxe,379.0,0
191,13,1,suite,419.55,0
301,2,5,standard,444.78,1
287,5,2,standard,299.28,1
92,12,1,standard,237.11,0
118,10,2,family,102.73,0
129,8,1,suite,438.81,0
224,10,4,deluxe,309.2,1
363,9,2,suite,115.29,1
136,9,1,standard,453.25,1
34,1,2,standard,477.43,1
149,3,2,deluxe,497.62,0
288,12,3,suite,96.32,0
344,9,2,standard,410.89,1
346,7,2,family,192.18,1
321,5,5,deluxe,298.77,0
336,11,5,deluxe,107.35,1
318,9,4,suite,415.98,0
302,1,5,family,217.55,1
143,4,4,standard,82.69,1
183,1,1,family,58.53,1
164,12,3,suite,395.83,0
355,9,4,standard,315.99,0
360,8,3,standard,238.23,1
9,2,5,family,400.17,0
343,7,2,deluxe,332.63,1
124,13,3,suite,176.43,0
74,9,1,standard,194.66,0
352,1,3,standard,398.46,1
19,1,3,deluxe,304.84,0
154,11,1,family,390.24,0
257,6,3,suite,304.05,1
15,12,3,standard,469.87,0
218,8,4,family,466.75,1
224,13,1,deluxe,477.87,0
88,3,5,standard,365.62,0
140,4,4,standard,159.74,0
33,8,3,standard,258.35,0
277,13,1,suite,351.27,1
241,13,3,standard,249.97,0
184,2,1,standard,375.39,1
238,6,5,standard,429.8,1
38,5,3,family,254.28,0
37,12,1,deluxe,340.53,0
126,9,3,suite,98.18,0
95,6,1,deluxe,294.51,0
163,9,3,standard,450.63,1
72,6,2,deluxe,143.73,0
245,11,3,deluxe,144.32,1
358,12,4,family,345.93,1
246,3,3,suite,460.41,1
54,7,4,standard,281.59,0
187,10,2,standard,261.88,0
107,1,3,family,66.39,0
326,7,5,standard,149.93,1
241,5,5,deluxe,315.31,0
177,8,3,family,498.85,1
61,3,3,deluxe,411.15,0
216,3,4,suite,469.27,1
120,10,1,deluxe,322.3,0
45,13,2,deluxe,170.6,0
73,13,2,standard,372.78,0
266,5,5,standard,214.58,1
347,2,5,deluxe,329.22,1
287,10,3,suite,219.57,1
220,1,5,suite,278.44,1
13,2,4,deluxe,240.91,0
329,12,4,suite,479.99,1
246,1,4,standard,61.85,1
200,11,4,standard,477.63,0
143,1,2,standard,131.01,0
84,9,3,family,227.24,0
54,4,5,suite,483.67,1
343,10,2,deluxe,81.51,1
54,6,1,family,339.33,0
290,10,1,deluxe,400.81,1
28,1,1,standard,143.01,0
243,6,2,standard,104.26,0
175,11,1,deluxe,148.5,0
48,12,4,deluxe,352.75,0
227,7,3,standard,112.17,1
108,13,4,standard,339.01,0
182,13,5,deluxe,242.92,0
186,6,4,deluxe,209.23,1
231,8,4,family,210.82,1
152,3,4,standard,459.78,1
246,5,4,standard,240.61,1
295,5,1,standard,379.85,1
116,12,5,deluxe,202.33,0
344,9,3,family,331.03,1
12,11,1,family,55.36,0
59,2,1,deluxe,168.09,0
230,2,3,standard,176.04,1
225,1,2,deluxe,188.09,1
82,9,4,deluxe,354.42,0
362,11,1,standard,416.01,1
214,2,1,standard,90.87,1
82,10,1,deluxe,387.1,0
74,2,3,deluxe,247.69,0
201,8,1,suite,426.35,0
222,7,5,standard,283.12,1
120,13,4,suite,383.95,0
107,12,3,standard,489.94,0
250,12,4,standard,463.68,0
12,11,1,standard,125.9,0
121,2,2,deluxe,263.54,0
126,7,3,deluxe,359.67,0
265,12,4,family,384.34,1
231,11,1,suite,444.49,0
27,2,5,standard,86.04,0
222,2,1,standard,362.9,1
196,13,5,suite,202.38,0
141,7,1,deluxe,414.01,1
62,8,4,standard,272.79,0
36,7,4,standard,463.65,0
329,5,1,standard,65.84,1
224,5,5,standard,51.7,1
326,4,1,family,236.71,1
328,10,5,standard,165.2,1
133,11,3,standard,322.29,0
128,13,2,deluxe,344.96,0
228,1,1,suite,317.02,1
34,8,5,deluxe,486.59,1
337,2,5,standard,491.53,1
48,5,3,deluxe,441.82,0
149,1,5,standard,52.78,1
261,2,1,deluxe,267.51,1
63,7,2,standard,396.51,0
139,3,3,family,143.75,1
83,11,3,deluxe,440.67,0
87,7,1,family,330.24,0
328,9,5,standard,363.2,1
74,5,2,suite,234.73,0
188,12,1,family,485.93,0
247,7,1,deluxe,376.94,0
145,1,1,deluxe,128.6,0
83,10,2,standard,124.37,0
230,1,5,deluxe,252.97,1
205,7,2,standard,266.19,1
59,12,5,deluxe,271.48,0
21,1,1,deluxe,98.74,0
344,6,4,deluxe,222.68,1
38,8,2,suite,474.6,0
160,4,5,family,251.08,0
160,10,4,family,268.48,0
112,1,4,standard,183.45,0
76,7,2,standard,386.37,0
288,2,5,standard,483.15,1
114,6,2,family,386.96,1
290,7,5,deluxe,444.3,1
314,4,5,suite,462.42,1
329,6,1,suite,80.53,1
131,7,5,standard,167.63,0
327,5,2,deluxe,494.28,1
145,5,2,suite,444.05,0
277,9,1,deluxe,58.66,0
154,9,4,standard,341.55,0
364,3,5,suite,185.06,1
316,2,4,standard,380.37,1
231,12,3,suite,212.28,0
287,11,1,standard,457.91,1
182,7,4,standard,151.88,1
299,3,4,deluxe,419.63,1
40,13,1,family,153.97,0
109,9,4,family,432.47,0
228,1,2,family,153.5,1
330,2,2,standard,384.0,1
225,6,5,family,491.73,1
250,6,1,standard,347.02,1
354,1,1,suite,448.19,1
26,4,2,family,277.76,0
134,2,5,standard,92.42,1
13,3,2,deluxe,203.22,0
208,2,2,family,184.96,0
83,13,2,family,268.2,0
223,13,4,deluxe,391.22,1
216,2,4,deluxe,391.26,1
130,4,1,standard,336.45,0
212,10,3,deluxe,95.31,1
31,10,4,deluxe,70.36,0
210,10,4,family,163.77,0
304,4,3,deluxe,344.45,1
285,3,5,deluxe,301.87,1
235,4,4,family,88.14,1
266,1,2,deluxe,115.33,0
199,10,2,suite,467.65,0
205,9,1,deluxe,135.61,0
330,4,3,suite,272.94,1
141,11,5,standard,64.13,0
157,10,5,standard,155.2,0
290,8,4,standard,122.79,1
120,2,1,family,64.9,0
296,6,3,deluxe,150.15,0
206,3,3,standard,175.53,1
10,1,4,suite,208.13,0
65,1,3,standard,113.02,0
218,5,2,suite,244.55,1
59,11,2,deluxe,327.4,0
78,7,3,standard,328.19,0
301,10,3,standard,156.23,0
133,1,3,standard,296.91,0
45,2,5,standard,325.67,0
217,1,5,standard,289.18,1
247,8,1,deluxe,194.4,0
140,12,4,deluxe,209.71,0
70,11,3,standard,279.31,0
23,3,1,deluxe,404.4,0
78,1,2,standard,422.74,1
110,13,2,suite,239.46,0
354,7,4,deluxe,267.84,1
348,3,5,standard,378.19,1
2,9,2,suite,446.64,0
124,3,1,deluxe,476.39,0
88,1,2,standard,490.8,0
280,7,1,family,254.28,0
150,13,5,deluxe,397.69,0
188,2,2,family,407.87,0
84,9,2,suite,63.35,0
56,13,4,deluxe,433.58,0
155,13,2,deluxe,79.75,0
222,10,1,standard,265.67,1
121,12,4,standard,209.29,0
32,10,1,suite,228.51,0
58,13,3,standard,247.19,0
0,6,4,suite,344.45,0
139,6,1,standard,120.77,0
278,12,3,standard,95.25,1
269,12,1,family,111.19,1
164,6,3,suite,181.27,0
260,6,1,standard,171.01,1
45,2,1,family,250.96,0
4,12,5,deluxe,286.92,0
285,10,3,suite,75.95,0
4,13,3,family,229.74,0
96,11,1,suite,357.94,0
299,2,2,deluxe,321.6,1
169,1,4,deluxe,174.15,0
269,11,3,standard,224.12,1
360,4,4,standard,309.55,1
273,3,2,deluxe,190.54,1
5,8,2,family,86.52,0
331,8,5,deluxe,375.33,1
182,9,2,deluxe,499.12,1
92,6,3,suite,156.54,0
38,10,3,suite,252.46,0
325,6,3,standard,371.73,1
239,11,4,standard,65.15,0
166,11,5,deluxe,54.96,1
213,5,2,standard,264.43,1
159,2,1,deluxe,216.37,1
233,7,5,standard,443.55,1
279,4,4,standard,122.68,1
36,9,1,standard,435.06,0
294,5,3,family,410.08,1
127,7,1,standard,131.3,1
352,3,2,family,483.0,1
224,7,1,standard,197.27,0
2,4,1,standard,197.31,0
298,3,4,standard,153.6,1
68,3,4,family,253.01,0
57,8,5,suite,412.54,0
191,8,5,deluxe,446.3,0
69,13,5,standard,407.2,0
191,6,4,standard,394.81,0
336,2,5,standard,205.06,1
300,12,1,deluxe,219.13,1
170,7,4,deluxe,160.12,0
314,10,3,standard,428.42,1
222,13,5,suite,346.66,1
179,6,5,standard,423.26,1
124,1,4,deluxe,141.6,1
73,11,4,suite,412.21,0
351,2,3,deluxe,486.0,1
236,4,2,standard,322.96,1
98,6,4,deluxe,426.3,1
277,7,3,suite,150.5,1
121,3,3,deluxe,68.77,0
72,10,4,standard,474.12,0
146,12,2,standard,134.88,0
121,2,4,family,157.61,1
247,7,3,standard,389.7,1
83,4,4,deluxe,375.85,1
242,2,2,standard,480.39,1
300,12,1,standard,300.62,1
98,3,5,standard,411.56,0
228,4,2,standard,128.82,1
108,10,1,family,355.26,0
181,4,4,deluxe,490.19,1
79,11,2,standard,330.49,1
22,12,2,deluxe,342.22,0
290,2,5,standard,307.44,1
277,9,3,family,262.44,1
242,3,2,deluxe,296.11,1
180,2,1,deluxe,330.29,1
293,2,2,standard,121.58,1
81,5,3,suite,227.83,0
143,4,1,standard,157.06,1
290,2,4,suite,60.02,1
252,8,5,deluxe,50.69,1
123,2,3,deluxe,79.32,0
348,6,2,deluxe,290.95,1
175,2,4,deluxe,405.23,0
338,12,3,standard,485.18,1
19,12,3,standard,195.15,0
347,2,5,standard,296.87,1
165,2,3,suite,116.11,1
25,11,1,standard,211.03,0
277,10,2,family,55.26,1
155,7,5,standard,370.06,1
189,7,4,standard,70.54,1
41,13,1,deluxe,371.76,0
174,9,5,family,493.95,1
234,7,5,deluxe,488.45,0
133,1,4,suite,69.76,0
15,9,5,standard,132.89,0
134,6,3,deluxe,117.55,0
116,7,2,family,404.1,0
227,3,4,deluxe,338.46,0
197,8,4,family,355.76,0
100,5,2,standard,53.82,0
3,10,5,deluxe,316.64,0
4,4,1,standard,274.2,0
225,12,1,standard,94.26,0
172,3,2,deluxe,481.86,1
78,11,2,deluxe,66.46,0
228,8,2,standard,359.87,1
177,10,5,deluxe,255.77,1
187,13,1,standard,377.02,0
238,11,2,deluxe,183.04,0
34,7,4,standard,439.41,0
71,2,4,standard,271.3,1
280,13,4,standard,296.85,1
173,12,5,standard,292.18,1
313,3,3,deluxe,354.37,1
273,13,5,deluxe,359.04,1
31,1,1,standard,93.05,0
140,11,3,standard,128.79,0
110,1,2,standard,383.94,1
256,8,1,standard,132.39,1
174,9,4,standard,340.66,0
116,2,5,suite,396.83,0
8,4,4,standard,340.56,0
306,10,5,standard,256.29,1
363,5,4,deluxe,200.6,1
263,1,2,standard,128.69,1
21,13,4,suite,369.27,0
188,8,2,standard,467.98,1
49,5,4,standard,469.6,1
173,8,4,deluxe,302.27,0
364,11,4,deluxe,102.34,1
321,7,5,family,474.74,1
273,11,2,family,96.14,1
331,5,3,suite,213.15,1
307,7,1,deluxe,136.34,1
348,7,3,deluxe,207.37,1
359,8,4,family,252.64,1
319,6,1,deluxe,305.33,1
161,10,5,deluxe,385.69,0
316,3,2,suite,469.55,1
118,1,5,standard,105.51,1
113,2,1,deluxe,291.05,0
101,13,5,deluxe,489.48,0
104,13,4,family,254.76,0
305,1,4,standard,201.11,0
142,2,5,suite,422.45,1
52,13,4,suite,167.0,0
44,9,1,deluxe,352.75,0
153,10,2,family,299.61,0
238,4,5,standard,262.19,1
339,1,5,deluxe,323.65,1
19,13,4,standard,175.36,0
248,3,3,deluxe,369.21,1
287,2,4,standard,367.0,1
188,3,4,standard,251.55,1
223,5,4,deluxe,70.1,0
72,9,4,standard,300.96,1
329,5,3,standard,78.01,1
283,2,4,deluxe,188.57,1
50,2,3,family,296.79,0
206,7,3,deluxe,444.19,1
174,3,4,suite,315.34,1
137,13,2,standard,491.07,0
161,13,5,deluxe,251.84,0
332,8,5,standard,69.86,1
20,2,3,deluxe,87.57,0
284,4,1,family,163.08,1
138,4,1,family,373.77,0
314,8,1,standard,228.75,1
151,7,4,standard,278.9,1
150,8,1,deluxe,324.09,0
0,4,2,deluxe,297.69,0
191,2,1,deluxe,297.81,1
351,4,5,deluxe,485.9,1
328,4,5,suite,160.51,1
187,12,1,standard,294.69,0
102,8,1,standard,145.68,0
324,11,1,standard,281.08,1
302,4,4,standard,119.69,1
74,2,4,family,211.35,1
138,5,4,standard,211.77,1
141,7,4,deluxe,142.37,1
157,4,3,deluxe,201.19,0
243,12,2,standard,454.96,1
28,12,2,deluxe,258.55,0
41,8,3,deluxe,180.08,0
330,12,1,standard,499.54,1
82,12,1,suite,436.79,0
41,6,4,standard,165.0,0
68,2,3,standard,275.76,0
128,12,5,deluxe,273.01,0
133,10,3,standard,69.06,0
23,6,1,standard,132.4,0
153,10,4,standard,304.22,1
113,1,5,standard,116.28,0
99,7,1,deluxe,107.92,0
19,7,4,standard,441.42,0
139,5,2,suite,429.92,0
291,11,5,standard,229.26,1
65,7,1,deluxe,94.58,0
107,3,2,family,299.06,0
284,1,3,standard,292.34,1
16,8,4,standard,205.8,0
271,6,3,standard,328.69,1
19,7,1,family,54.33,0
9,12,5,standard,410.72,0
196,5,2,standard,286.48,1
274,6,4,suite,83.74,1
163,5,1,deluxe,98.56,0
153,1,2,suite,331.29,0
305,3,5,standard,312.88,1
125,11,2,family,197.51,0
266,8,4,standard,146.59,1
135,6,2,deluxe,412.49,0
40,9,4,standard,110.25,0
162,5,4,family,337.17,0
24,6,2,standard,143.18,0
315,13,2,standard,247.08,1
343,3,3,standard,88.55,1
239,1,4,deluxe,114.35,1
258,2,1,standard,190.99,1
194,5,5,standard,255.25,1
199,3,2,deluxe,205.91,1
91,13,4,standard,248.28,0
339,6,4,standard,370.2,1
80,12,3,deluxe,304.15,0
102,9,3,suite,105.64,0
218,7,5,standard,101.22,0
330,12,1,suite,363.18,1
77,13,2,family,392.16,0
145,1,2,standard,141.69,1
177,3,1,suite,233.52,0
0,12,3,standard,413.0,0
316,7,5,suite,65.83,1
227,5,3,standard,149.06,1
201,1,1,standard,481.52,0
256,11,2,standard,310.61,1
286,2,2,family,261.08,1
89,13,1,deluxe,105.65,0
335,4,3,standard,270.19,1
290,1,3,standard,436.97,1
119,7,2,suite,396.54,0
354,10,4,standard,60.76,1
240,5,5,standard,144.38,1
3,11,4,family,195.92,0
177,3,4,family,293.69,1
92,7,3,deluxe,372.32,0
48,7,2,standard,188.79,0
76,11,2,family,469.65,0
210,7,4,deluxe,53.88,0
304,2,3,standard,147.04,1
90,5,2,deluxe,463.95,0
193,12,5,suite,151.04,0
337,6,5,standard,327.1,1
227,11,3,deluxe,200.07,1
35,10,1,deluxe,79.45,0
222,13,2,family,187.35,0
216,10,4,suite,389.63,0
187,2,1,standard,225.26,1
161,8,3,standard,142.81,0
112,1,5,deluxe,468.72,1
239,10,1,deluxe,277.53,0
87,13,2,standard,225.72,0
64,7,3,deluxe,209.68,0
36,5,4,standard,205.51,0
218,1,3,deluxe,78.07,0
128,12,4,deluxe,231.03,1
324,1,2,standard,208.38,1
149,8,2,standard,388.9,1
272,9,1,standard,257.71,1
239,10,1,standard,161.67,1
292,1,5,deluxe,116.03,1
351,5,4,deluxe,310.85,1
343,5,1,standard,76.58,1
324,12,3,standard,352.31,0
108,9,2,standard,391.97,0
172,9,4,standard,486.08,1
48,13,2,standard,433.15,0
263,5,5,standard,331.05,1
125,7,3,deluxe,345.1,0
118,5,1,family,310.27,0
302,9,1,standard,67.44,1
156,7,2,deluxe,260.91,0
138,9,3,family,266.52,0
334,13,2,deluxe,462.8,1
30,12,1,standard,209.66,0
188,6,3,standard,289.82,1
344,3,4,standard,358.89,1
205,9,3,standard,155.39,1
68,13,5,deluxe,192.89,0
337,7,5,suite,314.95,1
298,4,5,deluxe,160.79,1
273,9,2,family,495.09,1
157,12,3,suite,324.66,0
27,6,1,standard,235.97,0
181,2,1,deluxe,74.45,0
335,4,2,family,243.99,1
45,4,5,deluxe,128.96,0
253,13,5,standard,427.14,1
250,8,5,suite,305.31,0
255,4,3,standard,62.65,0
358,2,4,deluxe,280.8,1
17,9,2,standard,188.1,0
301,2,5,deluxe,326.39,1
149,5,2,standard,285.65,0
283,13,2,family,248.6,0
94,4,5,deluxe,285.03,1
201,6,5,standard,481.06,0
222,8,1,suite,386.09,1
3,8,2,standard,85.48,0
358,8,2,standard,491.91,1
117,8,5,deluxe,213.47,0
107,6,5,standard,166.19,0
58,9,3,standard,136.71,0
159,5,5,deluxe,453.28,0
28,12,2,family,279.16,0
362,7,3,suite,241.53,1
159,2,4,suite,406.06,1
343,6,2,family,219.61,1
136,3,1,standard,215.86,1
286,13,2,suite,162.24,0
289,13,4,deluxe,446.27,1
247,3,3,standard,341.98,1
336,5,3,standard,475.15,1
138,12,1,family,462.45,1
234,10,3,suite,399.01,0
72,3,5,suite,221.9,0
78,3,5,deluxe,398.43,0
356,2,3,deluxe,382.75,1
124,10,1,standard,84.47,0
126,11,4,family,483.56,0
323,10,4,standard,107.29,1
358,2,4,deluxe,150.61,1
194,4,1,family,252.88,1
13,12,2,family,446.98,0
36,3,5,standard,250.14,1
144,7,4,suite,269.47,1
75,6,5,standard,94.25,0
121,10,2,deluxe,334.84,0
50,1,1,suite,238.62,0
22,3,2,family,347.55,0
299,4,5,family,448.31,1
122,5,3,standard,144.28,0
90,9,5,family,249.07,0
128,12,3,family,137.43,0
157,1,3,deluxe,93.99,1
286,11,2,standard,468.06,1
108,13,3,deluxe,189.49,0
305,13,5,deluxe,461.77,0
112,8,5,family,110.34,0
34,2,1,standard,203.72,0
205,13,3,standard,129.54,0
309,9,5,deluxe,223.59,1
150,8,1,suite,417.35,0
106,1,1,family,419.52,1
364,3,3,deluxe,273.17,1
114,8,1,standard,460.96,1
265,1,2,standard,142.6,1
298,11,3,standard,157.95,1
200,1,5,deluxe,400.76,1
295,12,4,deluxe,150.14,1
283,7,1,standard,76.08,1
72,8,1,deluxe,263.96,0
305,7,4,deluxe,83.47,1
25,11,2,deluxe,62.35,0
356,1,4,standard,430.81,1
38,8,2,deluxe,258.93,0
97,1,3,deluxe,77.78,0
185,13,4,standard,90.38,0
208,8,2,standard,391.28,1
112,3,3,standard,278.62,0
22,1,3,deluxe,492.78,0
282,7,4,family,163.59,1
79,5,4,standard,449.31,1
64,6,2,standard,132.95,0
99,2,5,suite,50.58,1
326,11,4,standard,251.41,1
322,13,2,suite,180.7,1
267,2,4,suite,220.39,1
195,8,4,standard,310.55,1
63,4,3,standard,188.67,0
299,9,3,deluxe,155.06,1
308,13,5,suite,439.41,0
349,6,3,suite,346.67,1
263,12,4,family,393.49,1
259,7,3,standard,377.17,1
351,1,1,family,204.28,1
27,1,5,standard,134.32,0
26,7,2,deluxe,238.78,0
325,8,5,standard,275.51,1
6,13,5,deluxe,205.17,0
29,12,5,suite,408.63,0
162,3,2,standard,398.83,0
39,3,5,family,499.13,0
291,6,3,standard,89.82,1
342,3,4,suite,105.68,1
171,1,1,standard,113.52,0
160,10,2,family,64.41,1
251,7,3,deluxe,425.12,0
329,13,4,family,179.49,1
10,9,4,family,499.41,0
24,13,5,suite,450.62,0
274,10,2,standard,489.09,1
190,3,3,deluxe,63.87,1
128,11,1,deluxe,134.02,0
363,11,4,deluxe,196.33,1
0,3,3,family,279.59,0
304,7,5,deluxe,214.08,1
10,13,2,family,349.25,0
199,3,4,standard,442.73,1
227,3,3,deluxe,274.31,1
0,13,1,standard,295.53,0
139,8,5,standard,271.25,0
304,5,1,deluxe,406.79,1
1,3,4,standard,101.9,0
341,7,5,deluxe,141.38,1
169,13,1,standard,470.77,0
236,10,5,standard,111.73,0
221,10,2,standard,416.64,1
325,13,1,family,198.85,0
102,2,2,suite,78.42,0
219,12,1,standard,266.95,0
69,8,4,deluxe,353.11,0
11,1,4,standard,448.37,0
22,10,2,standard,118.76,0
127,12,3,family,228.35,0
204,8,4,standard,419.99,1
322,10,3,standard,67.68,1
116,3,4,suite,449.54,0
241,3,1,standard,87.32,0
126,8,5,suite,311.09,0
160,5,1,standard,157.07,1
66,13,5,standard,488.9,0
242,4,2,deluxe,171.65,1
301,6,2,standard,427.88,1
341,6,5,standard,346.9,1
202,7,2,standard,456.39,0
318,8,4,suite,358.17,1
51,7,3,deluxe,493.05,0
145,12,3,standard,287.25,1
259,11,4,standard,368.57,1
251,4,4,standard,415.5,1
47,5,1,standard,226.63,0
339,1,1,standard,434.54,1
335,2,1,suite,476.48,1
301,7,3,standard,294.87,1
229,4,5,standard,225.95,1
156,4,3,standard,471.02,1
296,13,3,deluxe,359.25,1
132,10,1,suite,234.84,0
346,3,2,deluxe,180.58,1
228,11,4,deluxe,193.69,0
183,10,5,deluxe,348.04,0
237,9,3,standard,288.93,1
334,8,2,family,497.8,1
18,5,3,deluxe,325.28,1
101,5,1,standard,351.8,1
208,3,5,deluxe,265.16,1
256,4,2,deluxe,164.15,1
149,5,5,family,253.08,1
79,5,4,family,259.94,0
215,7,1,suite,353.27,1
2,12,2,standard,331.69,0
149,6,4,standard,121.73,1
344,12,2,suite,267.31,0
363,13,5,standard,474.49,1
154,7,4,suite,452.85,1
238,9,3,standard,475.35,0
283,13,3,standard,284.85,1
154,13,5,deluxe,433.64,1
286,11,3,standard,133.89,1
181,12,2,standard,150.15,1
227,9,5,deluxe,298.33,1
169,7,2,standard,318.37,1
3,5,3,standard,87.18,0
125,8,4,deluxe,368.91,0
94,8,4,family,221.93,0
349,1,4,family,151.97,1
222,11,2,family,172.17,0
55,11,1,suite,201.02,0
272,4,3,suite,267.62,0
256,11,3,suite,388.07,1
141,5,5,deluxe,428.5,0
340,6,5,standard,459.56,1
125,8,3,standard,452.42,0
344,5,5,deluxe,139.23,1
3,8,2,standard,66.04,0
242,9,5,deluxe,252.34,1
87,10,5,standard,206.76,0
362,10,1,suite,279.02,1
44,2,4,family,315.28,0
232,12,5,deluxe,224.94,1
303,1,5,suite,168.56,1
35,10,2,standard,266.03,1
276,8,3,deluxe,277.95,1
292,5,3,deluxe,484.95,1
1,10,5,suite,388.61,0
128,11,3,standard,183.21,0
307,2,5,standard,213.24,1
100,10,5,standard,71.02,0
190,8,2,suite,147.43,0
334,11,1,standard,65.88,1
169,12,5,family,440.68,0
142,4,5,standard,263.41,1
360,10,4,deluxe,264.69,1
246,13,5,family,162.13,0
53,6,4,deluxe,305.63,0
72,1,3,standard,132.84,0
8,13,1,standard,394.33,0
162,10,1,suite,418.96,0
145,9,3,deluxe,129.64,0
250,9,3,standard,408.96,1
105,9,4,standard,51.05,0
315,8,3,standard,316.57,1
88,5,4,suite,470.36,0
222,1,3,standard,194.29,1
28,10,4,standard,112.55,0
240,12,3,deluxe,190.36,0
109,1,1,deluxe,435.4,1
303,8,5,family,281.73,1
35,2,4,suite,251.45,0
62,11,4,standard,95.49,0
185,13,5,suite,462.37,0
81,2,4,standard,73.17,0
342,6,2,suite,265.97,1
310,2,1,standard,269.03,1
360,11,3,standard,307.65,1
320,4,5,suite,366.14,1
149,8,1,standard,212.62,1
271,6,4,standard,260.88,1
333,10,4,standard,129.51,1
98,3,4,family,370.84,0
67,11,4,standard,76.3,0
149,5,5,suite,100.3,0
253,3,5,deluxe,464.8,1
180,1,5,deluxe,330.78,1
339,12,2,standard,456.41,1
269,7,3,family,405.49,1
158,13,2,deluxe,412.3,0
215,1,2,deluxe,374.74,1
188,6,3,family,406.86,1
205,1,1,standard,166.52,1
175,1,2,suite,170.76,1
189,11,1,suite,276.97,0
65,2,5,family,477.54,0
82,9,4,suite,390.07,0
315,10,4,deluxe,430.78,1
74,11,5,suite,324.61,0
39,2,4,suite,246.06,0
201,9,3,family,382.83,0
182,13,5,family,448.49,0
251,6,5,suite,174.47,1
355,10,4,deluxe,84.53,0
105,9,1,suite,384.91,0
267,11,2,family,113.31,0
275,5,4,suite,490.83,1
246,12,1,deluxe,110.72,0
283,8,1,suite,280.61,0
200,8,5,suite,388.07,1
146,7,1,deluxe,197.94,1
240,6,4,deluxe,93.49,1
20,9,1,family,146.65,0
127,2,3,deluxe,335.46,1
142,5,4,family,248.45,1
208,9,1,deluxe,86.43,0
61,6,3,standard,53.54,0
102,2,3,deluxe,252.85,0
36,7,4,family,272.29,0
361,8,3,standard,95.69,1
134,2,1,suite,354.92,0
268,3,4,standard,255.71,1
190,10,1,suite,266.45,0
100,8,2,deluxe,253.42,0
248,7,5,standard,175.13,1
309,2,2,family,487.99,1
71,12,2,standard,455.53,1
2,2,3,standard,50.11,0
360,2,1,suite,470.28,1
61,2,2,standard,471.71,0
315,3,2,standard,253.66,1
64,9,3,standard,444.55,1
81,8,3,deluxe,185.22,0
22,12,5,family,307.82,0
46,2,3,deluxe,177.49,0
193,7,5,suite,316.91,1
115,12,4,family,450.57,1
247,8,4,suite,204.72,0
60,10,4,suite,275.62,0
257,12,5,family,393.99,1
179,7,1,deluxe,448.05,1
274,10,1,standard,293.18,1
240,4,2,suite,155.61,1
212,10,5,standard,262.36,1
99,8,2,standard,430.35,1
352,11,3,suite,199.19,0
251,7,2,deluxe,107.97,1
282,13,1,suite,185.4,0
197,4,4,family,146.48,0
64,2,1,family,230.45,0
27,9,2,deluxe,392.59,0
173,4,2,family,270.92,1
74,2,4,standard,83.03,0
46,8,1,deluxe,308.13,0
300,11,1,deluxe,211.26,0
166,3,5,suite,219.58,1
270,6,5,standard,295.45,0
347,2,5,family,192.22,1
307,5,5,standard,460.03,1
73,2,2,deluxe,370.15,1
27,2,1,standard,452.64,0
131,13,2,standard,241.51,1
107,1,3,deluxe,292.2,0
23,10,3,standard,177.95,0
300,2,1,standard,210.21,1
111,7,3,standard,107.65,0
247,2,4,standard,463.72,1
315,4,4,standard,305.44,1
194,10,1,standard,482.14,1
175,3,2,standard,381.79,0
194,9,5,family,206.95,1
341,4,1,suite,70.31,1
26,11,1,deluxe,435.26,0
59,11,3,standard,120.26,0
336,3,4,suite,128.18,1
231,9,2,deluxe,80.64,1
200,5,4,deluxe,175.77,0
240,9,3,deluxe,190.24,1
222,5,2,deluxe,166.79,1
29,6,4,family,443.91,0
209,2,4,suite,438.1,1
42,2,2,deluxe,104.83,0
21,7,4,standard,70.22,0
202,6,1,standard,403.88,0
304,8,2,family,350.03,0
60,4,5,suite,215.18,0
54,7,5,standard,402.35,0
62,9,4,family,236.74,1
31,9,4,deluxe,197.68,1
159,13,3,standard,459.93,1
56,9,3,standard,339.25,0
299,6,4,suite,168.39,1
173,2,2,family,322.98,0
343,4,5,deluxe,332.95,1
258,10,5,standard,393.56,0
278,4,2,standard,388.02,1
222,11,2,standard,421.17,0
138,7,2,deluxe,169.46,0
12,2,2,deluxe,392.84,0
351,13,5,standard,192.44,1
324,3,2,standard,307.81,1
14,5,2,family,465.44,0
110,3,3,deluxe,419.35,1
15,2,4,deluxe,399.24,1
364,2,2,family,329.68,1
362,9,3,standard,278.5,1
358,8,4,standard,388.82,1
191,10,2,standard,487.6,1
77,2,5,standard,95.2,0
301,8,2,standard,288.49,1
172,8,5,deluxe,303.78,1
1,9,3,deluxe,414.56,0
206,11,3,standard,352.99,0
214,7,3,suite,283.25,1
104,12,2,deluxe,389.11,0
139,10,2,suite,77.39,0
249,10,1,standard,449.38,1
71,2,4,suite,463.95,0
55,12,2,family,243.06,0
264,5,1,suite,104.47,1
281,7,5,deluxe,445.32,1
239,8,3,standard,442.13,1
179,10,3,suite,81.09,0
180,3,1,deluxe,66.31,0
187,10,3,deluxe,89.88,1
224,3,5,deluxe,492.57,1
40,7,5,deluxe,304.96,0
357,2,5,standard,466.4,1
209,11,1,suite,434.23,0
207,1,2,standard,180.29,1
256,2,4,deluxe,74.21,1
16,4,3,standard,285.69,0
122,1,3,suite,206.52,0
222,7,4,deluxe,251.79,1
98,11,1,family,461.96,0
237,3,4,family,179.63,1
238,6,3,deluxe,304.83,1
181,3,3,suite,202.03,1
288,1,4,standard,286.99,1
294,11,4,family,455.31,1
114,13,5,suite,328.03,0
144,2,1,suite,52.25,0
353,2,3,standard,476.07,1
