movie_id,genre,language,runtime_min,critic_score,audience_score,release_year,num_awards,recommend
1,animation,hindi,128,26.8,90.9,2010,5,1
2,animation,english,105,63.5,95.6,2018,6,1
3,thriller,english,168,92.7,68.6,2013,2,1
4,animation,english,165,33.5,42.3,2012,11,0
5,animation,english,177,83.1,81.7,2015,4,1
6,drama,hindi,177,80.2,87.1,2001,9,1
7,action,english,151,54.8,27.3,2004,2,0
8,drama,english,112,86.5,66.2,1995,0,1
9,animation,english,84,42.5,57.0,2020,10,0
10,drama,hindi,83,73.5,41.2,2020,3,1
11,thriller,english,147,42.2,22.6,2003,6,0
12,comedy,spanish,136,93.1,85.2,1995,9,1
13,comedy,korean,179,90.0,71.7,2013,6,1
14,comedy,hindi,164,94.6,33.9,2014,4,1
15,drama,english,75,38.9,20.9,2007,11,0
16,thriller,hindi,119,40.4,40.2,2009,8,0
17,drama,hindi,173,93.7,81.9,2022,5,1
18,drama,hindi,146,92.2,50.6,2024,1,1
19,drama,english,143,88.9,86.5,2012,8,1
20,action,hindi,112,52.7,53.6,2024,2,0
21,action,hindi,153,96.8,69.5,2014,11,1
22,drama,korean,83,96.8,48.2,2008,1,1
23,comedy,hindi,176,99.1,29.9,2002,4,1
24,action,korean,142,69.0,45.2,2023,0,0
25,thriller,korean,150,73.7,37.1,2002,6,0
26,comedy,hindi,133,24.8,34.5,2007,8,0
27,drama,hindi,159,81.2,75.9,2008,11,1
28,thriller,hindi,154,90.9,60.6,2008,5,1
29,drama,hindi,156,81.4,30.8,2021,0,0
30,drama,english,122,97.8,84.1,2015,7,1
31,comedy,korean,141,53.9,34.6,2004,1,0
32,thriller,hindi,136,52.3,62.7,1998,11,0
33,drama,english,136,43.2,58.3,1998,4,1
34,action,english,178,87.0,82.0,2014,9,1
35,animation,english,157,31.6,56.4,2017,7,0
36,drama,hindi,146,20.0,24.6,2013,5,0
37,action,korean,175,89.9,72.6,2013,2,1
38,action,english,75,87.9,44.9,2004,11,1
39,animation,hindi,116,32.2,43.2,2011,11,0
40,animation,hindi,80,38.9,28.7,2018,7,0
41,animation,hindi,158,76.0,59.5,2000,1,1
42,drama,english,141,96.9,43.0,2023,7,1
43,action,english,119,50.5,59.1,1995,11,1
44,action,english,102,39.4,84.4,2000,4,0
45,drama,hindi,114,35.1,26.1,2010,2,0
46,comedy,english,96,56.1,45.1,2015,9,0
47,thriller,english,92,34.1,67.9,2009,2,0
48,comedy,english,75,92.1,73.4,2008,3,1
49,comedy,english,127,29.4,46.6,1998,3,0
50,comedy,korean,98,63.6,47.9,2023,8,1
51,comedy,hindi,142,99.7,60.1,2003,8,1
52,thriller,hindi,154,28.9,67.8,2018,4,0
53,thriller,english,125,68.8,20.3,1996,10,0
54,thriller,spanish,95,21.7,63.4,2000,11,0
55,drama,english,175,33.6,42.7,2008,8,0
56,drama,english,148,84.8,99.1,2017,4,1
57,action,english,116,37.1,49.7,1995,2,0
58,action,english,133,96.6,62.1,2019,10,0
59,comedy,spanish,162,27.9,90.4,1997,9,1
60,comedy,english,162,44.2,76.9,2014,3,0
61,thriller,hindi,156,46.1,59.8,1996,7,0
62,thriller,spanish,160,62.8,82.4,2013,4,1
63,action,english,102,78.6,63.7,2016,8,1
64,thriller,korean,111,56.0,23.4,1995,6,1
65,action,english,116,78.4,92.9,2014,5,1
66,comedy,korean,125,43.5,88.1,2006,6,1
67,animation,hindi,178,81.6,81.3,2007,3,1
68,thriller,hindi,75,55.3,72.6,2020,11,0
69,animation,hindi,125,33.2,81.9,2019,10,0
70,action,spanish,105,86.7,45.1,1998,10,0
71,action,english,152,55.7,36.5,1998,4,0
72,comedy,hindi,119,78.5,66.3,1997,1,0
73,action,english,81,84.7,89.9,2020,8,1
74,action,korean,177,64.4,63.0,2020,8,1
75,thriller,korean,116,87.4,96.7,2019,8,1
76,comedy,spanish,80,31.5,69.2,2024,0,0
77,action,english,158,30.5,32.1,2022,11,0
78,comedy,korean,109,48.4,85.5,2004,4,1
79,action,hindi,161,77.3,81.3,2001,0,0
80,drama,hindi,110,26.6,76.6,2021,9,0
81,action,english,128,57.9,81.9,1999,8,1
82,drama,korean,102,35.4,82.6,2007,7,0
83,action,english,102,95.5,93.8,1996,10,1
84,action,english,117,24.8,59.6,2004,6,0
85,action,english,133,55.9,42.1,2021,10,1
86,thriller,spanish,100,56.8,93.1,2018,2,0
87,comedy,hindi,92,32.9,72.1,2010,5,0
88,thriller,english,147,63.4,58.1,2012,6,0
89,comedy,korean,112,36.6,48.4,1995,3,0
90,animation,english,141,61.6,96.1,2008,1,1
91,thriller,korean,164,42.2,83.6,2020,7,1
92,animation,english,97,79.1,41.6,2001,9,1
93,drama,english,97,54.5,97.7,2016,10,1
94,drama,english,168,35.2,52.6,2018,8,0
95,drama,english,93,22.5,44.5,2022,7,0
96,comedy,english,158,61.6,96.2,2020,2,1
97,drama,korean,165,38.0,50.0,2016,4,0
98,thriller,english,138,89.8,28.0,2016,7,1
99,comedy,hindi,123,67.1,74.6,1998,9,1
100,drama,hindi,110,98.3,57.5,2008,4,1
101,drama,spanish,75,68.2,97.7,2004,11,1
102,action,english,84,91.8,68.0,2024,4,1
103,action,hindi,170,33.5,26.3,1997,2,0
104,thriller,english,142,36.5,75.9,2024,8,0
105,action,korean,146,20.0,98.2,2018,9,1
106,action,english,168,86.9,86.0,2009,7,1
107,comedy,english,126,21.5,33.1,2015,2,0
108,action,spanish,126,38.1,53.9,2004,5,0
109,thriller,hindi,93,27.2,39.8,1997,4,0
110,comedy,english,140,26.5,47.0,2016,2,0
111,action,english,152,50.9,58.4,1996,1,0
112,comedy,hindi,101,29.7,36.6,2013,4,0
113,thriller,hindi,136,95.7,47.4,2018,0,1
114,thriller,hindi,88,25.6,61.6,2012,8,0
115,action,hindi,80,61.0,54.5,1996,7,0
116,action,english,92,44.0,98.8,2004,2,0
117,action,english,155,68.7,51.7,1999,0,0
118,animation,korean,162,48.0,75.6,2014,4,0
119,animation,english,151,74.0,86.5,2002,6,1
120,drama,english,174,70.3,45.2,2007,5,0
121,thriller,hindi,171,97.6,84.0,2014,3,1
122,thriller,english,117,35.5,92.8,2000,2,0
123,drama,english,159,55.2,61.6,1998,0,0
124,drama,english,163,22.3,48.8,2008,5,0
125,action,english,81,45.4,46.3,2007,8,1
126,action,english,130,23.0,86.3,2014,6,1
127,animation,english,132,29.5,70.2,2021,5,0
128,animation,english,169,46.2,35.5,2001,1,0
129,animation,english,124,94.7,30.5,2013,6,1
130,drama,english,102,99.1,29.7,2008,1,1
131,action,korean,78,55.2,56.8,2000,10,0
132,comedy,english,179,86.1,51.2,2011,5,1
133,action,korean,96,52.0,34.4,2004,2,0
134,thriller,english,108,41.0,35.6,2005,10,0
135,drama,hindi,88,24.9,50.7,2019,3,0
136,thriller,english,120,35.6,83.4,1997,3,1
137,action,english,94,43.8,22.4,2015,5,0
138,drama,hindi,156,33.4,70.7,2003,10,0
139,comedy,korean,96,42.1,23.4,2011,10,0
140,comedy,hindi,89,29.7,56.6,2018,10,0
141,drama,korean,129,76.0,52.4,2013,7,1
142,thriller,spanish,151,21.9,70.4,1995,0,0
143,drama,english,174,44.7,75.0,2006,4,1
144,drama,hindi,143,85.8,38.9,2023,5,1
145,drama,english,157,27.0,23.8,2018,1,0
146,action,hindi,93,76.2,45.5,2000,10,0
147,comedy,english,104,53.1,41.7,2023,2,0
148,action,english,114,47.5,34.8,1998,1,0
149,drama,hindi,96,44.5,86.1,2012,6,1
150,drama,korean,158,90.6,82.3,1996,8,1
151,comedy,hindi,152,22.2,72.1,2022,7,0
152,action,english,156,82.0,36.3,2018,5,0
153,comedy,english,158,87.3,72.3,2016,4,1
154,action,english,112,48.8,79.0,2004,11,1
155,thriller,english,171,43.3,38.4,1996,2,0
156,drama,english,100,39.7,82.1,1996,8,0
157,comedy,hindi,100,35.6,68.4,2017,6,0
158,thriller,english,146,59.4,59.4,2018,5,0
159,thriller,korean,140,25.4,30.0,2019,6,0
160,comedy,english,97,25.6,20.8,2004,0,0
161,drama,hindi,95,59.3,74.3,1998,1,0
162,comedy,english,137,59.8,28.7,1999,7,0
163,drama,english,166,58.1,25.7,2012,2,0
164,action,hindi,90,67.0,52.4,2020,10,1
165,drama,english,96,47.2,68.5,2008,6,1
166,comedy,hindi,168,22.4,86.0,1997,4,0
167,comedy,hindi,119,60.9,28.1,2011,2,0
168,comedy,hindi,91,33.0,71.8,1999,4,0
169,drama,english,159,58.7,90.1,1995,10,1
170,thriller,hindi,156,80.8,32.1,2001,3,0
171,drama,korean,90,74.6,38.4,2010,7,1
172,animation,korean,178,31.3,22.0,2012,7,0
173,thriller,hindi,132,71.2,93.1,2002,7,1
174,comedy,hindi,103,62.8,77.6,2006,1,1
175,thriller,korean,81,98.9,90.0,2022,4,1
176,comedy,english,141,37.3,66.2,2015,7,1
177,comedy,english,138,43.9,60.0,2002,6,0
178,thriller,english,176,43.0,39.4,1996,7,0
179,thriller,english,138,37.1,95.7,2016,10,1
180,action,hindi,169,81.6,59.1,2011,0,0
181,drama,spanish,146,54.2,23.2,2019,7,0
182,drama,english,108,30.1,94.7,2012,7,1
183,action,english,83,55.3,67.8,2016,3,1
184,drama,english,179,55.1,45.1,1996,10,1
185,action,hindi,146,97.6,34.6,2000,8,1
186,comedy,english,80,91.4,46.3,2000,8,1
187,thriller,english,95,96.7,43.0,2012,1,0
188,drama,hindi,168,70.7,38.6,2011,1,0
189,drama,hindi,103,37.5,78.1,1997,11,1
190,drama,english,91,49.5,48.9,2009,0,0
191,comedy,hindi,133,43.8,84.9,2012,4,0
192,action,hindi,164,47.3,34.2,2023,5,0
193,thriller,english,100,87.3,63.0,2002,0,1
194,drama,english,153,69.1,88.4,2016,6,1
195,action,english,100,55.4,37.8,2015,7,0
196,drama,english,173,39.1,93.8,2005,10,0
197,thriller,hindi,86,26.1,60.7,2024,4,0
198,thriller,hindi,168,65.2,92.6,2022,9,1
199,drama,english,165,50.3,76.5,2017,0,0
200,thriller,spanish,165,59.2,50.6,2020,6,1
201,drama,english,84,94.7,42.9,1999,6,1
202,comedy,hindi,100,47.9,61.5,2014,11,0
203,animation,english,84,97.6,35.5,2014,1,0
204,comedy,english,164,71.2,62.5,2014,7,1
205,action,korean,103,49.3,43.3,2008,10,0
206,action,english,166,28.1,88.7,1999,2,0
207,comedy,english,178,96.0,87.5,2002,1,1
208,comedy,english,153,62.7,25.4,2011,0,0
209,comedy,korean,98,47.8,73.9,1995,4,0
210,animation,hindi,168,23.2,89.0,2010,11,1
211,action,hindi,103,40.7,27.6,2006,4,0
212,drama,hindi,111,20.1,95.7,2005,6,1
213,action,korean,133,37.5,50.3,2003,7,0
214,comedy,korean,80,50.0,52.0,2006,1,0
215,animation,spanish,139,83.6,84.6,2012,5,1
216,animation,english,77,77.7,46.2,1995,7,1
217,animation,hindi,169,30.2,59.4,2023,9,0
218,action,english,83,46.3,99.7,2015,8,1
219,drama,korean,121,59.0,44.3,2007,9,1
220,comedy,english,96,73.5,57.3,2005,4,0
221,thriller,english,143,58.0,57.9,2009,4,0
222,thriller,english,141,82.9,49.3,1997,11,1
223,action,spanish,131,83.8,33.0,2021,3,1
224,action,hindi,120,77.5,73.5,1999,8,1
225,drama,hindi,148,70.5,36.5,2021,8,0
226,action,english,113,44.4,95.9,2007,3,1
227,thriller,english,159,34.7,79.8,2023,2,0
228,comedy,spanish,78,26.8,84.5,2017,6,0
229,drama,english,88,42.6,31.8,1996,7,0
230,drama,hindi,103,93.0,57.2,2008,1,1
231,comedy,hindi,167,36.4,89.0,2006,0,0
232,thriller,hindi,113,57.7,62.5,2016,5,0
233,animation,spanish,146,79.7,93.8,2019,7,1
234,comedy,korean,138,93.6,38.1,2010,4,0
235,drama,english,139,67.5,85.5,2017,5,1
236,thriller,korean,143,78.8,78.0,2018,5,1
237,comedy,english,136,67.2,42.8,2015,7,0
238,thriller,english,93,48.1,54.0,2002,9,1
239,comedy,spanish,146,35.2,62.1,1995,8,0
240,drama,english,152,57.1,67.6,2011,2,1
241,action,english,138,57.8,57.6,2000,2,1
242,action,spanish,103,51.5,81.3,2009,11,1
243,thriller,english,142,73.3,91.6,2021,10,1
244,action,english,124,32.9,32.5,2013,7,0
245,action,hindi,128,46.8,77.8,2002,2,0
246,drama,spanish,86,23.8,97.8,2021,6,1
247,animation,korean,102,88.2,87.6,2017,7,1
248,thriller,english,138,73.1,31.8,2020,1,0
249,thriller,english,134,86.7,40.9,2002,3,0
250,thriller,hindi,130,40.7,45.2,2023,5,0
251,drama,hindi,110,31.7,20.2,2022,7,0
252,action,english,149,22.5,87.6,2020,1,0
253,drama,english,109,37.9,28.5,1997,4,0
254,comedy,hindi,79,25.3,95.9,2003,4,1
255,drama,english,82,86.5,65.1,2009,2,1
256,action,english,165,43.6,51.7,2002,2,0
257,action,english,157,28.7,91.1,2006,3,0
258,thriller,english,162,56.0,34.7,2018,7,0
259,drama,hindi,168,23.9,59.5,2014,8,0
260,thriller,english,175,47.3,56.2,2006,3,0
261,drama,english,163,72.0,87.4,2002,11,1
262,thriller,hindi,131,73.7,34.0,2015,8,1
263,action,english,131,67.3,74.6,2013,9,1
264,drama,hindi,93,35.3,71.9,2022,0,0
265,action,spanish,86,66.7,79.7,2003,1,1
266,thriller,hindi,102,96.9,49.4,2015,11,1
267,animation,english,83,59.0,22.0,2002,10,0
268,action,english,165,69.3,61.7,2013,3,0
269,action,english,164,97.1,87.2,2010,1,1
270,action,english,95,87.2,24.4,1999,2,0
271,thriller,hindi,102,32.2,96.2,2011,6,0
272,comedy,english,102,24.7,31.1,2007,6,0
273,action,english,166,98.6,77.2,2004,2,1
274,animation,english,106,87.0,37.1,2005,8,1
275,drama,english,85,95.6,63.1,2008,4,1
276,action,korean,85,48.3,32.7,1999,8,0
277,drama,english,95,62.9,22.3,2000,3,1
278,drama,hindi,129,30.5,98.9,2000,8,1
279,drama,english,139,38.0,62.5,2005,3,0
280,comedy,spanish,79,21.7,86.5,1998,7,0
281,action,english,89,83.1,70.6,2011,11,1
282,action,hindi,149,46.3,29.5,2022,0,0
283,animation,korean,105,82.3,95.2,2009,7,1
284,drama,korean,107,26.1,44.1,2021,9,0
285,action,english,179,61.5,28.1,2018,9,0
286,drama,english,163,27.1,71.2,2011,1,0
287,drama,korean,77,21.5,35.6,2007,6,1
288,drama,hindi,142,88.9,91.5,2010,0,1
289,comedy,spanish,144,58.4,71.5,1997,4,0
290,drama,english,173,80.1,58.3,2023,11,1
291,comedy,korean,139,77.5,63.7,2022,4,1
292,comedy,korean,130,26.0,52.9,2022,1,0
293,animation,english,93,23.1,79.4,2022,5,0
294,thriller,english,130,49.9,82.4,1998,7,1
295,animation,hindi,135,74.2,41.7,2024,5,1
296,drama,english,112,21.0,43.6,2009,7,0
297,action,english,142,63.5,78.6,2021,4,1
298,animation,spanish,140,86.6,39.6,2005,3,0
299,thriller,spanish,90,66.4,63.6,2008,6,0
300,thriller,english,156,99.9,52.5,2022,8,1
301,drama,hindi,146,27.2,57.7,2000,4,0
302,drama,english,94,99.1,97.2,2018,10,1
303,drama,english,140,40.3,63.7,2002,0,0
304,drama,english,176,52.4,99.4,2010,9,1
305,animation,english,130,93.9,98.2,2006,11,1
306,comedy,hindi,139,77.4,86.0,2014,10,1
307,action,korean,170,65.6,75.6,1998,2,1
308,action,spanish,129,23.3,99.1,2016,8,1
309,drama,korean,153,59.1,96.0,1995,9,1
310,comedy,spanish,176,74.9,31.9,2009,10,0
311,drama,english,175,60.1,95.7,2000,9,1
312,comedy,english,125,80.3,59.2,2002,6,0
313,thriller,english,127,83.5,79.0,2021,11,1
314,drama,english,171,77.5,27.9,2009,3,0
315,action,korean,123,40.6,35.5,1995,4,0
316,action,spanish,153,22.8,90.6,2004,5,0
317,action,korean,130,38.7,61.5,1996,11,1
318,thriller,english,163,28.7,80.4,2004,9,1
319,drama,english,175,27.9,81.5,2012,8,0
320,thriller,hindi,133,36.5,73.1,2012,1,0
321,action,english,120,54.5,33.8,2023,4,0
322,drama,korean,109,65.5,36.9,2014,7,1
323,animation,english,122,96.8,30.2,2022,10,1
324,thriller,hindi,165,46.8,27.9,2019,10,0
325,drama,english,166,51.1,22.5,2000,7,0
326,comedy,hindi,118,53.7,67.6,2015,2,0
327,thriller,spanish,170,76.3,85.7,2006,9,1
328,thriller,korean,90,52.4,33.9,2024,9,1
329,thriller,hindi,94,62.4,98.9,2018,2,0
330,action,english,143,40.2,33.0,2022,0,0
331,action,spanish,88,58.0,41.2,2005,9,1
332,drama,hindi,157,40.0,96.9,1996,6,1
333,drama,korean,87,28.4,97.8,2014,0,0
334,comedy,english,157,47.6,45.0,2000,5,0
335,action,spanish,109,36.8,35.4,1997,10,0
336,drama,korean,89,85.7,84.7,2001,8,1
337,action,english,165,91.6,30.6,2011,10,1
338,action,english,106,53.4,76.4,2009,9,1
339,drama,korean,95,66.4,79.0,2015,11,1
340,drama,korean,107,38.4,96.0,2009,3,1
341,comedy,hindi,90,72.1,29.6,1995,6,0
342,animation,english,94,72.1,48.7,2013,2,0
343,action,korean,98,66.0,86.4,2003,8,1
344,drama,spanish,146,45.2,80.5,2014,4,0
345,comedy,hindi,93,77.8,71.2,1999,7,1
346,drama,english,107,50.1,74.6,1996,0,1
347,action,spanish,123,87.7,77.4,2015,6,1
348,action,korean,88,80.8,75.2,2012,8,1
349,thriller,hindi,140,55.0,49.1,2017,4,0
350,action,hindi,127,92.3,81.5,2009,9,1
351,animation,english,175,39.6,37.7,2013,6,0
352,comedy,spanish,93,28.6,38.7,2003,11,0
353,comedy,english,173,72.9,47.7,2011,9,1
354,thriller,korean,127,52.7,54.1,2012,3,0
355,comedy,english,109,89.3,89.3,2021,8,1
356,action,hindi,89,60.3,82.4,2001,5,1
357,animation,english,134,87.4,23.1,2017,10,1
358,thriller,english,90,36.3,92.5,2004,11,1
359,comedy,hindi,114,52.7,34.7,2015,11,1
360,action,english,117,61.8,84.5,2007,11,0
361,drama,hindi,80,51.7,77.3,1998,9,1
362,thriller,hindi,143,56.7,56.9,2020,4,1
363,comedy,english,92,23.0,20.6,2004,2,0
364,thriller,hindi,159,87.9,94.8,2007,10,1
365,thriller,english,158,34.7,95.7,2018,9,1
366,drama,english,108,69.8,93.1,2010,2,1
367,animation,hindi,92,23.0,46.3,1998,11,0
368,thriller,english,113,22.5,39.8,2012,10,0
369,action,english,144,22.5,76.1,1999,2,0
370,thriller,english,85,94.0,91.7,2015,6,1
371,comedy,english,91,88.0,59.2,1995,0,1
372,drama,korean,157,23.7,88.6,2013,7,1
373,thriller,english,88,57.0,27.8,2009,1,0
374,action,korean,142,61.8,70.7,2018,7,1
375,action,english,104,78.3,33.3,2015,5,1
376,drama,english,145,59.4,31.7,1995,6,0
377,drama,hindi,83,27.6,52.5,1996,11,0
378,thriller,english,99,44.4,46.1,2005,10,0
379,action,english,179,51.5,59.0,1997,2,0
380,drama,korean,91,24.5,57.2,2001,8,0
381,action,hindi,125,99.2,51.8,2002,8,1
382,animation,korean,108,33.1,49.9,1999,9,0
383,comedy,english,120,42.1,34.0,2009,9,0
384,thriller,spanish,109,35.0,23.7,2008,9,0
385,drama,korean,84,87.8,70.0,2014,2,1
386,action,hindi,161,26.4,25.7,2024,0,0
387,thriller,hindi,112,36.3,97.5,2024,0,1
388,thriller,english,101,22.9,85.9,2006,7,0
389,drama,hindi,75,62.9,58.3,2020,6,1
390,comedy,hindi,135,92.9,62.5,1997,4,1
391,comedy,spanish,140,33.9,32.9,2017,2,0
392,action,english,82,45.2,91.3,1995,5,0
393,drama,english,85,82.0,30.7,2018,6,0
394,action,english,98,48.8,39.4,2009,6,0
395,thriller,english,75,38.1,28.3,2012,4,0
396,action,english,135,40.4,59.0,2018,8,0
397,action,english,123,63.8,27.5,2000,0,0
398,animation,english,88,94.7,59.8,2016,5,1
399,drama,korean,126,81.4,46.6,1998,9,1
400,drama,english,170,85.1,99.7,2021,11,1
401,drama,hindi,135,80.7,67.0,2000,2,1
402,action,english,153,48.0,52.3,2023,7,0
403,drama,spanish,125,26.6,74.6,2008,3,0
404,animation,korean,162,44.7,71.7,1996,2,0
405,drama,korean,94,46.7,98.0,2024,7,1
406,thriller,english,129,44.0,51.6,2006,9,1
407,comedy,hindi,93,71.0,99.4,2009,8,1
408,animation,spanish,178,64.9,21.8,2010,0,0
409,drama,spanish,103,61.3,46.9,2012,3,0
410,comedy,korean,174,89.3,22.5,2017,6,1
411,drama,english,127,61.0,28.9,2000,11,1
412,drama,hindi,100,24.6,76.2,1999,6,0
413,drama,english,111,29.4,25.6,2002,8,0
414,animation,english,135,78.0,91.9,2012,1,1
415,action,english,124,60.2,35.0,1997,3,0
416,animation,spanish,113,74.7,82.1,2013,3,0
417,action,english,176,35.8,37.9,1999,6,0
418,comedy,hindi,149,52.0,25.3,2011,11,0
419,thriller,hindi,139,82.7,78.0,2008,6,1
420,action,english,128,34.6,85.4,2015,8,0
421,drama,english,115,68.1,60.8,1999,3,0
422,action,english,143,29.6,87.2,1998,3,0
423,comedy,english,108,47.0,90.6,2007,2,0
424,drama,english,173,43.6,27.9,2023,2,0
425,drama,spanish,80,82.7,52.5,2007,0,0
426,comedy,hindi,131,25.9,98.8,2016,5,1
427,action,english,112,62.2,80.8,1998,11,1
428,thriller,hindi,160,47.8,53.3,1999,2,0
429,animation,hindi,82,56.8,33.9,2006,7,0
430,comedy,hindi,109,78.1,58.8,2000,5,1
431,comedy,english,119,96.7,27.8,2017,3,0
432,drama,hindi,124,40.4,56.3,2000,1,0
433,drama,english,80,47.5,64.7,1995,1,0
434,drama,english,125,23.6,99.3,2024,8,1
435,action,hindi,84,82.0,92.8,2016,0,1
436,drama,korean,130,24.4,36.7,2013,2,0
437,action,korean,153,97.6,42.4,2024,8,1
438,comedy,hindi,139,33.6,98.6,2024,8,1
439,animation,english,171,52.9,63.5,2011,4,0
440,action,spanish,118,83.8,93.7,2022,4,1
441,drama,english,157,90.5,79.8,2015,8,1
442,drama,english,107,52.1,60.8,2008,7,1
443,action,korean,156,29.0,91.1,2008,5,0
444,action,hindi,164,94.7,59.3,2018,8,1
445,comedy,english,121,70.5,83.4,2012,10,1
446,action,spanish,152,97.1,34.6,2021,3,0
447,drama,english,107,20.8,96.5,2013,4,0
448,action,korean,109,23.3,70.8,2000,0,0
449,action,hindi,163,89.3,41.3,2023,4,0
450,drama,english,121,30.4,26.5,1995,4,0
451,comedy,english,146,63.6,45.6,1996,5,0
452,drama,english,110,86.3,67.6,1995,1,1
453,comedy,korean,144,79.9,43.7,2020,5,0
454,drama,english,116,68.1,23.1,1997,4,0
455,action,english,120,72.1,65.6,2024,1,0
456,action,english,128,56.4,27.7,2001,8,0
457,thriller,english,124,68.1,70.8,1999,7,1
458,comedy,english,141,41.1,67.0,2022,0,0
459,animation,english,136,83.4,31.0,2009,7,1
460,drama,english,157,36.7,72.9,2007,8,1
461,comedy,hindi,152,96.6,98.4,2002,9,1
462,drama,spanish,152,83.7,75.7,2005,3,1
463,action,english,88,22.2,60.4,2021,2,0
464,animation,korean,108,62.3,35.6,2010,0,0
465,action,english,104,37.2,83.5,2012,6,1
466,action,english,178,90.8,97.1,2013,7,1
467,drama,korean,152,98.6,82.6,2017,3,1
468,action,korean,169,98.4,91.9,2021,3,1
469,thriller,english,159,63.2,95.1,1997,0,0
470,action,korean,171,58.5,61.7,1996,0,0
471,drama,spanish,145,87.0,89.1,2016,10,1
472,drama,english,131,60.1,91.7,2008,10,1
473,action,korean,141,80.1,85.8,2001,5,1
474,drama,english,101,80.4,30.0,2013,10,1
475,action,english,95,94.8,52.1,2009,10,1
476,thriller,english,125,65.2,60.6,2005,9,1
477,thriller,english,93,67.9,32.6,2011,3,0
478,drama,english,115,58.9,98.9,2003,3,1
479,comedy,hindi,81,70.1,84.4,2009,2,0
480,thriller,english,97,91.7,21.7,2015,2,1
481,action,korean,169,86.7,44.3,2014,11,1
482,comedy,hindi,148,20.8,49.3,2001,0,0
483,thriller,english,162,73.5,98.2,1997,0,1
484,comedy,spanish,108,31.1,87.7,2019,8,1
485,drama,spanish,136,83.2,23.7,2013,11,1
486,drama,spanish,176,46.4,69.9,2001,3,1
487,animation,spanish,90,56.4,22.4,1996,11,0
488,action,english,144,89.9,21.6,2017,10,0
489,drama,korean,126,61.9,59.9,2019,1,1
490,animation,korean,150,67.0,27.8,1997,1,0
491,drama,hindi,124,92.0,27.5,2014,6,1
492,drama,english,135,25.6,56.9,2018,4,0
493,action,english,163,69.1,92.2,2006,10,1
494,animation,english,106,80.9,36.8,1996,5,0
495,thriller,english,129,72.1,96.9,2020,9,1
496,action,korean,115,34.4,86.4,2024,2,0
497,action,korean,86,75.6,61.2,2002,3,1
498,action,english,144,36.0,62.2,2013,1,0
499,drama,english,81,84.8,63.2,2012,4,1
500,comedy,korean,76,55.7,33.8,2009,5,0
501,thriller,english,114,93.6,73.2,2013,10,1
502,action,english,114,90.5,84.9,2005,4,1
503,thriller,english,79,74.1,39.9,2017,11,1
504,action,english,152,48.0,63.3,2016,9,1
505,thriller,korean,151,57.1,49.9,2008,7,0
506,thriller,english,134,71.8,70.0,2016,4,1
507,animation,english,111,56.6,46.5,2006,3,0
508,drama,hindi,105,29.1,50.9,2003,5,0
509,thriller,korean,121,41.5,35.8,1996,1,0
510,thriller,english,133,81.8,37.0,2009,0,0
511,action,english,147,88.5,35.4,1996,5,1
512,drama,english,144,20.9,90.8,2016,7,0
513,thriller,korean,75,43.3,67.7,2006,8,1
514,action,english,170,34.7,70.3,2013,9,0
515,action,korean,167,38.5,35.2,1997,1,0
516,comedy,english,136,90.7,38.8,2024,11,1
517,action,spanish,137,72.9,69.8,2024,1,1
518,drama,hindi,152,33.5,71.1,2016,9,0
519,drama,english,95,90.8,33.5,2016,8,1
520,animation,korean,101,98.0,72.3,2002,8,1
521,action,spanish,114,40.8,85.3,2008,10,1
522,drama,korean,87,62.0,20.7,2019,9,1
523,drama,korean,112,70.8,95.7,2010,5,1
524,comedy,english,123,43.9,48.7,2022,3,0
525,comedy,english,139,41.7,30.4,2007,6,0
526,comedy,english,87,56.6,59.2,2020,1,0
527,action,korean,90,31.1,24.6,2008,3,0
528,action,hindi,94,66.5,75.7,1997,11,1
529,action,english,80,94.3,32.7,2018,10,1
530,drama,hindi,111,54.7,39.1,1997,7,1
531,drama,hindi,83,95.2,36.9,2013,4,1
532,drama,hindi,145,99.0,20.3,1997,9,1
533,action,hindi,100,90.8,98.6,1999,3,1
534,drama,english,162,31.6,48.9,2009,9,0
535,action,hindi,174,49.2,52.5,2014,4,1
536,comedy,hindi,88,63.3,83.9,1995,9,1
537,action,spanish,92,90.8,69.0,2023,7,1
538,thriller,hindi,136,89.7,32.9,1997,11,1
539,drama,english,148,23.2,66.4,2012,4,0
540,drama,english,147,46.7,25.3,2003,11,0
541,thriller,english,133,56.2,51.5,2017,9,0
542,action,korean,76,24.2,96.6,2022,5,0
543,action,english,168,60.4,66.1,1996,2,0
544,thriller,hindi,86,37.3,47.9,2002,0,0
545,thriller,english,82,34.0,45.5,2005,10,0
546,thriller,korean,148,65.1,54.8,2000,9,1
547,thriller,english,130,96.1,28.3,2008,1,0
548,animation,spanish,97,59.2,55.2,2015,8,0
549,comedy,hindi,85,38.0,74.0,2006,8,0
550,animation,spanish,169,83.6,86.4,2023,6,1
551,comedy,english,82,92.8,35.5,2003,8,1
552,action,english,153,89.6,96.1,2023,6,1
553,drama,korean,130,78.2,20.4,2020,6,0
554,comedy,hindi,170,58.4,83.4,2011,4,1
555,thriller,english,128,22.9,79.7,2016,11,1
556,action,korean,163,26.5,92.9,2018,0,0
557,animation,english,137,46.7,61.0,2014,9,0
558,thriller,english,159,96.4,61.2,2012,1,1
559,thriller,korean,139,23.6,56.4,2003,7,1
560,drama,korean,82,99.3,75.5,2000,0,1
561,drama,english,91,78.9,40.0,2023,0,1
562,drama,hindi,119,76.6,97.2,2024,3,1
563,drama,korean,149,35.0,64.3,2018,2,0
564,comedy,english,98,54.4,50.0,2022,8,0
565,comedy,english,83,97.1,92.2,1995,4,1
566,thriller,english,136,83.2,28.2,2017,0,0
567,animation,english,91,81.7,43.5,2020,4,0
568,comedy,spanish,151,88.6,56.2,2021,6,1
569,thriller,english,168,56.0,81.9,2020,10,1
570,thriller,english,118,59.0,46.5,2017,3,0
571,comedy,spanish,120,33.3,47.1,1999,0,0
572,comedy,hindi,76,57.5,62.4,2015,10,0
573,animation,english,84,88.9,97.6,2012,9,1
574,action,english,78,53.1,52.0,2017,11,0
575,drama,korean,91,76.0,97.2,1996,10,1
576,action,english,107,86.2,68.8,2006,8,1
577,thriller,korean,110,87.7,73.2,2010,3,1
578,thriller,english,154,74.2,47.2,2015,7,1
579,drama,spanish,164,59.8,53.4,2019,10,1
580,drama,english,93,48.4,35.0,1999,2,0
581,action,hindi,84,57.6,25.1,2004,7,0
582,action,spanish,160,44.4,74.6,2013,9,0
583,action,hindi,119,24.8,28.6,1995,6,0
584,action,hindi,84,94.0,99.8,2001,11,1
585,comedy,hindi,179,68.7,59.4,1998,0,0
586,action,english,131,93.5,95.8,2005,11,1
587,drama,english,78,74.4,32.3,2022,11,1
588,animation,korean,103,83.5,47.4,2000,0,1
589,animation,hindi,152,29.8,77.7,2017,7,1
590,action,english,154,59.0,23.9,1997,2,0
591,drama,english,171,50.5,40.8,2015,2,0
592,thriller,english,110,26.7,86.2,2021,4,0
593,drama,hindi,173,59.0,49.3,2013,5,1
594,drama,spanish,85,54.4,57.7,2002,5,0
595,comedy,korean,136,25.1,96.2,2014,5,0
596,drama,english,83,22.6,65.8,2016,3,0
597,drama,english,157,81.1,47.5,2020,8,0
598,thriller,hindi,140,29.2,47.2,2024,11,0
599,comedy,spanish,117,61.5,53.3,2010,9,0
600,action,english,103,72.8,39.5,2015,0,0
601,thriller,spanish,141,79.2,44.5,2014,5,1
602,drama,english,158,69.9,38.3,2006,6,1
603,drama,english,109,34.3,68.4,2015,4,0
604,drama,english,86,92.1,33.1,2000,10,1
605,thriller,english,109,69.1,33.9,2005,7,0
606,action,english,130,94.9,40.3,2012,5,1
607,drama,english,179,88.8,67.7,2012,0,1
608,action,english,87,91.3,81.6,2003,7,1
609,drama,english,121,44.8,41.0,1995,3,0
610,thriller,hindi,132,86.9,22.0,2001,5,0
611,action,korean,135,62.4,67.7,2009,2,0
612,animation,hindi,92,70.6,69.0,2017,8,1
613,action,korean,82,78.2,61.2,2011,2,1
614,drama,spanish,170,23.9,22.1,2023,11,0
615,animation,english,130,74.1,57.4,2020,1,0
616,comedy,english,159,95.6,65.5,2006,3,1
617,action,english,133,96.9,41.9,2011,7,1
618,action,english,144,20.1,29.7,1999,5,0
619,comedy,english,124,88.4,46.0,1998,8,1
620,comedy,english,119,56.1,44.4,2001,0,0
621,comedy,hindi,168,74.9,35.0,2019,3,0
622,thriller,english,169,78.0,88.2,2018,10,1
623,comedy,english,150,52.6,33.0,2015,9,0
624,animation,hindi,179,55.8,76.5,2013,7,1
625,drama,hindi,132,87.1,51.4,1999,11,1
626,action,korean,103,71.4,33.9,2000,9,0
627,action,spanish,161,30.0,89.1,2001,5,0
628,action,hindi,141,54.2,94.0,2004,2,1
629,action,english,147,66.2,68.1,2007,1,0
630,comedy,korean,88,39.3,68.9,2005,2,0
631,drama,english,172,67.5,71.1,2007,7,1
632,drama,korean,178,77.8,20.8,2011,8,0
633,comedy,english,165,53.5,87.8,2010,3,0
634,thriller,korean,125,77.3,50.8,2020,7,1
635,animation,english,94,71.0,33.9,2003,9,1
636,thriller,english,87,37.2,26.4,2003,10,0
637,drama,hindi,92,89.2,87.8,2000,6,1
638,animation,hindi,76,46.9,83.3,2014,5,1
639,thriller,hindi,116,95.5,37.3,2013,9,0
640,action,english,144,21.7,20.1,2022,4,0
641,thriller,korean,80,77.7,66.1,2004,10,1
642,animation,english,129,67.5,64.3,1996,9,1
643,drama,korean,163,53.2,91.0,2013,0,1
644,animation,hindi,121,76.7,99.9,2000,5,1
645,thriller,english,94,93.2,31.3,2017,9,1
646,comedy,spanish,142,63.4,30.1,2009,9,1
647,comedy,korean,132,51.7,70.3,2009,8,1
648,animation,english,171,72.0,99.7,1998,10,1
649,drama,spanish,128,28.9,24.3,2017,0,0
650,thriller,english,151,46.5,64.6,2022,5,1
651,thriller,hindi,159,27.9,74.7,2006,0,0
652,thriller,english,160,61.8,20.4,2017,7,0
653,comedy,english,80,84.8,71.3,2016,10,1
654,thriller,korean,87,45.4,74.8,2005,6,1
655,animation,hindi,91,87.4,48.2,2013,6,1
656,thriller,spanish,130,48.2,82.0,2008,2,1
657,drama,hindi,152,79.2,29.8,2006,2,0
658,drama,hindi,168,59.8,34.0,2022,4,0
659,action,korean,135,71.5,41.0,2004,8,0
660,drama,english,113,98.3,27.7,2006,3,1
661,comedy,spanish,114,91.6,80.7,1996,4,1
662,drama,hindi,106,88.7,46.8,2008,0,0
663,thriller,hindi,156,22.0,80.0,2004,10,1
664,drama,hindi,151,65.0,79.2,2019,7,0
665,action,english,174,79.8,62.2,2006,3,1
666,action,hindi,116,73.2,61.7,1995,11,1
667,action,english,150,92.1,69.7,2008,2,1
668,comedy,english,158,99.1,67.5,2014,3,0
669,comedy,korean,127,95.6,91.5,2010,6,1
670,drama,spanish,157,36.4,56.5,2004,5,0
671,action,hindi,90,34.9,49.2,2002,3,0
672,drama,english,96,64.7,56.0,2003,10,1
673,comedy,english,105,62.2,85.1,2021,5,1
674,thriller,english,162,90.3,46.6,2006,8,1
675,animation,english,127,95.4,27.3,2013,8,1
676,thriller,korean,157,84.9,59.6,1998,6,1
677,drama,english,145,43.2,24.6,2012,7,0
678,drama,english,95,55.2,28.9,2005,7,0
679,thriller,korean,81,61.9,28.2,2018,8,1
680,drama,english,139,22.8,30.9,1998,5,0
681,thriller,spanish,174,59.2,34.9,2016,2,0
682,action,english,119,23.8,50.9,2005,1,0
683,drama,hindi,111,22.5,93.7,2006,9,0
684,drama,english,138,66.3,94.5,1996,2,1
685,animation,korean,126,72.0,31.3,2017,3,0
686,comedy,english,111,78.9,68.1,1998,10,1
687,thriller,hindi,137,59.6,68.0,2001,2,1
688,drama,english,150,69.1,37.6,2007,0,0
689,drama,english,87,56.0,35.9,2003,0,0
690,comedy,korean,170,89.8,59.8,2018,11,0
691,thriller,spanish,101,60.6,36.7,2003,6,0
692,thriller,english,125,90.6,51.6,1996,7,1
693,comedy,english,149,26.9,92.0,2017,0,0
694,drama,spanish,126,29.0,97.9,2006,6,1
695,drama,english,80,66.3,43.7,1995,4,0
696,action,hindi,165,47.3,24.2,2010,8,0
697,comedy,hindi,176,81.2,91.2,2013,0,0
698,thriller,english,168,50.6,42.4,2024,10,0
699,drama,english,153,35.1,69.2,2021,5,0
700,thriller,english,78,90.0,23.5,1999,4,0
701,thriller,english,94,45.8,71.7,1997,4,0
702,thriller,english,103,34.0,77.0,2020,6,1
703,drama,hindi,96,100.0,45.9,2017,3,0
704,thriller,english,159,86.9,80.6,2024,0,1
705,animation,korean,160,83.1,70.6,2003,7,1
706,drama,spanish,141,87.6,75.3,2009,1,1
707,action,korean,109,74.3,26.0,2000,7,0
708,action,spanish,148,67.9,42.5,2009,6,1
709,thriller,english,129,67.1,82.4,2015,8,1
710,comedy,english,156,37.0,23.2,1999,3,0
711,thriller,english,140,89.5,83.3,2013,10,1
712,action,english,160,61.1,57.3,2018,6,1
713,comedy,english,102,70.9,43.7,2011,1,0
714,action,english,157,46.8,93.1,2011,6,1
715,drama,english,145,66.4,62.9,2003,8,1
716,action,english,78,23.8,70.8,1999,3,0
717,drama,hindi,132,66.6,52.6,1998,5,1
718,action,english,94,40.9,75.0,2005,9,1
719,thriller,korean,104,36.8,70.2,2017,5,0
720,action,english,166,69.9,76.0,2001,10,1
721,action,hindi,99,70.8,52.4,2012,0,0
722,action,english,154,85.3,68.5,2016,1,0
723,comedy,english,154,57.3,23.6,2018,10,1
724,animation,english,119,39.6,56.4,2012,11,0
725,action,english,92,83.4,62.6,2013,9,1
726,drama,english,137,22.0,73.2,1996,5,0
727,thriller,english,89,36.0,39.4,1997,3,0
728,thriller,hindi,81,22.2,90.8,2020,9,1
729,thriller,english,107,70.7,47.6,2014,11,1
730,thriller,hindi,178,66.9,38.2,2013,1,0
731,comedy,korean,112,74.3,79.0,2009,11,1
732,animation,spanish,137,61.5,90.2,2003,5,1
733,comedy,english,88,59.1,72.6,2017,9,1
734,comedy,english,166,62.8,60.8,2001,11,1
735,comedy,english,178,38.8,95.2,2001,9,0
736,drama,spanish,108,89.7,57.4,2009,7,1
737,action,spanish,160,63.2,53.9,2016,9,1
738,animation,hindi,85,42.6,53.2,1999,9,1
739,comedy,english,167,81.0,90.6,2018,8,1
740,animation,hindi,89,97.9,27.4,2005,6,1
741,action,english,117,31.4,29.1,2015,6,0
742,action,hindi,103,44.8,94.6,2017,4,0
743,comedy,korean,139,93.2,72.7,1998,10,1
744,thriller,hindi,157,28.9,88.7,2004,7,0
745,drama,english,107,54.6,61.0,2011,6,1
746,comedy,english,102,37.7,28.4,2013,10,0
747,thriller,hindi,85,59.7,38.3,2008,6,0
748,action,hindi,102,84.0,56.1,1997,7,1
749,drama,korean,164,96.1,60.7,2002,4,1
750,drama,korean,116,76.8,89.0,2008,0,1
751,comedy,english,157,54.5,42.4,2001,3,0
752,thriller,english,119,93.1,88.8,2005,11,1
753,drama,hindi,179,59.4,38.2,1999,8,0
754,action,hindi,155,42.7,74.4,2012,5,0
755,drama,english,169,35.9,28.8,1997,8,0
756,action,english,137,62.7,35.7,2024,3,0
757,action,english,114,81.6,89.2,2007,2,1
758,comedy,hindi,152,58.6,83.6,2004,10,1
759,comedy,hindi,120,83.0,65.9,2023,8,1
760,drama,english,125,83.8,56.4,2014,0,0
761,comedy,korean,179,58.3,42.6,2014,10,0
762,thriller,english,118,52.9,51.8,2001,8,1
763,comedy,english,176,62.1,60.8,2021,8,1
764,comedy,hindi,136,30.1,83.0,2013,4,0
765,thriller,hindi,96,96.6,91.1,2002,6,1
766,drama,english,144,51.9,22.5,2014,10,0
767,drama,english,165,31.9,70.9,2013,0,0
768,thriller,english,116,32.9,92.6,2020,10,1
769,comedy,hindi,178,60.5,21.4,2019,2,0
770,thriller,english,174,48.4,54.8,1999,3,0
771,action,english,122,34.3,38.6,1998,0,0
772,drama,hindi,161,25.8,72.8,2016,9,1
773,action,korean,138,45.5,20.5,2003,2,0
774,comedy,english,90,24.0,25.1,2011,11,0
775,comedy,english,123,84.1,63.4,2024,4,1
776,action,english,161,62.9,83.7,2021,10,1
777,drama,english,147,20.5,30.8,2015,1,0
778,drama,english,112,22.2,21.6,2017,7,0
779,action,english,173,63.3,22.1,2008,3,0
780,action,hindi,124,67.5,40.9,2014,1,0
781,action,english,115,97.9,77.6,2012,7,1
782,comedy,english,177,39.6,33.8,2004,7,0
783,action,english,122,45.1,26.0,2011,11,0
784,action,english,152,64.4,68.4,2020,6,1
785,action,english,112,95.4,92.3,2008,4,1
786,action,hindi,140,73.6,20.6,1995,2,0
787,comedy,english,84,50.2,62.3,2022,8,1
788,drama,english,97,88.3,65.0,2003,0,0
789,thriller,korean,103,91.5,77.3,2010,5,1
790,drama,hindi,119,28.8,50.4,2019,2,0
791,drama,english,141,50.2,64.0,2010,10,1
792,action,english,87,29.9,23.9,2011,6,0
793,thriller,korean,138,94.5,32.5,2012,1,0
794,animation,english,179,81.4,95.8,2003,4,1
795,comedy,spanish,167,98.8,73.8,2020,10,1
796,action,hindi,168,98.2,40.8,2015,5,1
797,action,english,168,25.5,70.6,2003,8,1
798,drama,english,169,27.5,94.3,2005,11,1
799,animation,english,152,26.1,29.3,2020,10,0
800,comedy,english,153,39.2,94.2,2010,9,1
801,thriller,english,129,65.6,57.6,2007,8,1
802,thriller,english,163,52.6,40.2,2013,6,0
803,comedy,english,148,23.1,40.6,1997,2,0
804,action,english,106,84.3,38.9,2000,6,1
805,comedy,english,170,90.2,94.1,2017,1,1
806,action,spanish,132,60.6,58.2,2013,10,0
807,thriller,english,84,22.7,97.1,2010,9,1
808,drama,english,146,43.4,23.9,2000,9,0
809,thriller,english,90,82.0,25.9,2006,0,0
810,drama,english,160,63.9,78.5,2020,7,1
811,animation,english,160,27.3,68.6,2007,10,0
812,action,hindi,98,96.1,24.3,2005,11,1
813,drama,hindi,117,61.6,47.8,2009,9,1
814,action,hindi,93,54.7,24.0,2020,10,1
815,thriller,english,138,55.8,44.0,2000,8,1
816,drama,english,90,63.4,96.2,2014,8,1
817,thriller,korean,178,94.8,35.6,2004,7,0
818,thriller,english,94,36.5,71.1,2020,7,1
819,thriller,korean,78,61.9,73.5,2009,0,1
820,thriller,english,152,86.8,25.1,2016,4,0
821,action,english,167,51.5,60.3,2000,10,1
822,drama,hindi,174,69.7,86.6,2016,9,1
823,thriller,english,153,58.4,86.8,2018,3,1
824,drama,hindi,95,89.9,51.7,2009,0,1
825,comedy,english,154,93.9,73.0,1999,11,1
826,drama,english,89,68.4,94.1,2023,5,1
827,comedy,spanish,96,27.4,74.9,2020,4,0
828,animation,hindi,140,83.4,60.8,2004,5,1
829,action,spanish,101,58.4,34.3,2020,0,0
830,comedy,korean,136,32.5,26.8,2005,5,0
831,drama,english,93,26.7,37.6,2016,1,0
832,action,english,110,64.1,32.2,1995,10,0
833,action,english,132,40.9,58.4,2012,11,0
834,comedy,english,104,98.3,49.7,2009,10,1
835,drama,korean,144,31.3,65.4,1998,6,0
836,action,english,124,68.7,87.5,2013,0,0
837,thriller,spanish,151,63.2,24.5,2005,11,0
838,action,korean,149,45.9,83.7,2006,10,1
839,drama,english,104,37.3,30.7,2007,3,0
840,comedy,english,123,95.7,61.6,2013,7,1
841,action,english,107,74.3,40.1,1997,11,1
842,comedy,spanish,79,84.2,70.4,1995,10,1
843,animation,english,147,22.8,62.1,1996,1,0
844,thriller,english,132,44.5,84.7,2015,2,0
845,drama,korean,103,55.2,61.1,2022,0,1
846,action,korean,113,93.7,88.5,2017,6,1
847,animation,english,101,52.2,57.0,2016,11,1
848,drama,english,138,45.3,45.9,2014,9,0
849,action,english,125,32.0,47.1,2001,6,0
850,thriller,english,82,48.4,36.1,2021,4,0
851,comedy,korean,88,29.4,57.5,2020,9,0
852,thriller,english,154,66.5,72.4,2001,7,1
853,drama,hindi,176,39.8,44.5,1996,7,1
854,action,english,156,70.6,96.6,2012,8,1
855,thriller,korean,102,96.7,52.8,2017,5,1
856,action,korean,144,84.2,69.6,1997,8,1
857,thriller,english,135,36.5,61.1,2012,5,0
858,comedy,english,101,87.0,21.5,2021,0,0
859,action,spanish,99,68.3,88.6,2003,9,1
860,drama,korean,151,71.6,64.7,2023,2,1
861,action,english,106,43.7,41.3,2011,1,0
862,drama,english,115,43.2,93.6,2003,7,1
863,drama,english,82,87.1,73.4,2006,2,1
864,action,hindi,145,29.5,86.4,2010,3,0
865,comedy,hindi,140,58.4,45.6,2012,2,0
866,action,hindi,160,80.2,69.0,2004,7,1
867,comedy,english,146,56.8,61.0,2016,4,0
868,action,english,113,84.6,28.0,2020,3,1
869,comedy,korean,158,90.5,32.6,2003,9,1
870,thriller,english,109,79.2,95.1,2000,10,1
871,drama,hindi,141,73.9,26.8,2005,11,1
872,action,spanish,117,72.9,65.5,2000,6,0
873,drama,hindi,118,42.9,80.9,2024,8,1
874,action,english,159,86.8,36.2,2010,3,1
875,thriller,english,155,77.2,69.1,2011,2,0
876,thriller,korean,81,57.6,82.0,1998,9,1
877,action,hindi,148,84.0,79.4,2022,10,1
878,action,spanish,176,53.2,47.7,2021,2,0
879,thriller,english,131,51.4,77.1,2011,11,1
880,comedy,english,110,89.9,95.9,2023,6,1
881,thriller,english,133,64.4,41.2,2017,8,1
882,thriller,hindi,123,26.8,82.0,2022,9,0
883,action,korean,83,93.9,79.4,2005,8,1
884,comedy,english,121,91.8,39.4,1998,8,1
885,action,english,134,20.9,79.8,2019,0,0
886,drama,spanish,102,44.6,88.4,2007,4,1
887,action,korean,88,67.5,61.4,2004,9,1
888,drama,english,110,78.6,32.4,1999,11,1
889,comedy,korean,81,39.5,46.0,2005,6,0
890,action,english,76,47.5,21.1,2017,8,0
891,drama,english,140,84.1,97.5,2023,0,1
892,comedy,hindi,94,99.7,68.9,1998,6,1
893,thriller,korean,143,42.3,42.0,2020,9,0
894,action,english,156,78.0,64.3,2018,8,1
895,animation,english,128,97.3,89.6,2024,4,1
896,drama,english,159,28.4,70.3,2009,7,0
897,action,english,92,93.3,39.7,2020,7,1
898,comedy,english,153,47.8,68.2,2015,3,0
899,action,english,114,44.4,23.3,2024,11,0
900,animation,hindi,155,22.1,54.9,2011,9,0
901,action,hindi,128,33.4,63.1,1995,7,0
902,action,hindi,147,30.3,57.6,2020,1,0
903,comedy,english,95,90.7,88.6,2016,3,1
904,thriller,english,148,20.6,67.5,1997,1,0
905,thriller,english,132,66.1,28.8,2021,7,0
906,drama,hindi,92,81.4,83.4,2019,9,1
907,drama,hindi,145,32.5,24.4,1997,6,0
908,comedy,hindi,134,64.1,40.0,2005,10,1
909,comedy,english,92,73.3,73.7,2009,7,1
910,drama,hindi,86,74.9,21.4,2013,10,0
911,comedy,hindi,138,58.7,26.8,2001,11,0
912,animation,english,156,90.5,75.3,1995,4,1
913,comedy,english,96,67.1,98.7,2021,9,1
914,action,english,174,89.5,73.5,2001,11,1
915,thriller,english,156,20.1,65.3,2011,2,0
916,drama,hindi,120,92.8,63.9,2001,4,1
917,thriller,hindi,141,92.4,97.5,2003,6,1
918,comedy,english,102,95.4,80.8,2016,9,1
919,action,hindi,173,81.3,47.5,2016,1,1
920,action,korean,94,84.6,96.5,2014,8,1
921,drama,korean,91,99.8,82.8,2005,9,1
922,action,hindi,164,62.4,41.4,2024,2,0
923,action,hindi,178,71.3,89.3,2003,9,1
924,drama,english,142,72.8,54.5,2009,11,1
925,comedy,hindi,138,74.2,91.1,2019,2,0
926,action,hindi,158,80.6,93.5,2001,4,1
927,drama,korean,138,23.5,21.9,2021,5,0
928,action,english,125,76.4,56.6,1996,8,0
929,action,korean,146,45.3,96.2,1996,0,0
930,action,english,159,92.3,73.5,2012,1,0
931,thriller,spanish,155,30.2,96.8,1998,2,0
932,action,english,150,45.9,69.1,2018,6,0
933,action,english,143,41.5,21.4,2023,2,0
934,comedy,hindi,85,45.3,66.9,2013,6,0
935,action,english,88,45.0,75.9,2018,10,1
936,drama,english,153,74.8,82.2,1995,6,1
937,drama,hindi,124,49.4,45.1,2004,2,0
938,comedy,english,147,71.4,77.1,2017,1,1
939,comedy,hindi,101,66.4,71.2,2004,1,0
940,action,english,136,27.6,76.6,2009,3,0
941,animation,english,98,29.8,45.0,2001,1,0
942,animation,hindi,163,57.8,34.1,2009,1,0
943,comedy,hindi,156,56.5,99.3,2016,11,1
944,drama,english,169,59.2,48.3,2012,11,1
945,drama,english,109,84.6,56.0,1997,7,1
946,animation,english,143,56.2,72.7,2021,2,0
947,animation,hindi,174,46.0,52.4,2020,10,1
948,animation,english,106,39.3,96.5,2020,3,0
949,thriller,english,118,48.5,39.2,2003,8,0
950,thriller,hindi,107,68.3,68.9,2018,8,0
951,action,hindi,153,76.3,72.5,2014,9,1
952,action,english,166,55.5,67.9,2012,4,0
953,drama,english,122,88.4,87.8,2023,9,1
954,action,hindi,145,94.4,82.6,2022,1,1
955,animation,hindi,114,90.8,63.7,2000,7,1
956,drama,hindi,161,21.7,74.6,2003,6,0
957,action,hindi,137,79.5,33.2,2001,1,0
958,drama,hindi,115,25.4,62.8,2018,6,0
959,comedy,english,95,45.4,64.0,1996,1,0
960,thriller,hindi,98,95.2,39.4,2021,3,1
961,thriller,hindi,80,44.0,39.1,2013,7,0
962,thriller,hindi,113,68.8,93.8,2000,0,1
963,drama,spanish,92,58.2,84.0,2020,2,0
964,comedy,english,101,82.8,88.6,2017,1,1
965,thriller,english,85,50.7,67.9,2007,2,0
966,action,english,170,89.7,41.9,1998,3,0
967,comedy,hindi,145,98.5,20.4,2018,1,0
968,thriller,english,145,75.5,45.1,2019,9,1
969,drama,korean,136,37.4,87.6,2019,4,1
970,action,spanish,109,66.1,82.0,1999,10,1
971,action,spanish,96,92.4,87.7,2003,5,1
972,comedy,korean,176,60.7,30.5,1995,9,0
973,comedy,english,166,76.4,65.0,2010,11,1
974,drama,english,155,43.9,42.0,2005,11,0
975,drama,english,122,71.1,78.9,2013,2,0
976,action,english,138,67.1,71.4,1998,10,1
977,comedy,spanish,86,48.0,56.0,2011,8,0
978,action,korean,161,66.4,64.7,2002,11,1
979,action,hindi,100,29.5,58.5,2005,1,0
980,action,english,172,53.3,95.2,2013,8,1
981,comedy,english,84,72.5,41.5,2001,6,1
982,action,english,144,51.0,76.4,2010,6,1
983,thriller,korean,79,28.9,64.3,1997,7,1
984,comedy,spanish,130,39.1,52.7,2023,8,0
985,action,hindi,162,48.6,91.5,2010,7,1
986,drama,hindi,166,97.8,77.9,2017,10,1
987,thriller,hindi,168,86.9,36.4,1995,11,1
988,drama,hindi,78,22.7,94.2,2005,7,1
989,comedy,english,93,40.9,72.5,2018,6,1
990,comedy,spanish,144,26.1,94.5,2017,9,0
991,comedy,english,169,92.8,51.1,1995,3,1
992,comedy,hindi,86,92.4,71.9,2021,7,1
993,comedy,spanish,175,53.5,73.2,2007,11,1
994,thriller,english,154,38.3,42.1,2002,11,0
995,drama,hindi,86,86.6,46.1,2015,3,1
996,thriller,english,125,39.8,94.6,2008,5,1
997,thriller,hindi,178,94.7,46.9,2012,4,0
998,drama,spanish,171,32.9,82.4,1995,4,0
999,action,english,118,21.3,87.5,2002,6,1
1000,action,korean,126,40.0,20.6,2018,11,0
1001,action,english,134,95.3,35.2,2024,9,1
1002,comedy,english,172,43.2,59.4,2018,0,0
1003,thriller,korean,85,32.6,62.2,2012,3,0
1004,action,english,143,88.6,30.8,2024,6,1
1005,drama,spanish,157,28.2,68.1,2018,10,0
1006,thriller,hindi,137,23.7,68.6,2020,9,0
1007,animation,english,106,80.7,22.4,1996,4,0
1008,drama,hindi,160,75.5,85.7,1999,2,1
1009,animation,english,151,50.7,69.0,2022,4,0
1010,comedy,english,84,90.7,31.6,2009,11,1
1011,action,english,165,90.7,55.4,2006,0,1
1012,thriller,english,171,28.3,33.8,2014,1,0
1013,action,hindi,138,54.2,45.3,1998,3,0
1014,action,english,170,56.0,79.3,1998,5,0
1015,thriller,spanish,158,34.7,46.2,2008,4,0
1016,thriller,english,93,29.1,92.9,2009,10,1
1017,animation,english,123,88.9,85.9,2014,0,1
1018,animation,english,122,35.3,52.5,2007,4,0
1019,thriller,korean,127,39.8,94.1,1999,9,1
1020,comedy,english,85,39.1,98.0,2021,1,0
1021,action,english,122,74.1,69.6,2000,8,1
1022,comedy,english,164,61.9,100.0,2012,4,1
1023,comedy,hindi,99,93.7,69.5,2001,3,0
1024,drama,english,169,27.8,59.0,2010,0,0
1025,comedy,hindi,114,83.4,99.1,2005,11,1
1026,action,spanish,107,37.3,30.4,2017,7,0
1027,thriller,english,174,94.7,55.5,2004,6,1
1028,thriller,korean,142,75.7,53.4,2008,6,1
1029,thriller,korean,157,76.8,47.9,2022,1,1
1030,drama,english,91,21.6,76.8,2011,11,1
1031,animation,english,113,51.5,57.2,2022,7,1
1032,thriller,english,95,88.8,46.6,2012,10,1
1033,thriller,english,123,40.9,31.2,1997,3,0
1034,action,english,90,22.3,52.9,1999,3,0
1035,action,hindi,132,93.7,59.9,2019,2,1
1036,action,spanish,141,91.3,59.5,2020,3,1
1037,comedy,english,135,57.6,58.7,2015,6,0
1038,drama,spanish,131,49.8,81.7,2006,7,1
1039,animation,english,153,91.6,56.8,2004,4,1
1040,comedy,english,119,24.2,56.1,2019,3,0
1041,drama,spanish,90,98.8,48.5,2023,4,1
1042,drama,spanish,127,76.9,57.2,2009,4,1
1043,drama,english,129,73.1,90.5,2010,4,1
1044,action,hindi,162,50.8,55.6,2015,6,0
1045,thriller,korean,77,39.1,90.8,2011,2,1
1046,action,english,140,25.8,68.6,2020,10,0
1047,thriller,english,150,99.6,38.9,2006,3,1
1048,animation,english,92,64.1,52.3,1997,6,1
1049,drama,english,150,77.7,92.1,2001,11,1
1050,animation,english,171,46.1,71.5,2021,7,1
1051,action,hindi,97,41.0,57.9,2019,5,0
1052,comedy,english,101,27.8,26.6,2014,2,0
1053,action,english,128,26.4,91.6,2001,5,0
1054,action,hindi,113,46.2,74.6,2023,9,1
1055,thriller,english,165,91.3,46.4,1995,7,1
1056,action,english,86,42.0,89.9,2019,3,1
1057,drama,english,169,25.2,47.5,1998,0,0
1058,action,english,85,24.1,76.7,2010,2,0
1059,thriller,english,92,37.7,79.3,2010,8,0
1060,action,english,126,94.3,49.5,2013,1,1
1061,animation,hindi,149,37.8,96.2,1999,9,1
1062,thriller,hindi,108,62.4,20.7,1999,8,0
1063,comedy,hindi,80,41.7,89.0,2000,10,0
1064,comedy,spanish,147,84.8,65.6,2000,8,1
1065,comedy,english,108,99.0,43.0,2010,2,0
1066,action,english,102,34.6,38.8,2002,9,0
1067,comedy,hindi,101,76.5,46.6,2021,10,1
1068,comedy,english,172,80.9,84.3,2008,6,1
1069,thriller,korean,126,38.4,80.0,1997,1,1
1070,drama,english,88,42.6,65.6,2004,1,0
1071,comedy,korean,132,26.4,59.3,2018,9,1
1072,comedy,korean,133,68.3,84.4,2001,1,0
1073,action,korean,167,86.9,43.2,2019,5,0
1074,thriller,english,92,50.0,59.4,2007,4,0
1075,comedy,korean,81,38.5,29.0,2024,11,1
1076,comedy,korean,97,55.6,29.4,2020,4,0
1077,drama,korean,164,94.0,66.7,2011,0,1
1078,thriller,hindi,149,29.0,86.4,2021,5,1
1079,action,hindi,148,74.2,77.6,2014,10,1
1080,thriller,hindi,83,31.0,76.8,1995,6,1
1081,action,korean,94,73.3,30.7,2023,4,0
1082,drama,korean,142,38.5,41.7,2011,5,0
1083,thriller,hindi,173,99.4,55.7,1997,0,1
1084,drama,korean,150,81.8,96.5,2016,8,1
1085,action,hindi,82,73.9,26.2,2012,11,0
1086,animation,spanish,77,90.4,75.6,2009,8,1
1087,comedy,english,118,37.5,64.1,2021,3,0
1088,action,english,125,73.4,37.6,2022,6,1
1089,thriller,english,127,99.9,82.4,2021,5,1
1090,action,english,94,34.1,44.3,2012,10,0
1091,action,english,117,86.2,53.0,1996,1,0
1092,comedy,english,91,36.3,20.1,1995,6,0
1093,action,hindi,117,54.0,34.5,2010,1,0
1094,comedy,hindi,177,42.4,92.7,2023,11,1
1095,drama,hindi,81,29.5,40.7,2004,2,0
1096,action,spanish,75,48.5,48.9,2018,3,0
1097,drama,english,86,36.8,57.1,2016,8,1
1098,thriller,english,147,43.4,50.6,2024,7,0
1099,drama,korean,176,57.9,82.2,1995,3,1
1100,animation,english,170,96.7,51.2,2015,5,1
1101,thriller,korean,173,71.7,92.0,2013,1,0
1102,animation,hindi,124,45.9,93.3,2005,4,0
1103,action,english,119,29.4,39.3,2018,1,0
1104,drama,hindi,100,87.7,42.9,2011,7,1
1105,drama,korean,155,27.0,71.2,2024,7,0
1106,action,hindi,76,45.3,69.4,2003,10,0
1107,action,hindi,145,81.1,92.7,2023,8,1
1108,thriller,hindi,177,29.8,97.2,2008,4,0
1109,drama,english,179,32.3,59.0,2007,9,0
1110,drama,english,97,48.3,70.1,2018,9,1
1111,drama,english,101,82.1,47.7,2023,11,1
1112,comedy,english,165,62.8,97.3,2022,3,1
1113,comedy,korean,153,24.5,54.3,2002,11,0
1114,animation,english,133,64.2,75.9,2022,2,0
1115,drama,english,135,30.9,73.1,2023,7,0
1116,action,english,154,75.9,56.1,2021,8,1
1117,comedy,korean,95,54.0,48.8,2021,2,0
1118,thriller,english,136,82.6,90.2,2010,6,1
1119,drama,spanish,167,85.5,97.5,2009,1,1
1120,action,hindi,98,79.8,26.9,2024,8,0
1121,comedy,hindi,123,95.1,44.0,2011,4,1
1122,drama,hindi,175,73.6,53.1,2022,9,0
1123,thriller,english,127,49.2,53.7,2013,3,0
1124,comedy,spanish,87,23.9,33.6,2021,1,0
1125,comedy,english,86,42.5,87.8,2007,2,0
1126,drama,korean,152,98.0,79.5,2003,2,1
1127,action,english,75,54.3,98.7,2004,6,1
1128,action,english,147,46.4,38.3,2012,5,0
1129,animation,english,135,22.6,24.6,2023,8,0
1130,thriller,korean,174,54.1,93.9,2006,1,1
1131,drama,english,125,52.5,98.1,1999,0,0
1132,comedy,hindi,116,88.7,32.1,1997,5,0
1133,comedy,korean,160,68.2,86.3,2009,2,0
1134,drama,korean,133,58.6,56.5,2004,1,1
1135,action,english,83,49.7,60.8,2003,2,0
1136,animation,korean,128,67.9,40.9,2016,0,0
1137,action,spanish,158,64.0,77.9,1996,10,1
1138,comedy,hindi,86,69.1,87.7,2024,4,1
1139,drama,english,135,80.3,70.6,2017,11,1
1140,comedy,english,171,25.6,24.9,2019,4,0
1141,thriller,korean,99,69.1,72.2,2009,7,1
1142,action,korean,118,54.6,76.4,1996,3,1
1143,thriller,hindi,157,88.3,96.6,2008,5,1
1144,comedy,hindi,152,96.5,22.1,1999,1,0
1145,thriller,english,150,47.2,37.4,1997,6,0
1146,thriller,korean,80,37.3,39.5,2016,8,0
1147,animation,spanish,79,98.5,70.9,2011,3,1
1148,animation,korean,172,73.1,66.6,2021,10,1
1149,comedy,english,179,70.0,69.4,2003,8,1
1150,action,english,157,49.8,72.3,2018,0,0
1151,drama,english,87,59.3,78.6,2007,8,1
1152,comedy,english,126,32.3,89.6,2016,5,0
1153,drama,hindi,150,75.4,38.4,2000,6,0
1154,action,hindi,158,62.1,87.7,2010,3,1
1155,action,korean,125,34.7,74.3,2023,5,0
1156,thriller,hindi,179,30.0,47.2,1997,4,0
1157,drama,english,146,43.3,37.3,2001,2,0
1158,drama,hindi,89,65.0,23.3,1998,11,1
1159,comedy,english,149,57.4,96.3,2014,6,1
1160,drama,english,162,64.1,98.7,2007,1,1
1161,drama,hindi,107,43.8,57.9,2004,1,0
1162,drama,korean,101,88.9,34.8,2005,0,1
1163,thriller,english,105,20.2,89.9,1997,11,1
1164,animation,spanish,160,67.5,32.4,2021,9,0
1165,comedy,english,163,82.2,90.2,1999,5,1
1166,thriller,hindi,144,86.1,92.1,2019,1,1
1167,drama,english,118,90.6,93.4,1995,0,1
1168,thriller,hindi,82,28.6,77.1,2007,3,0
1169,comedy,english,87,97.4,98.3,2015,5,1
1170,drama,hindi,127,55.1,76.7,1997,6,0
1171,comedy,english,122,93.2,44.9,2000,1,1
1172,action,english,136,27.5,62.3,2019,2,0
1173,comedy,english,153,53.3,21.7,2007,5,0
1174,comedy,korean,97,81.9,74.7,2014,4,1
1175,drama,hindi,126,39.6,93.5,2022,2,0
1176,drama,hindi,176,59.6,34.5,2005,1,0
1177,thriller,korean,163,68.7,47.8,2013,4,0
1178,action,korean,106,30.5,53.2,2014,7,0
1179,drama,hindi,130,35.7,21.2,2013,9,0
1180,comedy,english,116,94.1,93.4,2016,11,1
1181,comedy,english,92,79.2,23.4,2004,3,0
1182,action,korean,83,89.2,65.2,2019,4,1
1183,thriller,english,167,99.5,72.2,1999,4,1
1184,animation,english,105,97.9,45.4,2001,6,1
1185,comedy,hindi,146,91.3,32.2,2011,8,1
1186,thriller,english,172,32.8,31.7,2023,11,0
1187,drama,hindi,147,27.0,87.1,2023,11,1
1188,drama,spanish,122,61.9,91.9,2017,0,1
1189,drama,hindi,80,97.0,37.7,2004,7,1
1190,thriller,hindi,149,52.4,93.1,2020,6,1
1191,comedy,korean,145,97.9,52.1,2022,8,1
1192,action,hindi,114,85.4,61.2,2005,8,1
1193,thriller,english,107,72.3,37.4,2018,8,1
1194,animation,hindi,174,98.3,34.9,2020,9,1
1195,thriller,hindi,122,41.5,34.9,2019,0,0
1196,action,english,106,85.7,62.6,1997,9,1
1197,thriller,hindi,150,29.7,95.9,2009,4,0
1198,action,spanish,171,52.2,76.2,2002,1,0
1199,thriller,english,175,63.3,61.8,2015,2,0
1200,drama,spanish,121,37.0,44.7,1998,5,0
1201,drama,spanish,99,77.9,38.2,2014,1,0
1202,thriller,korean,108,57.9,79.7,2017,10,1
1203,thriller,english,164,44.7,50.9,1998,3,0
1204,animation,english,122,22.3,63.8,1999,5,0
1205,action,english,161,29.3,34.1,2024,8,0
1206,drama,korean,112,66.6,67.7,2001,0,1
1207,thriller,korean,82,89.1,57.5,1998,0,0
1208,drama,hindi,178,94.1,82.1,2013,3,1
1209,thriller,korean,106,59.6,82.0,2024,0,0
1210,action,korean,86,52.5,73.0,1998,8,1
1211,action,english,99,96.4,48.0,2012,4,1
1212,animation,english,143,95.9,58.1,1996,2,0
1213,thriller,english,119,81.0,93.0,2009,8,1
1214,action,korean,94,69.9,85.9,1997,4,1
1215,drama,spanish,76,26.7,43.1,2000,10,0
1216,drama,hindi,115,43.3,95.2,2005,2,0
1217,comedy,english,102,60.6,80.4,2013,11,1
1218,comedy,english,176,40.6,75.3,2014,7,0
1219,comedy,english,129,24.1,47.3,2000,8,0
1220,animation,korean,125,80.9,38.7,2005,7,1
1221,thriller,hindi,137,20.8,75.2,1997,3,0
1222,animation,hindi,146,93.5,89.9,1996,2,1
1223,animation,english,169,90.3,33.2,1999,1,1
1224,thriller,english,147,69.2,30.8,2006,1,0
1225,action,english,114,30.2,30.6,2006,2,0
1226,comedy,english,124,72.3,85.5,2014,4,1
1227,action,english,86,34.0,31.3,2005,9,0
1228,action,hindi,125,76.4,36.3,2016,10,1
1229,thriller,hindi,109,75.9,80.8,2001,7,1
1230,drama,english,167,22.2,30.6,2019,0,0
1231,action,spanish,156,87.8,65.0,2010,10,1
1232,action,korean,94,23.3,48.1,2006,7,0
1233,thriller,english,162,52.0,34.0,2014,0,0
1234,action,english,127,82.9,69.8,2015,1,0
1235,thriller,korean,133,45.9,31.2,2015,1,0
1236,thriller,english,132,86.1,48.6,2011,11,1
1237,drama,english,107,27.9,36.1,1997,7,0
1238,action,hindi,131,50.1,88.4,2016,3,0
1239,comedy,english,120,68.0,57.3,2002,1,0
1240,thriller,english,109,46.8,96.5,1996,7,1
1241,action,korean,91,28.1,36.9,2002,11,0
1242,thriller,english,173,97.9,58.2,2008,6,1
1243,comedy,hindi,160,34.7,96.4,2017,4,0
1244,action,english,115,65.5,33.8,2018,6,0
1245,drama,english,85,56.5,61.5,2018,10,1
1246,drama,english,136,70.3,55.2,2010,6,1
1247,action,english,102,21.4,63.5,1998,2,0
1248,thriller,english,170,67.5,84.6,2006,5,0
1249,drama,spanish,117,24.1,56.8,2021,3,0
1250,drama,english,122,65.8,45.2,2008,8,1
1251,drama,hindi,154,69.0,97.2,2015,6,1
1252,thriller,hindi,114,87.5,75.6,2010,1,1
1253,drama,hindi,131,87.4,35.0,1996,1,0
1254,drama,korean,172,73.5,88.4,2023,6,1
1255,drama,spanish,160,47.8,84.8,2022,0,0
1256,drama,hindi,167,90.5,34.1,2013,11,1
1257,thriller,hindi,127,76.4,99.9,2020,8,1
1258,drama,english,128,67.6,36.1,2021,2,0
1259,drama,spanish,140,62.4,58.2,2011,2,0
1260,thriller,korean,103,39.8,62.0,2007,4,0
1261,comedy,spanish,118,67.4,60.6,2010,6,1
1262,drama,english,127,43.2,34.1,2001,5,0
1263,action,hindi,99,57.7,59.8,2016,7,0
1264,action,korean,167,73.9,92.4,2017,7,1
1265,action,english,168,57.6,81.5,1998,3,1
1266,drama,english,170,62.1,97.6,1997,11,1
1267,drama,english,162,40.4,99.2,2005,8,1
1268,thriller,hindi,82,67.3,21.2,2022,3,0
1269,drama,english,107,82.8,60.1,2011,10,1
1270,thriller,english,160,76.7,89.2,1995,10,1
1271,drama,english,135,72.3,44.9,1996,7,1
1272,action,english,134,82.7,75.3,2006,1,1
1273,comedy,english,112,59.9,55.3,2000,3,0
1274,animation,spanish,140,99.5,26.1,2014,7,1
1275,drama,hindi,134,37.6,77.9,2014,8,0
1276,action,english,131,85.9,82.5,2022,6,1
1277,drama,english,166,51.0,33.7,2022,8,0
1278,action,hindi,174,49.7,62.3,2010,7,1
1279,drama,english,78,66.2,75.9,2004,7,1
1280,thriller,hindi,121,92.7,47.4,2014,4,1
1281,action,hindi,82,34.3,25.3,2007,6,0
1282,thriller,english,78,71.9,62.2,2014,4,1
1283,comedy,korean,129,59.8,57.9,2022,10,1
1284,drama,spanish,121,47.0,28.0,2014,9,0
1285,comedy,korean,161,22.5,20.9,2005,7,0
1286,drama,spanish,136,70.9,33.8,1996,10,1
1287,drama,english,125,84.1,61.1,1997,1,1
1288,drama,korean,146,39.4,82.7,2020,0,0
1289,comedy,hindi,177,91.9,40.6,1999,5,0
1290,comedy,english,156,67.7,98.9,2008,3,1
1291,drama,english,147,99.5,25.0,2017,1,1
1292,action,hindi,176,35.6,60.9,2018,4,0
1293,comedy,hindi,157,57.4,36.2,1996,4,0
1294,animation,english,176,98.3,20.2,1995,7,1
1295,comedy,english,102,44.5,46.6,2002,4,0
1296,action,hindi,151,84.1,60.2,1996,6,0
1297,thriller,english,132,78.2,28.1,2020,9,0
1298,action,hindi,164,40.9,66.9,2006,1,0
1299,comedy,english,92,50.4,59.8,1997,8,0
1300,drama,hindi,177,60.1,88.7,2023,8,1
1301,action,korean,163,85.5,73.0,2003,11,1
1302,thriller,korean,75,60.6,34.4,2000,8,1
1303,drama,english,80,87.8,91.8,2011,3,1
1304,action,english,176,37.1,32.6,2004,4,0
1305,thriller,english,149,59.3,22.7,1999,6,0
1306,thriller,korean,120,50.9,33.9,2015,6,1
1307,action,english,177,49.2,79.8,2001,11,0
1308,thriller,english,124,78.7,61.4,2023,10,1
1309,drama,english,156,79.2,68.3,2008,6,1
1310,animation,english,148,42.6,41.3,2001,10,0
1311,thriller,korean,160,66.0,51.8,2022,1,0
1312,drama,english,137,27.7,82.1,2019,11,0
1313,drama,english,163,63.8,76.6,2021,5,1
1314,thriller,spanish,139,54.6,69.2,2006,3,0
1315,drama,english,87,25.6,32.5,2005,1,0
1316,thriller,english,172,80.0,65.5,2013,3,0
1317,action,korean,129,81.0,92.4,1996,7,1
1318,action,english,76,51.3,72.0,2019,0,1
1319,drama,korean,136,71.1,40.5,2002,11,1
1320,drama,hindi,176,49.5,43.6,2003,0,0
1321,drama,korean,145,47.4,68.9,2012,3,1
1322,thriller,english,167,31.2,63.3,2016,6,0
1323,action,english,166,94.7,37.3,2007,4,1
1324,comedy,english,97,86.9,66.0,2007,10,1
1325,drama,korean,148,74.4,53.3,2013,1,0
1326,drama,korean,170,96.1,60.7,2004,2,1
1327,animation,english,113,82.0,34.2,2021,2,1
1328,thriller,english,92,66.3,86.7,2010,8,1
1329,comedy,spanish,99,27.7,44.7,2012,7,0
1330,thriller,korean,89,75.2,76.3,2000,0,0
1331,drama,korean,122,40.7,71.8,2020,5,1
1332,action,hindi,152,39.9,64.3,2012,10,0
1333,thriller,hindi,83,76.8,74.7,2008,3,1
1334,action,english,77,67.5,66.4,1998,3,0
1335,comedy,english,125,30.3,50.0,1995,6,0
1336,comedy,korean,147,69.5,80.1,2005,8,1
1337,drama,english,160,48.7,73.2,2019,2,1
1338,comedy,english,104,47.5,29.7,2021,5,0
1339,action,english,117,48.4,72.6,2010,7,0
1340,drama,english,172,99.0,57.2,2000,6,1
1341,thriller,english,115,48.1,89.5,2014,9,1
1342,drama,english,80,24.1,44.6,2009,3,0
1343,comedy,english,169,31.2,56.2,2012,3,0
1344,animation,spanish,175,85.5,21.9,2013,11,1
1345,action,english,145,82.1,89.5,2007,11,1
1346,thriller,english,124,45.4,88.5,2008,9,1
1347,comedy,english,75,24.5,68.3,2022,9,0
1348,comedy,english,80,68.4,77.2,1997,5,0
1349,action,korean,108,89.0,87.3,1998,8,1
1350,drama,english,107,92.3,87.5,2016,11,1
1351,drama,english,104,98.3,31.8,2011,2,1
1352,animation,english,148,33.9,89.3,2009,0,0
1353,action,english,117,30.5,24.4,2016,8,0
1354,drama,hindi,130,63.5,46.2,2021,9,1
1355,comedy,english,160,29.9,58.6,1996,4,0
1356,action,english,173,51.3,74.2,2000,8,1
1357,thriller,hindi,102,25.3,55.6,2009,11,1
1358,drama,korean,122,43.7,57.4,2001,11,0
1359,action,english,159,90.6,72.0,1998,5,0
1360,action,hindi,89,31.1,99.5,2000,6,1
1361,thriller,korean,174,98.2,62.4,2021,1,1
1362,animation,hindi,110,55.9,24.3,2016,1,0
1363,comedy,hindi,167,25.3,88.6,2024,0,0
1364,drama,english,135,91.6,88.2,1997,11,1
1365,comedy,english,161,30.6,23.3,2013,6,0
1366,thriller,hindi,121,63.6,76.1,2007,4,1
1367,action,english,80,75.9,78.5,2020,9,1
1368,drama,spanish,168,59.2,88.2,2012,2,1
1369,thriller,english,91,82.7,82.2,2015,3,0
1370,animation,english,78,83.6,71.2,2000,7,1
1371,action,english,94,45.9,98.4,1999,10,1
1372,action,korean,130,35.5,52.3,2006,4,0
1373,comedy,english,122,50.4,43.7,2001,3,0
1374,action,hindi,169,53.1,79.8,2011,0,0
1375,comedy,english,132,97.6,39.7,2001,2,0
1376,drama,hindi,87,84.9,66.8,2000,10,1
1377,thriller,spanish,173,73.9,60.1,1998,11,1
1378,action,english,109,68.7,52.4,2013,2,0
1379,comedy,hindi,123,46.3,73.8,2011,5,0
1380,thriller,spanish,121,86.9,71.0,2016,1,1
1381,thriller,english,128,80.0,37.8,2011,6,0
1382,comedy,english,117,85.1,31.4,2013,9,1
1383,thriller,english,144,90.2,57.2,2002,5,1
1384,drama,english,116,24.8,55.4,2013,8,0
1385,drama,korean,177,39.6,31.0,2017,8,0
1386,animation,hindi,81,85.1,39.4,2013,8,1
1387,drama,hindi,92,43.6,47.9,1996,3,0
1388,comedy,hindi,112,48.8,85.0,2019,3,0
1389,action,english,115,62.7,47.4,2007,2,0
1390,thriller,spanish,141,92.7,35.4,2012,5,1
1391,thriller,english,154,42.9,98.8,1999,9,1
1392,drama,korean,167,57.7,84.8,2024,2,1
1393,drama,english,111,83.1,88.2,2004,8,1
1394,comedy,english,161,83.5,26.5,2001,0,0
1395,drama,english,136,49.9,24.5,1999,10,1
1396,animation,english,176,80.9,48.6,2011,10,1
1397,action,english,126,57.5,63.8,2022,5,0
1398,comedy,english,158,31.1,73.2,2009,10,0
1399,animation,hindi,128,89.8,69.1,2005,9,1
1400,thriller,english,97,29.7,97.9,2003,5,1
1401,thriller,english,79,47.7,81.9,2018,4,0
1402,action,english,174,90.8,89.2,2024,2,1
1403,action,hindi,148,26.0,38.7,2008,5,0
1404,comedy,english,101,61.8,78.1,2001,3,1
1405,action,spanish,84,53.2,82.2,1996,6,0
1406,action,spanish,105,81.2,59.3,2002,4,0
1407,action,korean,88,56.9,67.2,2013,2,1
1408,thriller,spanish,87,90.6,95.6,2013,0,1
1409,comedy,korean,91,96.2,47.7,2007,10,1
1410,action,hindi,98,59.0,83.7,2019,10,1
1411,drama,korean,173,96.5,44.9,2015,5,0
1412,comedy,hindi,89,44.4,28.8,2008,9,0
1413,comedy,korean,128,71.0,24.2,2010,8,0
1414,drama,english,173,82.3,54.2,2015,4,1
1415,drama,english,163,51.8,57.8,2006,3,0
1416,thriller,spanish,151,87.1,74.4,2023,3,0
1417,action,english,75,81.7,54.6,2018,11,1
1418,animation,hindi,113,22.1,71.1,2004,9,1
1419,action,korean,136,96.8,23.3,2001,6,1
1420,drama,spanish,154,92.7,99.5,2019,11,1
1421,drama,spanish,115,57.3,81.6,2020,8,1
1422,drama,english,155,86.8,30.6,2010,9,1
1423,thriller,english,130,46.0,45.7,2014,0,0
1424,drama,spanish,100,65.8,25.8,2022,7,0
1425,comedy,korean,151,25.9,96.0,1998,3,0
1426,drama,english,157,86.0,98.5,2001,9,1
1427,drama,spanish,118,30.1,92.1,2003,3,0
1428,animation,english,169,26.1,22.4,2014,4,0
1429,drama,hindi,111,60.6,63.7,1999,11,1
1430,action,korean,171,73.7,43.2,2017,1,0
1431,action,english,124,66.8,53.6,2024,2,0
1432,action,spanish,129,55.1,65.9,1996,2,1
1433,drama,english,166,49.2,89.9,2011,11,1
1434,animation,korean,154,36.5,28.0,2022,11,0
1435,action,spanish,128,64.1,85.1,2011,10,1
1436,drama,hindi,129,47.6,25.2,2012,6,0
1437,thriller,hindi,150,49.6,43.7,2013,2,0
1438,thriller,korean,154,56.2,80.0,2009,6,1
1439,comedy,english,84,30.3,35.6,2013,7,0
1440,animation,korean,124,89.8,74.4,2011,3,1
1441,animation,hindi,95,48.1,63.6,2008,3,0
1442,comedy,english,143,74.2,63.5,2007,10,1
1443,comedy,korean,95,74.5,52.6,1995,3,0
1444,drama,korean,84,67.0,95.0,2013,1,1
1445,comedy,korean,162,44.4,26.9,1996,4,0
1446,animation,english,91,53.0,47.1,2019,4,0
1447,action,hindi,141,94.8,49.6,1998,2,0
1448,thriller,hindi,94,67.4,95.7,1995,1,1
1449,action,english,128,92.5,45.7,2024,5,1
1450,comedy,korean,128,65.6,67.5,2018,10,1
1451,action,hindi,145,50.9,23.2,1999,10,0
1452,drama,english,133,26.4,52.2,2016,0,0
1453,action,hindi,149,40.7,84.1,2010,11,1
1454,comedy,spanish,80,83.1,80.4,2016,9,1
1455,action,english,156,40.5,84.7,2003,5,1
1456,thriller,english,107,20.2,47.2,2002,3,0
1457,drama,korean,75,23.9,89.9,2018,11,1
1458,comedy,english,136,20.9,68.0,2006,6,0
1459,thriller,korean,139,99.7,70.1,2016,1,1
1460,action,english,126,32.0,85.3,2022,8,0
1461,thriller,english,158,53.8,85.1,2024,10,0
1462,drama,korean,124,31.1,31.9,2013,0,0
1463,animation,hindi,167,31.4,46.3,2005,9,0
1464,action,english,102,62.9,32.5,2003,0,0
1465,action,english,161,88.1,94.0,2001,8,1
1466,comedy,english,176,99.4,93.3,2009,11,1
1467,comedy,english,155,62.9,84.6,2012,8,1
1468,action,english,153,22.5,40.6,2020,10,0
1469,action,spanish,149,92.2,38.5,1999,6,1
1470,action,english,136,50.2,94.3,2004,11,1
1471,action,korean,126,90.1,55.7,2018,6,1
1472,comedy,english,119,32.9,91.4,2008,10,1
1473,drama,korean,172,98.8,77.2,2013,1,1
1474,action,korean,117,45.7,85.7,1996,2,0
1475,animation,english,90,34.8,27.0,2019,4,0
1476,drama,korean,161,40.2,41.7,2015,11,0
1477,thriller,korean,175,61.2,67.0,2017,8,1
1478,drama,spanish,89,76.0,91.4,2007,1,1
1479,thriller,korean,137,94.2,32.4,2011,11,0
1480,drama,korean,145,33.9,33.4,1995,9,1
1481,comedy,hindi,97,46.9,43.8,2013,3,0
1482,comedy,english,165,62.4,91.6,2023,3,1
1483,action,english,92,77.5,57.3,1998,9,1
1484,action,english,93,40.7,59.2,2002,3,0
1485,drama,english,158,58.7,87.6,2021,0,1
1486,action,hindi,106,74.7,91.3,2024,1,1
1487,thriller,english,156,35.4,65.0,2003,2,0
1488,action,english,89,57.7,94.6,1998,5,1
1489,comedy,hindi,104,39.0,76.7,2000,9,0
1490,action,korean,156,65.4,84.3,2005,9,1
1491,action,korean,87,66.8,61.5,2000,9,1
1492,comedy,spanish,131,90.8,60.7,2012,7,1
1493,animation,english,108,85.6,52.8,2008,5,1
1494,drama,korean,85,26.6,42.8,2021,3,0
1495,animation,english,81,44.7,54.0,2006,7,1
1496,action,hindi,85,50.5,59.8,2023,8,0
1497,comedy,english,79,68.8,75.0,2004,8,1
1498,comedy,hindi,106,43.9,89.5,2005,3,1
1499,thriller,hindi,96,44.2,90.1,2006,9,1
1500,drama,english,135,58.7,50.5,2000,1,0
1501,action,hindi,134,93.7,80.0,2009,3,1
1502,drama,english,159,89.0,42.7,1995,10,1
1503,drama,korean,166,60.5,99.4,2015,0,1
1504,animation,english,121,33.2,31.8,2022,4,0
1505,action,spanish,179,38.1,58.4,2003,2,0
1506,action,hindi,88,85.3,99.7,2016,3,1
1507,animation,english,94,35.1,86.4,2011,5,0
1508,drama,korean,86,44.7,87.8,1997,7,1
1509,drama,korean,164,49.2,41.9,2016,8,0
1510,thriller,english,169,74.9,41.5,2013,3,1
1511,drama,english,136,34.4,22.9,2008,0,0
1512,thriller,spanish,103,32.7,73.6,2020,3,0
1513,comedy,hindi,167,66.3,29.2,2020,1,0
1514,comedy,english,165,88.2,74.6,2016,1,1
1515,drama,english,116,59.0,52.9,2012,7,1
1516,comedy,hindi,176,80.8,28.5,2023,6,1
1517,drama,spanish,142,95.0,28.0,2005,0,0
1518,comedy,korean,116,67.1,22.1,2023,11,1
1519,animation,hindi,179,75.2,85.8,2004,10,1
1520,thriller,english,164,62.2,71.5,2005,8,1
1521,thriller,english,117,58.3,39.6,2000,2,0
1522,drama,english,176,98.2,71.3,1996,2,1
1523,drama,korean,163,81.9,48.6,2009,11,1
1524,thriller,english,147,21.3,98.7,1996,0,0
1525,action,korean,146,80.0,63.5,2022,3,1
1526,drama,hindi,163,61.5,48.7,2001,1,0
1527,drama,hindi,95,53.0,39.9,1998,3,0
1528,thriller,english,96,24.0,58.4,1999,6,0
1529,comedy,english,81,36.8,77.5,1995,2,0
1530,thriller,english,103,45.8,98.1,2000,4,1
1531,drama,english,138,33.2,34.7,2008,6,0
1532,thriller,english,140,82.7,39.5,2008,10,1
1533,thriller,hindi,148,73.1,34.7,1997,9,0
1534,animation,english,91,96.1,68.3,2003,6,1
1535,comedy,spanish,83,89.5,20.0,1996,0,0
1536,action,english,76,74.2,78.7,2016,4,0
1537,comedy,spanish,101,84.1,22.4,2005,5,0
1538,drama,korean,149,90.7,21.1,2017,1,1
1539,action,hindi,115,45.2,40.5,2007,11,0
1540,comedy,english,156,39.5,27.2,2007,10,0
1541,drama,english,113,36.0,51.7,2016,6,0
1542,comedy,korean,141,67.5,66.6,2008,10,1
1543,comedy,english,141,25.4,69.6,2023,2,0
1544,comedy,english,109,46.3,23.4,1999,2,0
1545,thriller,english,125,48.6,59.4,2021,8,0
1546,comedy,english,87,92.3,79.3,2004,10,1
1547,comedy,english,131,88.5,25.6,2003,9,0
1548,comedy,english,172,56.4,45.5,2013,4,0
1549,animation,english,111,26.1,25.3,2009,0,0
1550,thriller,hindi,157,37.2,24.9,1999,10,0
1551,action,english,75,65.9,92.0,2007,11,1
1552,comedy,english,137,29.1,47.7,2018,1,0
1553,comedy,korean,175,78.6,30.0,2001,8,1
1554,drama,hindi,171,82.3,90.6,2021,8,1
1555,action,spanish,170,62.8,93.4,2010,4,1
1556,drama,korean,161,61.8,37.7,2010,5,1
1557,comedy,english,88,43.6,91.5,2011,7,1
1558,animation,english,78,95.6,77.7,2009,10,1
1559,action,korean,82,23.5,28.9,2015,5,0
1560,drama,hindi,131,77.3,93.2,2023,1,1
1561,thriller,english,116,97.2,27.1,2022,8,0
1562,thriller,hindi,121,46.0,22.3,2010,8,0
1563,comedy,hindi,101,92.3,94.9,2012,8,1
1564,action,hindi,155,74.2,57.6,2017,10,1
1565,action,english,88,26.0,25.4,2021,8,0
1566,drama,english,124,89.8,82.4,2006,0,1
1567,drama,hindi,125,91.8,43.1,2023,6,1
1568,comedy,english,179,95.2,24.2,1996,1,0
1569,thriller,korean,132,58.3,30.9,2003,4,0
1570,action,hindi,97,60.1,44.3,2002,7,1
1571,comedy,korean,139,22.6,24.6,2023,11,0
1572,thriller,korean,138,73.0,49.3,2024,10,1
1573,comedy,english,150,82.1,48.6,2014,6,0
1574,thriller,hindi,124,45.0,90.8,1995,11,1
1575,comedy,english,85,39.7,77.7,2023,4,0
1576,action,hindi,82,93.0,57.9,2008,8,1
1577,animation,korean,115,43.3,97.3,2006,2,1
1578,thriller,korean,136,80.9,72.4,2008,4,1
1579,action,english,101,42.8,43.7,2023,5,0
1580,comedy,english,152,54.9,67.6,2017,3,1
1581,drama,spanish,110,59.9,72.3,1995,7,1
1582,drama,english,132,29.4,48.3,2020,1,0
1583,drama,english,100,49.5,90.7,2014,3,1
1584,drama,english,86,27.9,28.4,2003,1,0
1585,animation,hindi,175,80.4,35.8,2001,5,1
1586,comedy,hindi,135,34.9,85.6,2001,9,0
1587,thriller,spanish,138,47.2,35.0,2010,11,0
1588,thriller,korean,90,80.2,93.0,2003,2,1
1589,action,hindi,178,88.7,37.9,2024,1,0
1590,drama,hindi,81,72.4,41.9,1999,8,0
1591,thriller,english,165,81.4,40.6,1996,0,0
1592,action,english,113,75.0,59.9,2005,5,1
1593,drama,hindi,109,70.6,37.2,2003,8,1
1594,thriller,english,155,35.0,20.9,2002,6,0
1595,thriller,english,77,88.2,58.7,1995,7,1
1596,action,korean,148,69.6,66.1,2012,8,1
1597,drama,english,108,35.2,37.9,2012,7,0
1598,action,korean,160,63.1,66.0,2004,8,0
1599,action,korean,125,74.2,63.5,1999,4,1
1600,thriller,hindi,153,81.3,53.8,2023,2,0
1601,action,hindi,79,51.4,21.5,2021,1,0
1602,animation,english,95,31.2,64.4,2017,7,0
1603,comedy,hindi,176,45.1,90.6,2006,8,0
1604,thriller,hindi,155,27.2,59.1,2001,9,0
1605,drama,english,162,64.4,56.2,2020,3,1
1606,thriller,english,176,28.2,29.9,2024,1,0
1607,animation,english,88,30.6,86.3,2018,0,0
1608,drama,english,84,97.4,69.9,2013,4,1
1609,action,hindi,170,97.6,83.1,2007,9,1
1610,comedy,hindi,81,24.9,73.0,2020,8,0
1611,action,english,129,48.5,78.3,2021,7,1
1612,thriller,hindi,127,63.5,50.6,1999,7,0
1613,thriller,english,154,90.3,36.3,2003,4,1
1614,action,hindi,109,43.7,30.0,1999,7,0
1615,action,hindi,89,26.0,38.1,2003,9,0
1616,thriller,english,152,74.1,95.9,2000,6,1
1617,action,korean,96,27.2,69.6,1996,2,0
1618,animation,english,114,89.9,88.8,2014,3,1
1619,comedy,hindi,145,53.2,25.9,2006,2,0
1620,comedy,korean,130,99.8,29.5,2006,4,1
1621,comedy,english,147,37.3,98.6,2009,11,1
1622,drama,english,86,54.2,81.3,1996,6,1
1623,comedy,english,168,42.4,67.0,2017,10,0
1624,thriller,english,156,29.5,37.5,1999,8,0
1625,animation,english,119,80.4,60.2,2007,9,1
1626,action,spanish,154,63.2,23.8,2016,8,0
1627,thriller,korean,99,86.9,61.7,2002,9,1
1628,animation,korean,160,24.8,45.4,1996,1,0
1629,thriller,english,91,51.0,93.4,2012,9,1
1630,action,hindi,119,57.0,94.3,1998,0,0
1631,drama,korean,123,65.3,52.5,2007,11,1
1632,action,korean,83,88.6,90.1,2005,10,1
1633,comedy,hindi,79,53.5,45.7,2023,4,0
1634,comedy,spanish,137,57.3,48.4,2019,2,0
1635,drama,korean,166,42.7,42.8,2023,8,1
1636,drama,korean,145,39.2,87.6,2008,5,1
1637,drama,english,128,97.5,23.4,2001,6,1
1638,action,english,176,51.0,58.2,2012,2,0
1639,drama,hindi,97,80.2,91.3,2008,10,1
1640,action,korean,84,33.2,28.9,2009,10,0
1641,action,english,127,75.4,21.9,2024,4,0
1642,comedy,hindi,89,40.9,90.3,1999,6,1
1643,comedy,korean,140,97.0,26.4,2021,2,0
1644,comedy,hindi,133,94.8,76.1,2015,11,1
1645,animation,english,132,79.1,59.9,2019,11,1
1646,comedy,english,168,24.7,36.5,1998,0,0
1647,drama,english,125,93.1,74.2,2000,9,1
1648,drama,korean,149,95.8,22.8,2012,5,1
1649,drama,english,97,67.4,54.7,1997,6,0
1650,drama,english,139,30.5,32.2,2012,0,0
1651,thriller,korean,97,88.8,53.6,2015,0,0
1652,drama,english,165,60.9,95.8,2010,3,1
1653,drama,english,85,62.2,87.9,2015,10,1
1654,comedy,english,175,39.0,90.0,2006,7,1
1655,comedy,english,157,91.7,30.5,2004,5,0
1656,animation,hindi,149,43.2,60.6,2017,7,1
1657,action,english,156,88.2,97.5,2013,3,1
1658,thriller,english,125,56.3,86.0,2005,0,0
1659,action,english,116,26.9,94.7,1995,10,1
1660,action,english,75,95.3,38.8,2019,5,0
1661,comedy,spanish,150,96.0,75.6,2023,1,1
1662,drama,korean,101,52.7,30.6,2020,6,0
1663,drama,english,76,42.1,77.9,2012,6,1
1664,action,english,169,54.1,50.4,1997,1,0
1665,thriller,spanish,139,91.3,69.9,2013,9,1
1666,drama,english,84,63.4,86.1,2005,10,1
1667,thriller,english,149,63.3,60.9,2004,1,0
1668,action,english,122,77.3,54.3,2022,7,0
1669,animation,english,101,28.3,84.3,2014,1,0
1670,action,spanish,91,26.7,51.9,2004,3,0
1671,thriller,english,89,26.3,31.2,2020,9,0
1672,animation,hindi,128,57.2,64.5,2000,10,1
1673,drama,english,101,82.5,77.2,2007,5,1
1674,drama,hindi,103,45.1,94.4,1997,8,1
1675,comedy,spanish,174,54.4,28.0,2009,4,0
1676,drama,english,153,30.3,29.7,1997,8,0
1677,drama,english,164,67.9,48.6,2021,7,0
1678,action,spanish,95,36.0,33.0,2000,0,0
1679,thriller,english,110,80.8,91.5,1995,2,1
1680,thriller,korean,108,99.8,72.7,2005,7,1
1681,thriller,hindi,88,23.6,35.7,2017,6,0
1682,drama,hindi,172,42.6,97.8,2006,4,1
1683,thriller,hindi,148,96.5,81.3,1997,1,1
1684,drama,korean,80,86.9,24.6,2021,3,1
1685,comedy,english,125,84.5,74.5,1997,8,1
1686,comedy,english,77,53.0,67.0,2019,8,1
1687,action,english,164,64.6,22.7,2020,2,0
1688,thriller,english,157,26.6,88.5,2018,5,0
1689,action,english,116,85.7,59.9,2022,8,1
1690,thriller,hindi,145,59.4,86.4,2002,9,1
1691,action,korean,107,71.6,31.0,2006,5,0
1692,action,english,118,47.3,79.1,2008,11,1
1693,comedy,english,101,70.7,82.0,1999,3,1
1694,animation,english,147,31.7,58.7,2003,8,0
1695,thriller,korean,105,21.5,64.3,1995,11,0
1696,action,korean,119,95.8,53.3,2023,6,1
1697,comedy,english,94,80.2,45.4,2009,6,1
1698,animation,english,117,24.0,33.4,2007,7,0
1699,animation,english,136,30.3,52.4,2014,11,1
1700,drama,hindi,79,25.7,59.9,1999,2,0
1701,animation,korean,105,60.8,90.6,2019,4,1
1702,comedy,english,130,67.2,51.2,2005,7,0
1703,thriller,hindi,173,28.4,74.6,2009,3,0
1704,action,english,163,57.7,65.0,2012,9,1
1705,thriller,hindi,94,36.6,29.6,2011,7,0
1706,action,korean,139,81.0,81.5,2002,0,1
1707,action,hindi,103,73.1,33.7,2014,2,1
1708,comedy,english,83,63.2,51.5,2023,10,1
1709,drama,hindi,95,55.4,51.6,2023,4,1
1710,drama,hindi,124,22.0,83.1,2002,2,0
1711,drama,english,117,97.4,82.4,2006,0,1
1712,comedy,english,116,87.6,68.2,2002,9,1
1713,thriller,english,98,33.8,32.7,2019,9,0
1714,action,english,94,93.7,25.1,2003,7,1
1715,action,english,91,44.9,78.7,2009,6,1
1716,drama,english,118,47.8,70.1,2003,3,0
1717,animation,english,119,60.2,67.8,2000,11,1
1718,action,english,173,48.6,85.6,2018,2,1
1719,comedy,hindi,119,71.5,27.5,2011,5,0
1720,thriller,korean,149,67.4,61.6,2013,8,0
1721,comedy,hindi,95,97.3,54.5,2013,3,1
1722,animation,korean,75,21.9,67.2,2003,10,0
1723,drama,english,129,70.0,66.7,1997,0,0
1724,thriller,english,112,49.9,93.0,2002,6,0
1725,drama,hindi,92,39.5,37.0,2016,5,0
1726,animation,english,179,34.7,76.9,2022,6,0
1727,thriller,english,169,41.6,37.1,2007,5,0
1728,action,korean,177,75.7,67.1,2007,2,0
1729,drama,english,142,94.2,70.3,1996,0,1
1730,animation,english,114,29.6,68.3,2015,2,0
1731,drama,hindi,112,38.6,55.1,2007,3,0
1732,comedy,english,102,89.3,98.7,2011,8,1
1733,drama,spanish,172,34.4,51.9,2011,5,0
1734,drama,spanish,137,83.4,31.9,2008,3,0
1735,thriller,spanish,113,91.0,37.5,1999,1,1
1736,comedy,english,169,78.7,63.3,2013,6,1
1737,action,korean,111,24.7,74.7,1999,5,0
1738,action,english,109,84.9,55.1,2014,6,1
1739,drama,spanish,170,20.9,79.1,2006,9,0
1740,comedy,english,115,61.3,77.6,2014,3,1
1741,drama,spanish,83,30.6,30.4,1995,8,0
1742,thriller,spanish,148,76.7,75.5,1999,7,1
1743,animation,english,170,54.5,36.4,1995,5,0
1744,thriller,hindi,78,71.0,64.2,2010,11,1
1745,comedy,english,116,72.1,26.9,2000,3,0
1746,action,english,127,88.1,90.7,2003,1,0
1747,thriller,hindi,136,91.5,86.1,2019,7,1
1748,thriller,english,116,48.1,68.2,2018,8,0
1749,drama,hindi,143,67.1,81.7,2019,10,1
1750,action,english,145,75.2,89.0,2000,9,1
1751,action,english,89,48.0,27.0,1995,8,0
1752,thriller,english,81,55.1,55.4,2003,7,0
1753,thriller,english,120,22.6,29.3,1999,6,0
1754,thriller,english,169,93.8,90.3,2010,4,1
1755,action,korean,163,79.7,37.0,2010,2,0
1756,action,hindi,111,80.2,37.6,2010,4,0
1757,drama,english,105,60.5,51.0,2016,5,1
1758,thriller,english,82,30.6,38.1,2007,9,0
1759,comedy,hindi,89,32.6,48.8,2010,10,0
1760,action,korean,140,20.9,31.2,2022,0,0
1761,animation,english,148,99.1,45.0,2004,4,1
1762,thriller,english,102,35.5,38.5,2015,0,0
1763,action,hindi,99,66.5,34.3,2010,3,0
1764,drama,hindi,168,54.4,64.3,2008,9,1
1765,thriller,english,137,23.2,37.3,2004,7,0
1766,action,hindi,152,26.9,67.3,1999,8,0
1767,action,spanish,80,27.5,75.0,2014,8,0
1768,animation,korean,154,71.1,50.6,2019,9,1
1769,drama,korean,103,57.0,92.2,2003,9,1
1770,comedy,english,121,49.9,43.1,2002,0,0
1771,thriller,korean,136,71.0,76.2,2015,11,1
1772,action,korean,140,62.6,98.6,2016,7,1
1773,action,english,109,44.9,47.3,1998,5,0
1774,thriller,english,102,66.1,79.6,2023,4,1
1775,action,hindi,176,25.4,61.4,2005,6,1
1776,comedy,korean,114,66.0,34.0,2001,5,0
1777,thriller,english,102,61.8,70.1,2014,8,0
1778,action,korean,92,87.2,82.6,2020,6,1
1779,action,spanish,115,37.5,51.2,2018,11,1
1780,drama,english,94,56.5,22.3,1996,0,0
1781,thriller,hindi,110,41.8,30.0,1995,11,0
1782,action,english,80,31.6,96.1,2002,3,0
1783,thriller,english,112,85.8,64.6,2017,3,1
1784,drama,english,163,83.8,23.9,2009,11,1
1785,action,english,148,38.7,83.0,2000,2,0
1786,drama,english,94,77.3,51.1,2012,0,0
1787,drama,english,105,39.4,61.6,2013,7,0
1788,comedy,hindi,155,83.8,99.6,2018,1,1
1789,drama,english,178,84.7,70.6,2006,5,1
1790,thriller,hindi,127,85.5,40.8,2024,11,0
1791,comedy,hindi,170,99.2,62.4,2015,6,1
1792,action,korean,146,67.9,45.5,2008,5,0
1793,comedy,english,105,54.8,51.8,2001,3,0
1794,thriller,hindi,90,92.5,87.5,2002,4,1
1795,comedy,hindi,147,76.6,85.0,2012,0,1
1796,animation,english,121,50.6,58.9,2011,9,1
1797,animation,english,109,72.9,59.1,2001,6,1
1798,thriller,hindi,144,56.5,46.8,2011,3,0
1799,drama,hindi,156,53.2,76.3,2024,0,0
1800,comedy,english,88,31.3,43.3,2009,5,0
1801,action,hindi,125,36.2,80.7,2004,9,1
1802,drama,korean,175,56.6,82.1,2018,0,0
1803,animation,english,163,65.8,80.6,1995,11,1
1804,animation,korean,172,34.1,90.8,2014,5,1
1805,action,korean,150,61.8,56.9,2021,11,0
1806,thriller,hindi,164,97.0,68.5,2020,4,1
1807,drama,english,148,37.2,39.3,2014,3,0
1808,thriller,english,167,39.9,23.2,1995,4,0
1809,drama,english,119,94.0,24.9,2010,2,1
1810,comedy,korean,129,44.2,94.0,2019,4,1
1811,thriller,english,128,65.2,53.7,2012,4,0
1812,comedy,spanish,97,20.1,96.3,2007,3,0
1813,thriller,english,158,62.1,76.4,2011,3,0
1814,action,english,150,99.3,24.6,2017,1,0
1815,thriller,korean,144,44.3,40.2,2000,11,0
1816,action,english,78,94.5,75.4,2006,10,1
1817,action,english,145,57.2,25.8,2021,10,0
1818,comedy,english,128,57.6,65.1,2008,10,1
1819,drama,english,159,63.4,62.7,2024,9,1
1820,action,english,111,29.1,22.7,2016,6,0
1821,action,english,112,84.8,62.8,2008,1,0
1822,action,spanish,151,53.9,85.6,2010,9,1
1823,drama,english,169,78.5,44.9,2007,10,1
1824,thriller,korean,143,84.0,35.1,2008,2,0
1825,drama,spanish,142,71.7,59.8,2002,1,0
1826,action,hindi,90,96.6,59.3,1999,10,1
1827,thriller,spanish,107,51.6,59.6,2022,11,1
1828,drama,korean,143,29.1,94.8,2024,9,1
1829,drama,english,101,48.2,42.8,2004,7,0
1830,action,korean,117,69.3,39.6,2012,9,1
1831,thriller,hindi,127,88.9,47.8,2022,7,1
1832,action,spanish,106,83.2,76.1,2022,4,1
1833,drama,english,98,82.4,28.9,2012,11,1
1834,action,english,168,61.7,77.6,2016,8,1
1835,thriller,spanish,158,87.5,59.2,2000,2,1
1836,thriller,english,115,29.6,89.0,2019,6,1
1837,comedy,english,115,30.9,76.5,1996,9,0
1838,action,hindi,123,54.0,65.9,2012,9,0
1839,comedy,english,177,96.8,90.3,1997,0,1
1840,comedy,hindi,92,41.4,43.1,2019,1,0
1841,animation,english,95,56.9,50.2,2024,11,1
1842,thriller,english,126,64.9,44.4,2014,2,1
1843,action,english,127,82.7,95.6,2009,6,1
1844,comedy,english,92,88.1,25.3,2016,10,1
1845,action,english,161,97.1,57.6,2004,2,1
1846,drama,english,76,53.1,40.6,2006,10,0
1847,comedy,english,137,78.6,44.0,2017,5,1
1848,drama,english,167,55.5,50.9,2013,10,0
1849,thriller,korean,172,81.7,49.1,2023,2,0
1850,comedy,hindi,80,35.1,98.0,2017,9,1
1851,comedy,english,174,49.7,72.1,2017,9,1
1852,drama,english,95,64.4,74.1,2011,4,1
1853,drama,english,83,98.5,58.7,2021,4,1
1854,drama,korean,116,88.3,28.9,2014,8,1
1855,action,english,137,26.2,29.3,2015,11,0
1856,comedy,hindi,92,20.2,100.0,2017,3,0
1857,action,hindi,99,77.7,44.5,2015,4,1
1858,drama,english,85,38.4,89.6,2010,6,0
1859,action,english,105,78.8,54.2,2006,10,1
1860,thriller,hindi,171,23.3,54.5,2015,7,0
1861,comedy,hindi,155,23.7,55.9,1995,2,0
1862,drama,korean,169,75.0,25.5,2000,11,0
1863,action,hindi,82,46.3,93.8,2019,7,1
1864,animation,english,135,68.6,76.9,2022,8,1
1865,drama,spanish,137,34.5,91.4,1999,8,0
1866,comedy,hindi,151,41.6,46.4,2010,8,0
1867,drama,english,115,53.8,45.3,1999,4,0
1868,drama,korean,81,75.9,39.2,2013,7,0
1869,thriller,english,158,40.4,23.0,2013,8,0
1870,comedy,english,165,49.4,73.6,2024,8,0
1871,action,korean,136,43.2,99.9,2012,0,1
1872,thriller,hindi,90,20.7,83.2,2024,4,0
1873,drama,hindi,172,40.6,62.1,2015,4,0
1874,comedy,spanish,87,33.8,48.4,2007,0,0
1875,drama,english,85,31.4,30.1,2015,2,0
1876,drama,hindi,112,79.1,46.0,2004,2,0
1877,action,spanish,151,37.2,93.0,1995,9,1
1878,animation,hindi,113,55.1,32.7,2001,3,0
1879,thriller,hindi,118,34.9,42.0,1998,2,0
1880,comedy,english,163,72.7,34.5,2014,3,0
1881,drama,english,92,42.1,37.7,2015,4,0
1882,drama,spanish,105,98.0,94.3,2011,3,1
1883,comedy,spanish,106,93.5,65.6,1996,11,1
1884,drama,korean,76,41.3,54.5,2011,11,1
1885,drama,english,178,45.5,83.1,2001,6,0
1886,animation,english,78,99.4,22.6,2007,3,0
1887,thriller,spanish,147,71.6,50.6,2012,3,0
1888,animation,spanish,118,34.0,61.2,2016,7,0
1889,drama,english,178,60.4,25.2,2016,6,0
1890,comedy,korean,75,83.5,22.6,2001,0,0
1891,thriller,english,173,77.6,36.9,2005,2,0
1892,thriller,hindi,160,35.5,94.8,1995,7,1
1893,comedy,english,145,64.3,81.9,2016,9,1
1894,thriller,english,136,85.9,58.0,2013,7,1
1895,thriller,english,96,41.1,94.0,2001,5,1
1896,animation,english,86,22.7,66.1,2019,11,1
1897,action,hindi,110,45.9,77.2,2007,9,1
1898,thriller,hindi,92,87.1,92.1,2003,5,1
1899,comedy,spanish,173,99.0,61.2,2006,8,1
1900,comedy,english,85,88.4,43.6,2004,2,0
1901,thriller,english,176,21.7,61.3,2020,6,0
1902,animation,english,90,22.6,52.8,1996,8,0
1903,thriller,english,105,69.6,38.4,2012,5,0
1904,drama,hindi,144,44.8,94.8,2011,2,1
1905,action,hindi,119,23.8,34.5,2021,8,0
1906,animation,english,99,48.3,90.7,2019,4,1
1907,drama,spanish,171,44.4,58.4,2002,10,1
1908,action,hindi,125,92.3,49.7,2014,6,1
1909,thriller,english,140,82.5,26.8,2009,11,1
1910,comedy,english,179,20.7,27.6,2008,5,0
1911,thriller,english,170,62.0,98.1,1998,7,1
1912,thriller,english,94,32.4,41.0,2023,3,0
1913,drama,hindi,140,85.3,86.2,2016,11,1
1914,action,english,141,83.3,55.8,2003,8,0
1915,comedy,english,97,23.8,23.4,2007,5,0
1916,comedy,hindi,98,33.8,87.6,2005,4,0
1917,action,spanish,134,84.6,73.8,2005,3,0
1918,drama,korean,134,44.3,73.9,2008,0,0
1919,comedy,english,105,50.1,36.3,1995,10,0
1920,thriller,spanish,77,75.0,51.4,2007,5,1
1921,comedy,english,75,34.4,21.4,2019,6,0
1922,action,spanish,120,40.2,79.5,2010,1,0
1923,action,hindi,84,50.1,99.1,1996,2,1
1924,drama,english,162,33.6,89.0,2016,6,1
1925,thriller,korean,104,30.1,99.2,2008,8,1
1926,drama,english,166,90.7,51.3,2023,3,1
1927,comedy,hindi,76,98.1,60.3,2019,8,1
1928,action,hindi,146,76.2,97.8,2020,1,1
1929,comedy,english,106,25.5,61.9,2007,8,1
1930,comedy,hindi,93,36.7,39.5,2023,4,0
1931,animation,english,79,59.0,43.5,2023,5,0
1932,action,korean,139,45.4,35.8,2019,11,0
1933,drama,english,170,28.0,81.7,2000,5,0
1934,drama,hindi,83,91.6,45.9,1998,0,1
1935,drama,korean,143,94.0,59.7,1998,10,1
1936,action,english,142,28.0,20.7,2016,3,0
1937,thriller,hindi,142,38.1,30.9,2005,9,0
1938,comedy,korean,127,83.0,94.7,2022,0,0
1939,thriller,korean,88,39.2,77.7,2002,4,0
1940,action,korean,172,48.1,64.7,2014,9,0
1941,drama,hindi,161,65.3,47.7,1996,3,0
1942,comedy,hindi,121,97.8,46.4,2001,7,1
1943,comedy,english,165,91.0,50.2,2013,2,0
1944,action,english,150,83.8,52.3,2023,2,1
1945,drama,english,92,70.8,45.2,2004,0,0
1946,comedy,hindi,137,71.4,22.6,1996,1,0
1947,comedy,english,150,48.0,60.6,2018,3,0
1948,thriller,english,141,58.8,30.4,2006,1,0
1949,drama,english,119,41.3,90.5,2000,10,1
1950,action,hindi,150,21.6,20.8,2001,7,0
1951,action,spanish,153,36.3,46.1,2023,10,0
1952,thriller,english,117,97.9,77.1,2001,8,1
1953,drama,spanish,122,74.1,30.9,1998,2,0
1954,drama,spanish,164,92.0,77.7,2010,5,1
1955,action,korean,169,38.7,32.1,2020,0,0
1956,comedy,english,137,78.7,27.9,2002,2,0
1957,thriller,hindi,126,22.0,76.5,2018,5,0
1958,thriller,english,164,41.6,40.1,2001,5,0
1959,action,hindi,113,60.0,69.2,2004,0,0
1960,drama,hindi,170,61.5,92.9,2017,4,1
1961,drama,english,152,45.3,66.2,2021,10,1
1962,animation,spanish,162,76.2,92.8,2004,7,1
1963,thriller,hindi,170,28.7,39.2,2001,10,0
1964,animation,english,163,22.7,32.0,1999,3,0
1965,thriller,korean,109,52.3,89.3,2015,10,1
1966,drama,hindi,115,67.0,35.8,2003,6,1
1967,thriller,english,117,58.7,98.1,2011,7,1
1968,thriller,korean,130,64.0,96.5,2005,10,1
1969,drama,english,98,99.5,53.2,2013,8,1
1970,comedy,hindi,137,69.4,36.7,2019,0,0
1971,thriller,english,136,23.0,39.3,2011,10,0
1972,drama,spanish,165,27.4,25.0,2016,9,0
1973,thriller,english,90,78.5,98.0,2010,6,1
1974,comedy,korean,83,67.4,63.2,2015,6,1
1975,comedy,english,88,60.8,20.3,1997,8,0
1976,action,english,148,39.3,73.8,2018,4,0
1977,action,hindi,82,21.7,82.4,2005,2,0
1978,thriller,english,167,73.9,64.0,2000,5,1
1979,comedy,english,160,73.5,48.1,2012,8,0
1980,drama,english,125,68.0,89.8,2024,8,1
1981,comedy,hindi,95,36.3,35.5,2013,4,0
1982,action,hindi,164,70.8,20.3,2011,11,0
1983,action,english,76,64.8,22.3,2019,3,0
1984,action,english,128,59.5,54.6,2000,7,1
1985,thriller,english,137,73.0,49.1,2017,7,1
1986,comedy,english,165,44.1,44.4,2016,9,0
1987,comedy,korean,100,69.3,20.8,2008,6,0
1988,drama,korean,79,40.7,59.7,2021,10,1
1989,comedy,korean,143,76.6,93.7,2013,10,1
1990,action,spanish,140,50.1,91.2,2016,9,1
1991,comedy,korean,123,27.6,43.7,2005,2,0
1992,comedy,hindi,101,35.1,42.0,1995,11,0
1993,comedy,english,103,57.5,75.0,2016,4,1
1994,thriller,spanish,164,42.9,69.5,2014,8,0
1995,comedy,hindi,155,88.5,80.8,2018,5,1
1996,action,english,81,61.3,35.1,2018,1,0
1997,thriller,hindi,170,98.1,35.3,2021,0,1
1998,comedy,spanish,80,57.0,29.7,1999,2,0
1999,drama,english,120,95.0,56.2,2007,11,1
2000,thriller,english,132,95.0,25.4,2024,9,1
