budget_million,runtime_min,genre,critic_score,lead_actor_popularity,is_hit
233.1,153,scifi,75.2,57.0,1
89.3,95,scifi,77.4,62.1,1
22.1,159,horror,5.1,48.4,0
1.7,87,drama,38.1,72.2,0
11.7,100,action,42.3,61.0,0
68.7,106,action,85.2,6.6,0
251.4,114,scifi,67.8,76.2,1
190.1,135,scifi,5.4,87.0,0
41.0,116,horror,85.9,84.2,1
151.1,96,horror,72.5,0.0,0
111.3,80,action,16.3,0.9,0
79.3,104,horror,97.1,14.6,0
297.8,179,comedy,16.7,85.0,1
187.4,129,action,25.5,18.9,1
90.0,121,comedy,48.7,78.6,0
122.8,131,comedy,53.6,93.7,0
180.8,103,comedy,41.6,46.9,1
52.4,89,drama,17.9,72.1,0
136.0,76,horror,66.6,11.9,0
106.7,145,drama,27.3,22.8,0
155.5,128,comedy,25.4,0.2,0
12.8,100,drama,48.9,46.2,0
185.2,115,comedy,89.3,52.1,1
59.0,79,action,95.4,97.8,1
111.4,140,drama,81.0,87.9,1
147.9,128,drama,21.2,76.1,1
119.4,109,scifi,76.1,11.2,0
59.8,121,action,83.8,94.8,1
13.4,78,comedy,92.9,36.2,0
84.0,152,horror,81.2,77.3,1
179.4,79,comedy,54.5,37.5,1
135.1,107,action,44.1,38.2,0
79.2,152,horror,37.3,81.2,1
87.9,101,drama,73.1,44.1,1
135.3,160,drama,4.1,21.1,1
158.0,153,drama,30.3,76.0,0
156.2,109,scifi,26.0,54.8,0
14.9,165,action,28.7,66.8,0
102.4,121,horror,3.7,56.8,0
47.4,155,horror,48.5,26.4,0
31.9,103,action,40.6,32.9,0
45.1,134,horror,60.5,60.0,0
204.3,149,horror,73.5,34.3,1
93.6,77,action,0.8,24.1,0
256.9,129,action,4.3,40.7,0
134.4,106,drama,20.9,91.6,1
186.6,85,comedy,86.6,82.1,1
260.2,154,drama,29.2,54.3,0
62.7,108,comedy,36.0,55.7,0
95.5,176,comedy,59.6,84.6,1
103.8,156,scifi,25.5,51.5,1
4.4,120,horror,64.9,37.2,0
61.8,174,action,10.8,95.2,0
69.8,105,scifi,65.3,35.3,1
180.3,147,scifi,11.0,39.3,0
201.3,148,drama,37.1,74.0,0
40.7,75,comedy,3.9,42.9,0
43.2,102,drama,47.8,56.3,0
132.9,124,action,86.0,37.1,0
121.2,122,action,71.7,6.1,0
112.1,126,horror,90.0,0.2,0
154.1,143,scifi,40.5,7.9,0
257.5,126,action,25.1,22.5,1
288.1,115,scifi,70.0,74.6,1
176.3,132,comedy,70.9,52.2,1
266.5,96,horror,18.6,92.1,1
216.8,114,action,9.5,72.9,0
205.3,140,action,59.8,6.6,0
240.3,151,horror,71.7,40.4,0
164.1,145,scifi,66.2,62.1,1
99.5,115,scifi,89.3,31.7,1
125.2,84,comedy,38.4,16.1,0
262.6,129,scifi,98.9,8.5,1
285.4,123,scifi,21.9,77.0,1
222.8,131,scifi,79.2,62.3,1
212.4,90,horror,51.5,8.1,1
272.8,100,comedy,54.4,13.6,1
182.6,124,drama,14.8,36.9,0
12.3,136,comedy,28.4,10.3,0
150.7,97,scifi,14.7,44.2,1
70.1,146,horror,68.8,86.3,1
102.3,143,action,41.7,24.5,1
48.1,110,action,75.6,0.2,0
127.8,168,action,92.2,79.8,1
271.1,139,drama,21.6,81.7,1
94.5,124,drama,86.8,70.1,1
245.6,115,action,41.2,3.7,1
23.4,125,action,24.4,0.8,0
183.4,88,comedy,8.4,19.2,1
145.5,140,comedy,5.1,48.6,1
195.2,137,action,80.3,82.5,0
88.8,165,scifi,33.1,76.3,0
278.2,81,action,8.7,32.2,1
183.8,138,comedy,28.4,4.8,0
243.1,104,comedy,52.6,81.2,1
132.8,77,comedy,36.1,18.8,0
10.4,161,action,21.3,74.7,1
101.7,90,action,45.1,64.7,0
206.0,80,comedy,61.5,11.1,0
212.2,179,drama,71.0,11.4,1
78.0,147,horror,71.3,4.6,0
67.2,169,drama,8.5,20.0,0
280.8,88,action,20.5,69.7,1
191.5,76,comedy,28.0,49.8,0
96.7,126,comedy,26.7,59.8,0
161.2,160,scifi,35.5,55.0,1
213.7,126,action,88.7,80.1,1
248.1,174,horror,38.7,89.3,1
56.2,167,action,48.6,68.2,0
59.3,129,scifi,51.9,36.6,0
206.1,126,horror,7.8,81.1,1
128.6,79,action,79.7,16.9,0
34.6,122,action,62.4,53.6,1
40.1,137,comedy,9.4,46.9,0
255.9,119,horror,41.3,86.6,1
76.8,124,comedy,65.5,44.6,1
262.7,120,drama,51.8,23.6,0
60.1,152,horror,80.9,0.1,0
92.3,122,drama,92.0,80.2,0
125.2,154,action,66.5,77.3,0
113.8,152,action,41.9,48.7,0
79.5,83,horror,59.0,80.3,0
81.5,168,scifi,65.8,94.4,1
127.2,126,scifi,25.1,91.1,1
36.3,177,drama,8.4,15.6,0
158.0,101,horror,73.9,55.5,1
119.5,117,comedy,9.1,29.3,0
72.7,114,action,81.4,53.8,1
228.8,125,action,63.3,13.0,1
67.6,120,comedy,82.0,97.8,1
174.9,96,drama,42.0,43.1,0
83.0,166,drama,80.2,79.1,0
93.9,167,scifi,19.4,66.4,0
219.1,122,drama,81.7,88.3,1
57.0,129,scifi,87.3,75.2,0
203.0,179,drama,16.7,76.4,0
127.3,100,drama,60.5,22.6,0
164.1,110,comedy,96.6,51.7,1
86.5,92,action,5.5,56.5,0
124.5,159,horror,42.9,64.2,0
297.2,163,horror,7.3,57.2,1
283.8,154,action,94.2,5.6,0
18.3,142,action,52.2,53.9,0
188.9,151,action,87.8,82.3,1
228.6,144,scifi,50.5,42.0,1
100.6,172,action,44.6,56.1,0
294.7,141,horror,61.0,7.9,1
64.0,105,action,94.2,92.2,1
173.3,153,action,6.9,82.0,1
41.4,87,action,2.7,34.1,0
31.2,168,drama,39.2,12.8,0
277.2,87,action,3.5,32.7,1
263.5,163,action,56.3,82.8,1
121.9,148,comedy,67.2,98.1,0
298.7,150,drama,98.5,98.6,1
76.5,154,comedy,56.6,75.7,1
238.1,154,comedy,12.6,75.8,0
71.0,143,action,41.5,67.7,0
202.5,113,comedy,56.6,50.4,1
219.1,87,horror,46.1,97.3,1
255.7,114,action,7.3,25.8,1
239.8,154,action,85.6,92.1,1
174.6,143,action,61.6,1.5,1
75.7,122,comedy,92.3,82.2,1
11.3,147,comedy,2.9,18.2,0
289.0,139,scifi,56.8,4.5,1
189.7,120,comedy,95.6,45.9,1
226.9,133,comedy,50.7,13.4,0
120.1,169,action,82.9,17.1,0
242.1,176,drama,82.0,54.3,1
110.6,87,comedy,52.6,76.2,0
165.5,151,comedy,72.9,66.2,1
228.0,146,comedy,44.3,12.6,1
184.8,81,comedy,52.2,32.7,1
5.7,115,horror,1.9,34.7,0
5.4,143,comedy,21.8,47.9,0
51.2,95,comedy,65.7,0.6,0
30.4,157,action,85.8,9.8,0
118.4,164,drama,81.7,4.7,0
186.4,134,horror,65.5,68.2,1
202.0,179,comedy,52.8,72.5,1
106.3,99,comedy,86.2,57.5,0
26.6,100,horror,97.2,44.4,0
215.6,168,action,9.0,36.2,1
176.1,142,horror,37.6,78.3,0
276.9,87,comedy,59.1,17.7,1
206.5,172,comedy,63.4,32.5,1
42.6,144,drama,74.2,52.2,0
26.0,137,action,41.2,8.2,0
288.6,86,comedy,34.2,2.1,1
219.1,82,drama,98.0,27.1,1
44.3,138,comedy,69.9,79.4,0
251.6,131,drama,41.0,64.9,1
28.4,161,action,37.7,29.4,0
19.2,175,horror,62.1,61.1,0
109.5,117,scifi,12.9,37.2,0
248.3,112,scifi,64.2,6.2,1
95.9,109,comedy,44.6,70.4,0
111.5,101,comedy,68.2,9.9,0
69.6,177,drama,70.6,65.9,0
92.1,155,action,4.7,10.9,0
88.7,146,action,34.4,15.6,0
264.6,103,drama,99.4,47.2,1
89.1,93,scifi,13.8,12.1,0
43.3,144,action,43.4,61.3,0
39.0,168,comedy,80.0,33.7,0
35.0,145,drama,63.3,41.6,0
9.4,152,action,77.1,9.3,0
66.6,165,comedy,87.2,96.5,1
93.5,131,action,53.3,89.1,1
33.6,112,horror,8.5,49.4,0
188.8,164,action,60.4,93.9,1
72.8,88,drama,57.4,25.3,0
141.8,119,action,63.5,88.1,1
173.1,114,horror,85.0,33.7,1
263.9,167,comedy,4.9,78.4,0
174.1,104,scifi,84.4,38.6,1
145.2,141,drama,42.9,1.6,0
72.9,86,drama,30.1,53.6,1
222.9,150,drama,85.9,14.9,1
40.7,123,comedy,24.9,35.9,0
104.2,87,horror,71.7,25.6,0
122.9,116,drama,0.2,49.9,0
240.2,157,horror,73.2,71.7,1
275.9,173,drama,85.2,74.3,1
160.3,145,action,7.9,25.3,0
44.2,159,action,6.0,80.9,0
105.3,176,action,67.5,26.5,0
148.3,131,scifi,27.8,78.4,0
291.8,113,comedy,87.1,51.5,1
28.8,84,drama,23.9,34.5,0
277.0,155,drama,69.2,89.3,1
213.1,118,action,21.1,21.2,0
147.2,102,action,83.9,8.9,0
275.6,92,action,54.6,5.0,1
294.2,131,horror,65.6,8.6,1
255.2,162,scifi,38.9,47.5,1
102.1,157,horror,83.4,35.2,0
239.8,133,horror,80.5,5.7,1
240.1,133,horror,87.8,63.4,0
226.2,165,horror,46.5,14.4,0
221.0,130,drama,54.7,42.9,1
289.2,149,comedy,26.1,14.2,0
91.8,171,scifi,75.3,56.9,1
212.7,143,drama,24.2,25.8,1
254.9,110,horror,25.0,41.9,1
112.8,82,drama,59.0,90.0,0
79.6,114,action,15.6,97.0,0
228.3,111,drama,16.9,88.4,1
101.5,177,comedy,40.6,81.6,1
99.9,125,comedy,12.4,39.7,0
189.0,126,action,9.5,75.3,1
57.0,82,drama,8.1,14.0,0
73.7,151,comedy,67.3,89.8,1
129.1,143,drama,87.9,24.4,1
217.6,179,comedy,58.6,80.2,1
140.6,118,scifi,10.0,47.5,0
192.9,123,action,2.9,93.5,1
202.7,90,comedy,68.7,26.2,0
140.0,173,action,23.5,38.4,0
172.0,83,comedy,33.5,76.5,1
174.0,84,horror,72.3,20.1,0
179.3,165,drama,39.9,30.6,1
42.7,107,action,87.3,96.6,1
247.6,162,comedy,97.3,7.8,1
265.9,84,action,84.3,65.2,1
1.6,134,action,1.0,44.9,0
212.2,106,comedy,85.6,32.7,1
290.2,115,comedy,90.3,87.3,1
203.7,138,comedy,50.3,17.1,1
288.0,153,drama,89.7,85.2,1
172.5,148,horror,2.5,43.2,0
142.3,175,drama,74.7,78.9,1
23.3,174,comedy,4.1,44.4,0
2.7,83,action,3.2,60.0,0
139.3,149,drama,36.7,87.3,1
260.7,174,drama,92.4,1.3,1
224.5,150,action,50.0,65.5,1
198.2,112,scifi,65.6,18.6,1
12.8,127,drama,52.2,55.9,0
13.3,99,drama,99.5,89.2,0
224.9,102,scifi,54.3,14.8,1
81.0,75,drama,30.5,13.6,0
59.9,143,comedy,14.2,46.7,0
136.7,177,comedy,79.9,8.8,0
209.9,86,action,80.4,45.8,1
277.6,179,comedy,98.2,29.3,1
288.6,160,scifi,98.9,85.6,1
163.3,175,scifi,90.9,17.4,0
143.7,144,action,70.8,12.0,0
173.5,116,scifi,72.6,87.0,1
96.0,170,drama,56.4,87.3,0
171.7,85,drama,41.0,86.7,0
117.4,104,comedy,33.5,77.5,0
189.7,105,comedy,6.1,74.2,1
273.7,103,horror,81.9,45.5,1
279.7,108,drama,58.1,25.5,1
100.5,97,scifi,98.8,59.0,1
288.7,165,comedy,59.2,40.7,1
59.7,106,drama,27.0,48.2,0
52.7,119,action,44.5,65.3,1
107.6,120,comedy,28.1,80.6,0
89.4,87,drama,81.9,31.9,0
171.9,78,action,59.0,44.0,1
237.0,89,drama,55.4,13.5,0
252.6,120,scifi,65.7,19.1,1
152.3,166,drama,30.0,10.3,0
259.2,136,comedy,91.1,60.7,1
110.7,135,comedy,93.4,94.6,1
60.0,126,horror,33.9,52.5,0
291.5,156,drama,45.1,87.4,1
38.6,81,comedy,26.0,92.3,0
71.3,126,drama,54.7,8.6,0
232.0,96,horror,79.1,26.9,0
41.7,85,comedy,59.9,99.5,0
8.9,170,horror,16.3,93.8,0
184.2,160,horror,93.2,29.7,1
221.3,146,comedy,64.0,21.7,1
97.9,176,drama,27.9,42.5,0
60.0,134,comedy,9.1,44.8,0
172.7,155,action,59.0,80.4,1
298.3,78,horror,54.1,78.9,1
279.9,140,comedy,91.1,6.4,1
261.9,137,scifi,61.6,18.3,1
228.5,156,scifi,37.0,69.8,1
5.8,107,comedy,1.0,63.9,0
186.2,103,action,23.6,33.8,1
112.4,145,action,99.6,57.7,1
147.9,150,action,82.3,77.1,1
9.1,89,drama,59.3,42.9,0
293.8,128,action,64.3,46.2,1
35.0,163,action,77.6,0.2,1
139.9,175,drama,4.6,92.0,0
44.9,86,scifi,53.6,2.9,0
55.0,157,action,85.8,2.3,0
299.1,134,comedy,88.1,46.5,1
158.4,84,scifi,77.6,44.6,1
287.8,155,scifi,27.0,56.6,0
162.1,176,comedy,97.8,36.8,1
11.1,134,horror,45.8,11.1,0
119.2,90,action,2.1,47.8,0
154.4,129,action,29.8,72.3,0
46.1,139,drama,32.8,42.5,0
222.1,177,scifi,21.8,25.6,1
252.8,77,drama,83.2,64.2,0
87.3,148,horror,96.2,12.3,0
270.8,157,comedy,83.7,3.0,1
114.2,166,drama,79.9,57.8,0
288.4,113,comedy,57.9,33.9,1
77.6,159,horror,23.3,25.4,0
6.0,84,action,41.1,60.8,0
234.8,134,scifi,57.9,91.7,1
162.7,93,horror,45.0,7.1,0
4.8,156,drama,9.4,30.1,0
234.2,138,drama,24.5,76.4,1
289.2,151,drama,85.3,56.2,1
152.0,155,horror,68.8,55.8,1
106.4,141,scifi,25.1,73.1,1
121.8,143,comedy,2.7,91.7,0
8.3,137,comedy,71.8,62.0,0
120.2,115,drama,4.6,43.6,0
20.8,154,action,51.9,11.9,0
92.6,91,action,39.7,26.1,0
163.5,95,comedy,80.2,54.1,1
203.9,158,horror,87.0,88.7,0
227.9,139,action,92.6,65.3,1
298.9,130,drama,58.9,21.1,1
87.9,135,drama,37.6,55.4,0
258.7,105,action,12.2,16.0,0
201.0,115,drama,45.6,95.8,1
142.5,77,comedy,26.8,29.3,0
297.4,157,comedy,75.8,66.6,1
138.9,137,drama,96.5,97.2,1
179.8,129,comedy,17.6,78.1,1
166.0,179,scifi,49.0,69.3,0
53.0,95,horror,43.2,34.5,0
268.6,86,comedy,22.8,90.3,1
84.2,158,comedy,47.4,60.1,1
136.8,87,action,79.3,52.4,1
181.2,143,comedy,72.6,18.1,1
126.9,80,comedy,23.5,16.4,0
203.3,116,action,73.2,92.6,1
150.7,111,horror,77.5,40.1,0
294.3,115,action,20.6,91.8,1
194.6,142,drama,97.1,55.8,1
267.5,78,action,49.4,32.2,1
86.4,157,drama,14.2,88.6,0
246.2,117,drama,97.2,12.7,1
7.3,127,comedy,52.1,22.8,0
20.8,160,drama,71.6,67.3,0
72.4,86,action,49.2,76.6,1
224.0,95,action,22.7,76.3,0
164.7,161,action,62.2,55.8,0
15.1,94,action,19.3,70.3,0
237.6,148,drama,68.7,13.9,0
75.2,136,comedy,58.6,75.8,1
224.6,141,horror,55.8,33.6,1
57.4,159,scifi,55.6,37.9,0
49.7,170,horror,75.0,54.5,0
145.3,145,scifi,96.1,67.7,1
218.5,164,action,73.5,71.1,0
206.0,145,scifi,30.6,59.5,0
71.2,115,horror,57.2,5.9,1
54.0,140,comedy,82.2,93.0,1
276.6,82,comedy,49.8,33.8,0
212.7,131,horror,58.1,42.9,1
176.9,168,comedy,9.2,15.0,0
164.3,139,comedy,72.2,8.3,0
132.7,124,action,57.0,62.6,1
38.2,153,horror,46.8,79.2,0
58.6,108,action,51.7,40.5,1
230.7,100,comedy,2.9,73.5,0
262.2,107,horror,65.7,73.4,1
128.1,152,action,14.9,79.4,1
5.1,82,comedy,14.0,13.0,0
89.7,161,comedy,10.6,30.6,0
118.1,75,horror,35.1,69.1,1
82.0,125,horror,49.8,70.5,0
238.5,159,drama,26.9,21.6,0
138.7,104,comedy,38.0,70.9,0
292.7,142,comedy,6.2,14.0,0
1.8,85,horror,51.5,50.8,0
286.2,120,drama,86.9,25.9,1
262.1,145,action,54.3,85.9,1
21.5,177,horror,12.7,44.4,0
277.3,178,action,48.8,42.8,1
210.4,85,drama,69.9,23.9,0
127.3,126,action,20.2,93.5,0
253.5,133,comedy,75.7,59.4,1
103.4,82,action,33.6,62.8,1
137.0,171,drama,18.8,36.6,0
161.9,118,drama,58.3,7.2,0
23.3,178,comedy,6.6,33.7,0
10.9,149,comedy,6.8,14.8,0
15.2,99,comedy,55.5,84.1,0
63.6,138,comedy,94.3,99.0,1
206.7,131,action,88.5,88.0,1
121.2,121,action,49.4,70.1,0
52.7,124,drama,84.2,37.8,0
81.5,139,drama,7.8,48.5,0
110.1,107,scifi,50.4,38.9,1
146.2,139,comedy,66.0,70.9,0
131.7,95,comedy,75.0,41.6,1
152.6,178,scifi,23.1,24.0,0
190.3,92,comedy,67.7,71.2,1
94.3,96,drama,14.5,65.4,0
17.2,84,scifi,28.3,58.9,1
78.7,172,comedy,50.5,63.5,0
130.6,107,comedy,23.1,37.4,1
9.5,108,drama,23.9,73.9,0
177.4,130,action,29.2,5.1,1
251.0,157,action,44.9,27.5,1
64.7,124,horror,69.0,97.3,1
201.5,162,comedy,43.8,96.6,1
84.4,111,drama,76.4,3.9,0
46.8,79,scifi,57.9,84.5,0
11.3,115,action,40.5,59.6,0
92.6,126,horror,64.9,83.2,1
161.1,136,action,26.5,28.8,1
169.9,121,comedy,27.2,18.9,0
47.9,80,action,36.2,53.7,0
300.0,84,horror,14.6,22.6,1
149.2,106,action,4.1,33.2,0
110.9,87,action,54.5,67.3,1
89.6,171,comedy,6.1,28.0,0
148.8,75,drama,7.5,40.3,0
196.7,118,action,45.8,67.5,1
136.7,179,scifi,2.9,52.3,0
34.5,108,action,59.5,93.5,1
24.6,161,comedy,47.0,80.4,0
192.2,140,scifi,31.9,9.0,0
22.4,99,horror,23.8,2.1,0
140.7,149,action,30.6,36.3,0
291.8,143,horror,66.8,46.0,1
68.5,169,comedy,29.1,18.1,0
254.9,179,action,3.8,90.4,1
146.1,178,horror,89.3,17.6,1
174.5,163,comedy,31.5,19.3,1
177.4,169,action,86.4,88.8,1
240.5,119,scifi,2.6,96.0,1
274.5,82,drama,18.8,82.3,1
252.1,167,action,71.3,36.9,1
294.8,174,action,52.8,43.2,1
244.3,134,action,21.4,49.1,1
174.0,148,comedy,78.7,83.7,1
260.3,76,action,63.7,15.5,1
276.2,103,comedy,63.0,96.8,1
134.7,121,comedy,53.8,44.6,0
125.4,76,action,22.2,96.0,0
298.3,135,drama,79.4,38.3,1
96.0,91,action,21.1,47.7,0
272.3,169,horror,88.3,91.1,1
115.5,148,action,84.5,82.7,1
14.4,144,comedy,73.7,69.0,0
62.9,148,scifi,74.4,2.4,0
80.2,170,comedy,47.4,97.8,1
189.5,163,action,95.8,42.0,0
50.2,132,action,81.9,86.9,0
124.4,172,horror,45.2,74.9,1
76.7,96,comedy,1.6,31.7,0
24.0,146,action,21.0,48.7,0
205.2,80,action,77.0,83.3,1
138.3,175,action,24.7,50.6,0
160.8,103,comedy,35.1,61.8,1
150.8,121,horror,45.2,61.2,1
70.8,109,comedy,86.9,58.3,1
14.6,76,drama,97.6,34.5,0
78.6,146,comedy,86.3,33.2,1
92.1,145,horror,1.4,69.7,0
246.6,93,horror,95.5,53.7,1
267.9,83,drama,45.4,66.9,1
159.0,145,comedy,66.1,68.5,1
278.4,120,comedy,21.4,71.6,0
83.6,91,scifi,89.1,8.7,1
105.6,161,action,33.9,38.3,1
46.9,126,comedy,2.5,19.1,0
86.3,122,action,40.5,88.3,1
266.8,119,action,50.7,53.5,1
176.3,173,drama,35.3,49.1,0
76.0,171,horror,83.5,7.2,0
218.2,167,horror,40.4,73.3,1
68.3,89,comedy,2.8,90.2,0
58.9,109,drama,39.5,85.2,0
118.5,146,action,75.3,90.6,1
56.6,148,comedy,89.7,95.0,1
77.0,110,scifi,21.2,74.8,0
111.3,117,horror,20.7,12.5,0
181.6,138,action,98.4,54.1,1
254.3,123,action,24.2,61.0,1
237.2,167,action,73.5,48.7,1
1.2,165,horror,68.1,78.2,0
8.7,175,action,57.1,16.6,0
22.4,107,drama,69.6,15.4,0
259.3,176,action,75.1,5.7,1
221.5,101,scifi,31.1,55.9,1
219.3,139,horror,72.5,59.1,1
237.0,148,comedy,96.1,17.2,1
295.9,102,comedy,55.9,44.7,1
163.5,137,drama,59.7,42.7,1
97.7,97,comedy,77.1,23.5,1
177.1,116,scifi,64.8,67.1,1
84.1,129,horror,53.5,62.5,0
201.2,93,action,54.5,28.2,0
56.3,78,action,62.8,79.6,0
240.8,98,scifi,29.0,75.7,1
80.9,139,horror,41.5,88.4,0
95.6,89,scifi,96.4,85.9,1
110.2,111,drama,3.0,76.2,0
72.6,107,drama,26.4,66.8,0
290.3,143,drama,39.3,57.4,0
42.6,127,horror,29.7,66.4,0
151.2,82,comedy,60.6,79.2,1
185.8,125,horror,22.1,94.5,1
264.1,112,comedy,21.8,70.0,1
108.7,163,comedy,9.9,82.9,1
103.9,108,comedy,9.5,58.5,0
30.4,104,comedy,86.9,52.2,1
295.8,140,scifi,3.2,24.5,1
232.1,121,action,17.1,52.1,1
213.6,110,comedy,87.5,55.8,1
92.2,116,comedy,39.0,83.8,0
139.1,137,horror,92.1,34.8,1
152.8,96,action,68.3,96.7,1
45.7,151,comedy,54.4,45.9,0
249.3,148,horror,53.1,37.7,1
131.3,140,action,73.2,17.9,0
121.6,78,scifi,54.6,86.1,1
74.5,111,drama,97.3,80.1,1
186.3,133,comedy,81.1,5.3,1
73.5,89,comedy,65.1,62.1,0
279.6,170,action,66.3,76.8,1
144.4,98,scifi,24.6,20.1,0
6.1,161,comedy,76.8,54.2,0
127.9,119,comedy,20.3,8.1,0
138.2,90,comedy,40.2,41.0,0
228.1,174,horror,10.6,99.4,0
219.8,86,comedy,22.1,90.8,1
38.4,163,drama,26.9,9.0,0
264.2,121,horror,68.0,17.4,1
280.2,179,horror,37.9,66.8,1
101.9,139,action,88.3,35.8,0
228.3,145,drama,91.8,48.3,1
5.6,152,drama,68.7,47.4,0
17.4,133,comedy,25.6,22.1,0
61.5,171,drama,74.0,76.5,1
158.0,85,drama,56.4,32.7,0
54.4,158,action,41.1,7.5,0
149.6,172,action,9.8,31.1,1
268.4,91,comedy,49.0,58.9,1
81.5,113,scifi,2.0,71.1,0
66.8,104,action,54.9,96.9,1
179.8,143,horror,20.3,44.4,0
236.6,141,drama,71.0,15.8,1
145.0,116,action,41.5,73.4,1
228.5,159,drama,24.1,42.7,0
248.2,151,action,11.6,90.2,0
123.5,107,drama,82.1,40.9,1
164.2,75,comedy,28.1,51.3,0
289.2,115,comedy,47.6,90.0,1
238.5,149,scifi,4.7,30.1,0
23.3,171,comedy,46.8,65.4,0
96.8,118,action,94.9,84.4,0
6.1,107,action,60.5,51.4,0
24.4,99,action,33.2,21.1,0
295.5,161,scifi,49.5,31.8,1
131.3,76,comedy,31.0,79.9,0
267.4,87,action,3.1,47.0,1
270.6,158,comedy,59.1,28.7,1
210.5,161,horror,5.8,85.6,1
79.8,174,horror,43.4,68.6,0
233.8,93,scifi,27.4,28.8,1
212.4,176,comedy,19.7,29.9,1
140.0,124,horror,76.4,75.5,0
124.8,145,scifi,73.3,35.9,1
97.9,159,comedy,20.2,52.4,0
245.2,125,action,54.0,34.3,1
68.2,144,comedy,56.0,36.6,0
57.6,130,drama,83.6,62.9,0
55.2,96,drama,49.9,65.3,0
294.2,105,drama,63.2,12.4,1
104.9,162,scifi,4.9,1.5,0
230.4,140,action,89.1,81.4,1
238.9,179,scifi,4.6,82.0,1
27.3,179,horror,86.8,20.4,0
43.4,77,horror,76.2,72.4,1
68.9,145,drama,20.5,63.8,0
88.3,171,drama,44.9,77.1,0
291.9,172,action,71.1,45.2,1
91.8,146,action,43.1,46.3,1
133.3,80,scifi,98.7,47.6,0
9.3,91,comedy,78.4,65.1,1
54.3,140,scifi,61.1,82.6,1
136.7,91,action,6.7,54.5,0
79.2,103,comedy,62.8,50.7,1
244.2,100,horror,94.2,25.0,1
249.2,163,drama,23.6,78.0,1
236.4,140,horror,99.7,95.8,1
280.8,143,horror,17.4,76.8,1
278.4,126,drama,48.2,23.5,1
272.7,83,action,25.1,63.1,1
231.9,150,scifi,7.1,21.2,1
90.7,82,scifi,95.6,11.2,1
29.9,126,drama,79.3,41.4,1
228.6,146,scifi,89.9,50.1,1
107.4,165,action,36.4,32.8,0
88.5,120,comedy,8.4,84.1,1
195.9,123,comedy,41.1,18.2,1
40.0,95,horror,56.5,97.7,0
241.6,163,comedy,58.4,75.3,0
266.2,98,comedy,31.5,8.4,1
62.1,80,horror,12.0,73.9,0
169.8,89,comedy,43.0,30.9,1
242.4,134,comedy,81.7,88.0,1
220.4,110,action,8.7,91.1,1
225.9,123,action,29.7,8.7,1
218.4,175,action,52.2,96.2,1
256.9,101,comedy,55.4,24.1,1
26.2,171,drama,77.5,76.0,0
208.0,173,drama,83.0,4.9,1
105.7,160,drama,1.2,27.7,0
97.8,104,horror,8.8,76.8,0
214.4,141,drama,55.5,77.4,0
260.2,113,action,23.5,66.3,1
196.2,174,horror,8.5,66.6,1
271.0,93,comedy,10.5,86.0,0
142.3,107,drama,11.1,87.7,0
167.3,89,scifi,44.4,62.9,1
7.1,172,horror,64.8,52.9,0
2.7,161,scifi,93.5,78.1,0
163.1,177,scifi,79.0,23.8,0
194.8,167,horror,21.0,56.4,1
104.4,97,comedy,56.2,89.9,1
160.5,89,comedy,92.6,31.6,0
161.4,155,scifi,23.9,75.6,1
248.8,166,drama,4.3,73.4,1
61.1,124,horror,2.6,20.4,0
243.4,75,drama,25.7,62.8,1
248.7,87,scifi,46.8,38.3,1
35.5,113,comedy,18.8,27.5,0
98.7,129,action,24.0,57.6,1
127.3,175,horror,52.7,34.5,0
257.8,176,scifi,57.0,3.7,1
122.2,88,comedy,70.2,31.0,1
228.2,110,horror,18.8,63.9,0
289.7,80,drama,73.6,15.0,1
281.0,152,comedy,84.0,36.2,0
273.1,119,comedy,54.9,21.7,1
201.3,144,drama,0.1,84.0,0
149.7,172,horror,39.1,91.4,1
150.8,155,horror,19.4,90.5,0
112.0,91,action,17.4,4.3,0
233.8,91,horror,30.7,33.9,0
97.7,76,horror,26.8,63.6,1
258.2,117,drama,70.8,1.3,1
211.9,136,comedy,92.0,3.5,1
119.0,100,comedy,90.7,52.7,1
109.5,135,drama,63.1,76.9,1
28.0,100,drama,8.8,60.0,0
254.5,126,horror,45.5,63.0,1
256.6,126,horror,35.9,33.9,1
20.4,144,action,82.3,22.3,0
209.0,178,drama,77.2,84.5,1
57.1,105,action,34.4,46.7,0
131.1,117,horror,12.8,82.1,0
118.3,142,comedy,29.5,61.6,1
41.7,96,drama,71.5,41.9,0
217.3,85,drama,58.7,5.4,0
56.0,121,scifi,74.5,45.4,0
268.6,154,drama,57.9,32.4,1
283.5,158,scifi,91.0,99.7,1
86.3,139,scifi,13.7,78.0,0
205.3,179,drama,9.9,16.1,0
54.4,114,action,94.8,63.8,1
23.3,107,comedy,81.9,52.5,0
108.4,123,comedy,62.7,6.3,0
127.0,101,scifi,68.9,9.0,1
267.5,134,scifi,12.5,19.8,1
263.0,167,drama,82.1,84.8,1
67.2,147,drama,69.3,59.0,0
276.9,136,drama,89.9,64.7,1
68.7,131,drama,20.0,8.1,0
286.2,101,comedy,36.1,92.6,1
16.3,152,comedy,70.6,93.7,1
281.5,157,drama,15.0,45.0,0
283.5,161,horror,2.8,21.7,0
129.4,82,comedy,64.1,39.1,1
20.3,168,comedy,20.0,57.7,0
98.7,87,action,37.6,88.5,1
76.8,94,drama,4.0,12.8,0
199.9,95,comedy,84.0,60.1,1
16.9,178,horror,10.2,49.1,0
289.5,86,action,91.6,18.1,1
135.3,168,horror,9.9,16.6,0
135.1,164,action,22.0,14.2,0
62.1,148,horror,18.9,65.5,0
121.9,179,drama,36.3,64.6,0
286.5,154,action,84.7,6.1,1
259.9,77,action,10.7,12.2,0
199.1,127,drama,89.8,94.4,1
138.6,142,scifi,89.5,15.5,1
152.8,166,drama,35.0,21.2,0
148.1,141,action,60.7,60.8,1
21.5,127,horror,91.2,80.0,1
169.1,82,comedy,63.9,24.8,1
88.7,103,comedy,9.5,82.7,0
15.0,110,drama,54.4,51.0,0
210.3,141,action,64.9,25.3,1
294.9,101,horror,18.2,49.0,1
35.9,79,comedy,9.3,22.4,0
112.1,101,comedy,26.8,44.5,0
21.7,177,action,37.3,73.1,0
4.5,83,horror,48.4,56.5,0
167.7,142,comedy,54.9,45.9,1
221.1,145,drama,16.0,0.4,0
230.5,160,horror,34.4,1.8,0
295.8,111,scifi,34.8,58.4,1
186.7,97,drama,44.5,36.4,1
15.3,131,drama,69.1,98.8,0
219.4,134,action,79.1,60.7,1
252.3,75,comedy,24.0,49.3,1
51.5,124,action,84.2,68.6,1
180.1,121,drama,96.4,55.8,0
165.8,176,horror,44.7,72.2,1
118.4,110,horror,23.8,11.7,0
114.6,106,horror,59.6,87.9,0
143.7,113,action,15.5,3.6,0
270.4,111,action,92.9,28.0,1
191.3,162,comedy,18.9,36.8,0
175.7,169,comedy,32.2,47.2,0
23.1,102,scifi,27.0,24.1,0
103.1,131,action,92.2,56.4,0
221.9,110,drama,84.7,7.1,0
77.8,130,scifi,31.5,87.7,1
282.4,135,drama,12.4,55.8,1
148.5,97,drama,35.8,93.6,0
146.8,161,comedy,58.9,74.8,0
144.2,138,action,67.5,5.8,0
225.7,169,action,5.1,59.7,1
102.5,140,action,39.7,94.7,0
151.6,149,action,89.1,37.3,1
42.9,155,action,85.2,63.9,0
185.7,162,drama,64.3,86.6,1
230.7,174,action,43.0,63.0,0
26.1,154,action,70.1,2.8,1
44.2,173,drama,15.3,0.3,0
16.5,138,action,58.9,9.4,0
188.5,172,drama,96.0,56.7,1
58.3,105,drama,25.7,78.6,0
122.7,105,action,7.9,48.4,0
295.2,104,action,99.9,14.7,1
10.1,145,action,2.6,28.7,0
259.8,156,action,69.8,80.3,1
51.6,77,scifi,21.9,35.4,1
184.6,91,scifi,28.0,12.7,0
65.9,87,scifi,95.9,72.3,1
124.1,165,drama,67.0,24.7,0
48.6,138,comedy,88.9,12.2,0
9.4,125,comedy,73.6,64.6,0
261.9,129,action,1.3,57.0,1
87.1,130,comedy,23.5,18.9,1
203.8,90,comedy,45.4,45.5,1
87.5,109,scifi,52.3,26.0,1
179.3,108,comedy,76.0,41.6,1
239.7,159,horror,31.5,9.5,0
149.2,81,action,83.7,14.4,0
28.9,108,comedy,22.8,48.6,0
127.0,106,comedy,92.8,8.9,1
99.6,134,horror,77.5,78.7,0
277.8,176,action,40.2,34.2,1
168.3,122,drama,86.0,4.6,0
107.6,128,comedy,17.8,55.9,0
78.2,79,comedy,6.1,73.1,0
84.8,84,scifi,4.4,29.8,0
237.0,103,scifi,73.0,12.1,1
136.2,159,comedy,19.9,77.8,0
264.6,157,drama,91.1,13.2,1
39.7,127,comedy,45.1,91.9,0
298.3,170,horror,89.9,82.6,1
74.5,174,scifi,75.8,10.3,0
22.2,115,scifi,95.6,38.8,0
16.5,106,comedy,75.9,21.8,0
258.6,98,horror,62.2,99.5,1
67.2,119,comedy,67.6,13.8,0
222.1,98,comedy,66.9,66.2,1
99.6,115,drama,64.7,76.3,0
104.2,100,action,78.1,45.4,0
88.0,115,comedy,46.6,0.4,0
296.5,84,horror,19.6,95.6,1
107.6,93,scifi,30.9,81.3,0
274.9,89,scifi,72.1,4.4,1
255.3,118,action,6.3,80.5,1
204.2,124,scifi,81.6,76.9,1
105.0,170,scifi,64.9,97.4,1
49.0,116,scifi,91.8,52.1,0
127.3,136,comedy,67.9,69.8,1
162.3,98,horror,80.5,6.9,0
239.0,110,scifi,52.4,90.4,1
64.3,159,drama,55.1,22.1,0
283.6,113,drama,84.1,35.0,0
160.5,119,action,59.6,21.1,0
62.3,122,action,57.6,59.3,0
33.4,143,horror,39.6,33.8,0
224.7,98,action,45.8,7.7,0
97.8,79,action,38.9,1.8,0
125.2,104,drama,75.6,97.9,1
298.7,170,comedy,0.5,90.2,1
41.1,149,drama,57.4,65.7,0
97.1,147,horror,37.2,76.1,0
198.8,76,comedy,15.0,82.6,1
127.0,163,drama,75.5,68.0,0
83.8,125,drama,21.1,28.4,0
282.9,111,scifi,16.7,76.5,1
182.9,152,comedy,5.2,55.4,0
174.5,142,drama,92.8,55.1,0
12.0,122,drama,81.1,87.4,0
152.7,130,horror,3.3,74.3,0
137.8,179,comedy,80.0,2.7,0
265.7,137,comedy,65.1,82.1,1
137.0,146,action,9.5,70.8,1
185.2,143,comedy,45.1,63.0,1
286.8,84,comedy,94.3,81.8,1
124.7,115,horror,57.3,59.7,0
114.9,121,drama,14.9,70.7,0
208.9,157,comedy,35.0,72.6,1
204.7,95,drama,79.4,12.9,1
25.8,166,scifi,4.6,85.7,1
201.6,106,drama,40.1,59.8,1
30.8,165,horror,10.3,6.7,0
277.3,92,drama,43.4,27.0,1
185.4,151,action,53.0,16.2,1
216.9,155,horror,17.4,16.5,0
125.2,123,action,27.0,80.0,1
280.3,162,comedy,62.5,42.1,1
30.9,170,action,36.3,16.6,0
165.1,89,horror,52.6,67.6,1
154.2,144,action,73.3,13.6,1
213.8,94,action,20.8,23.8,0
237.9,86,drama,59.7,29.4,1
60.4,105,action,18.7,46.0,0
103.2,79,action,6.2,76.5,0
210.7,165,comedy,5.5,33.5,0
92.7,167,drama,10.1,80.4,0
205.8,89,action,18.0,7.6,0
277.9,166,drama,79.3,21.8,1
43.3,99,action,69.4,70.5,0
141.7,86,action,53.5,39.5,0
66.7,125,drama,13.3,62.2,0
31.6,168,scifi,20.9,54.2,0
85.0,87,scifi,6.6,63.5,0
114.6,160,action,44.3,45.5,0
61.2,157,comedy,44.6,83.7,0
270.5,138,action,92.2,91.8,1
174.5,130,drama,5.6,98.5,1
257.1,138,drama,82.1,22.2,1
239.7,83,horror,27.6,81.2,1
21.5,167,comedy,92.8,16.5,0
74.1,135,drama,68.0,80.2,0
256.4,104,action,18.0,47.7,1
243.9,84,horror,83.1,0.8,1
183.6,110,horror,97.4,65.0,1
66.4,160,action,78.5,6.1,1
298.0,152,comedy,31.3,65.4,0
285.4,112,horror,57.8,13.4,1
163.8,160,action,68.1,83.1,1
177.5,161,comedy,22.9,67.2,0
168.9,133,comedy,26.1,55.9,1
177.3,148,drama,75.8,8.2,0
175.8,81,horror,34.0,77.7,1
143.0,147,comedy,93.2,99.2,1
51.1,144,scifi,54.5,49.2,0
223.3,92,horror,98.3,46.7,1
12.8,151,drama,45.0,90.3,0
193.7,154,comedy,10.6,98.9,0
218.9,89,comedy,58.4,97.6,1
132.4,138,comedy,37.3,88.0,1
145.6,145,action,88.3,70.3,1
181.7,143,drama,22.2,73.0,0
6.5,170,comedy,84.5,38.3,0
280.7,102,horror,66.9,30.3,0
122.2,127,comedy,97.8,2.7,0
21.5,155,drama,1.7,78.3,0
248.3,108,scifi,91.6,53.5,1
173.9,142,scifi,69.8,3.4,1
110.0,146,comedy,82.5,72.6,0
264.2,117,drama,73.9,79.2,1
136.9,98,scifi,6.1,78.1,1
97.0,93,comedy,84.1,67.0,0
30.4,100,scifi,30.5,94.5,1
171.8,164,comedy,65.6,23.2,1
219.3,172,action,38.0,20.3,0
87.8,124,drama,80.0,95.5,1
64.2,174,comedy,17.1,53.2,0
147.2,170,comedy,83.5,0.3,1
2.1,169,comedy,73.5,62.4,1
26.9,150,horror,86.7,80.3,1
150.8,130,action,21.5,11.9,1
74.0,112,action,12.8,17.7,0
228.7,143,drama,97.5,8.9,0
264.8,80,horror,13.6,70.2,0
294.3,166,scifi,5.1,99.5,1
126.6,148,drama,89.9,81.5,1
46.4,115,horror,64.9,72.1,0
109.6,167,action,30.3,97.7,0
54.8,145,scifi,13.2,35.4,0
292.3,153,comedy,7.7,68.3,0
56.4,105,action,84.3,40.5,0
60.8,79,action,78.4,82.2,1
92.3,81,drama,83.9,92.7,1
243.3,82,scifi,51.0,84.6,1
106.8,149,comedy,9.0,23.5,0
287.1,112,horror,6.7,5.1,0
131.4,149,action,77.2,39.7,1
253.9,179,action,2.4,17.3,0
53.1,118,action,35.0,36.9,1
122.5,101,drama,12.2,62.1,0
177.2,112,drama,7.8,32.5,0
138.4,104,action,33.1,82.1,1
182.2,119,comedy,76.0,99.3,1
90.0,152,comedy,74.8,71.6,0
247.1,109,scifi,42.8,93.3,1
63.3,173,horror,73.5,85.7,1
112.7,146,comedy,86.3,94.3,1
95.1,90,action,98.7,88.9,0
66.4,153,comedy,89.6,62.1,1
163.5,89,comedy,40.5,95.6,1
48.3,82,action,91.4,16.0,0
129.9,77,scifi,17.6,84.5,1
148.7,76,action,90.1,45.7,0
104.1,105,drama,87.6,53.8,1
132.9,110,scifi,72.2,98.6,1
44.6,119,drama,25.9,97.7,0
255.9,97,drama,98.6,40.5,1
181.0,127,drama,46.1,30.4,0
62.6,97,comedy,91.0,82.0,1
8.4,106,comedy,36.7,53.1,0
193.0,172,drama,33.4,77.4,0
26.2,144,comedy,93.8,82.7,0
1.5,97,action,35.6,46.0,0
167.8,95,comedy,90.3,88.2,0
69.3,178,drama,79.4,33.7,1
7.4,177,action,19.1,52.9,0
113.1,151,drama,65.3,82.8,1
19.5,116,action,43.0,87.9,0
150.1,91,comedy,62.2,1.8,0
241.0,172,comedy,2.1,54.4,0
132.9,106,horror,53.3,21.2,0
173.8,103,horror,32.1,86.1,1
193.6,153,drama,69.2,12.5,1
94.3,175,drama,33.3,18.3,0
135.4,102,comedy,49.2,48.4,0
94.0,84,action,77.7,70.5,1
73.7,151,action,55.5,68.2,1
92.7,126,drama,72.3,10.7,1
20.7,105,comedy,20.1,30.3,0
287.8,148,action,19.6,83.6,1
88.1,120,comedy,62.4,5.2,0
73.3,81,drama,55.9,8.9,1
52.5,128,action,19.6,1.2,0
252.3,92,scifi,6.5,20.4,1
148.9,114,comedy,37.6,22.0,0
34.4,144,comedy,79.4,71.8,0
295.0,78,drama,65.6,3.7,1
100.2,122,drama,61.7,33.3,0
196.5,126,comedy,61.3,6.4,0
274.2,115,action,78.0,69.1,1
57.2,144,horror,28.3,0.4,0
46.5,127,horror,5.7,60.4,0
96.5,168,scifi,79.4,54.4,0
291.5,128,comedy,38.5,70.0,1
299.9,121,action,5.7,59.8,1
6.6,162,comedy,32.8,20.4,0
21.4,155,scifi,65.4,86.5,0
44.3,148,horror,42.1,26.5,0
262.6,177,comedy,5.5,53.6,1
181.3,76,scifi,1.4,51.7,0
270.3,172,scifi,4.1,87.7,1
233.9,82,action,60.1,68.3,1
68.8,151,action,56.0,96.7,0
74.4,83,action,26.9,56.0,1
287.3,100,scifi,90.8,54.1,1
191.8,169,horror,36.8,25.6,0
56.8,100,drama,51.4,88.6,0
272.5,81,action,44.7,54.1,1
248.9,160,drama,42.5,22.0,0
292.4,164,action,41.8,78.7,1
239.6,81,horror,21.7,35.8,0
199.7,95,action,50.1,47.3,1
175.7,153,action,90.0,22.8,1
137.8,152,drama,97.0,46.6,1
168.0,125,scifi,31.1,42.8,1
174.6,178,action,12.4,25.9,0
58.1,130,comedy,63.5,56.7,0
216.7,152,comedy,77.8,49.1,1
170.0,87,horror,78.1,48.2,1
166.9,157,comedy,99.7,91.5,1
228.2,151,comedy,81.1,67.1,1
179.5,100,comedy,95.4,16.4,1
216.6,122,horror,99.9,35.5,1
228.9,78,comedy,11.5,50.5,0
219.3,157,scifi,54.2,55.1,1
96.8,102,scifi,5.1,93.8,0
183.8,142,action,83.4,5.0,1
58.3,142,action,0.1,53.8,0
234.6,126,horror,44.6,50.7,1
129.4,172,action,59.2,92.7,1
27.2,137,drama,65.7,92.9,1
280.8,90,scifi,0.3,79.7,1
107.4,132,drama,33.6,71.2,0
113.8,90,scifi,94.6,21.1,0
152.3,146,scifi,34.7,68.0,0
290.4,170,drama,37.6,53.7,1
254.0,160,scifi,57.7,50.6,1
251.8,96,action,0.0,80.7,0
259.0,175,action,94.0,82.2,1
63.0,99,action,66.9,20.7,0
240.0,76,drama,36.8,42.5,0
15.6,171,horror,22.3,20.4,0
280.6,148,comedy,33.4,82.3,1
131.2,100,action,20.8,3.7,0
78.7,169,scifi,18.7,28.7,0
36.2,132,comedy,13.6,60.9,0
116.2,171,comedy,13.2,54.6,0
128.0,176,action,1.0,78.5,0
104.9,77,comedy,36.4,77.1,0
265.8,110,horror,17.7,12.4,0
257.5,77,horror,15.5,56.3,1
200.2,79,scifi,53.9,82.2,1
80.0,163,scifi,34.4,64.8,1
125.8,140,scifi,27.7,93.9,1
251.2,102,drama,47.3,15.6,0
90.2,80,action,74.4,48.8,1
254.5,163,horror,64.2,63.4,1
103.4,153,scifi,85.1,59.1,0
171.0,131,comedy,30.0,22.9,0
109.6,169,action,43.6,83.1,0
298.9,104,action,93.9,50.6,1
237.3,87,scifi,65.8,82.9,1
132.6,76,drama,11.7,29.3,0
180.6,85,horror,85.1,84.2,1
78.1,162,scifi,14.2,71.3,0
121.5,170,drama,58.3,14.1,1
57.8,156,scifi,31.6,72.6,0
35.5,146,comedy,6.9,75.3,0
204.5,84,comedy,32.2,17.9,0
259.0,83,action,14.6,17.8,0
129.5,81,scifi,19.1,86.5,1
203.9,76,drama,29.3,23.4,0
285.9,175,horror,36.6,18.9,1
227.2,105,comedy,17.7,65.3,1
120.0,86,comedy,42.0,52.9,1
144.9,84,drama,29.6,89.0,1
144.3,168,action,14.3,6.2,0
134.5,86,comedy,33.7,53.1,0
39.9,138,scifi,88.5,15.2,0
22.6,146,horror,43.6,94.9,0
237.2,157,comedy,91.4,40.9,1
183.7,131,horror,85.2,99.9,1
46.7,101,comedy,73.6,82.8,1
241.4,135,drama,83.1,96.9,1
40.8,98,drama,17.1,59.3,0
224.4,145,action,26.0,45.4,1
174.1,124,scifi,10.5,8.2,0
123.4,81,scifi,96.3,49.9,1
18.5,172,drama,82.9,16.2,0
279.0,152,horror,86.7,14.1,0
114.3,173,drama,86.2,32.6,0
43.9,135,scifi,23.6,59.1,1
245.4,98,drama,80.1,94.0,1
276.3,90,action,49.9,27.6,1
23.6,120,scifi,91.0,58.9,1
74.0,85,action,35.0,99.4,1
215.2,78,drama,70.3,72.2,0
236.0,175,scifi,94.8,58.9,1
99.7,147,comedy,57.1,99.2,0
202.6,122,horror,46.4,51.1,0
69.1,122,drama,31.6,49.8,0
218.7,156,action,56.2,70.5,1
64.5,166,horror,61.2,6.0,0
128.4,105,scifi,82.3,20.1,1
252.3,126,action,90.7,74.5,1
31.3,87,comedy,49.6,34.8,0
95.3,142,scifi,36.9,20.8,0
189.3,176,comedy,90.2,95.8,1
222.5,179,scifi,71.1,68.0,1
54.2,96,drama,61.8,6.4,0
77.5,127,scifi,73.6,70.0,1
89.2,109,horror,33.2,18.7,0
212.2,113,action,10.4,56.5,0
102.4,153,comedy,24.5,99.8,0
177.9,75,drama,30.4,59.0,1
191.0,162,drama,7.0,48.8,0
109.5,170,action,32.8,78.7,1
140.1,169,comedy,34.4,1.1,1
292.1,162,drama,61.6,28.8,1
158.0,151,action,67.7,37.9,1
99.5,95,scifi,12.7,19.2,0
202.5,91,comedy,8.7,71.1,0
240.7,169,comedy,72.1,65.7,1
285.5,110,comedy,8.1,18.9,0
20.7,87,drama,13.4,59.8,0
23.0,129,horror,60.4,52.2,0
247.5,166,horror,26.0,8.2,0
266.1,91,scifi,15.4,55.9,1
291.4,140,action,89.8,41.3,1
157.8,117,action,10.6,20.7,0
204.6,101,comedy,43.0,49.7,1
280.0,90,comedy,76.9,62.7,1
188.7,175,horror,49.2,74.3,0
151.5,169,comedy,0.7,17.8,0
279.1,145,comedy,13.9,94.3,1
19.5,122,horror,6.6,34.9,0
17.2,173,scifi,87.0,69.1,0
187.7,168,scifi,1.5,67.2,1
126.0,78,horror,5.2,46.9,0
143.0,80,comedy,19.6,99.4,0
282.3,129,drama,35.1,69.7,1
229.7,152,horror,76.2,42.2,1
12.8,125,comedy,0.1,36.4,0
1.7,96,comedy,100.0,60.8,0
25.9,172,comedy,74.5,87.1,0
152.6,168,comedy,38.5,87.6,1
30.7,162,horror,87.7,63.1,0
224.3,109,action,37.7,87.2,1
233.0,125,action,84.6,16.5,1
97.9,144,drama,31.6,87.3,0
170.8,159,drama,61.8,66.8,1
39.1,119,drama,34.1,33.0,0
134.0,162,drama,77.2,9.1,0
57.1,97,action,0.9,2.0,0
180.8,88,comedy,78.7,39.8,1
133.7,99,comedy,3.2,31.6,0
201.4,105,action,85.6,44.9,1
38.9,143,action,79.7,39.0,0
49.3,171,drama,11.9,74.9,0
134.1,102,drama,13.2,86.6,1
14.4,107,action,52.4,37.6,0
94.0,161,scifi,92.8,22.7,1
200.4,101,scifi,1.8,36.5,1
10.6,95,horror,35.7,59.3,0
49.6,105,comedy,56.8,94.3,1
138.5,148,comedy,1.1,31.1,0
214.2,169,horror,77.1,24.7,1
181.1,145,comedy,17.7,93.6,0
41.0,151,horror,62.5,23.8,0
140.3,162,drama,5.7,15.4,0
131.6,154,action,25.1,81.4,1
191.3,110,scifi,21.5,25.0,0
87.9,144,horror,78.0,30.4,0
4.1,104,horror,51.8,76.0,0
219.7,166,comedy,82.0,12.3,1
5.6,163,horror,95.5,73.0,0
242.7,124,drama,55.0,63.9,1
285.9,89,drama,21.2,16.7,0
59.8,160,drama,62.0,88.6,0
108.6,119,drama,51.2,91.3,1
156.7,86,action,14.3,11.1,1
27.9,89,scifi,37.5,2.5,0
56.0,140,scifi,73.0,96.1,1
197.7,129,scifi,57.7,3.4,0
142.1,99,drama,95.6,75.1,1
269.7,144,scifi,61.5,44.5,1
127.9,142,action,14.9,69.8,0
203.7,149,comedy,76.7,95.2,1
215.8,171,drama,30.8,80.9,1
57.0,85,scifi,85.1,91.3,1
86.9,147,horror,71.8,33.7,0
136.5,174,scifi,67.7,8.1,1
40.2,96,comedy,56.7,28.0,0
61.9,123,scifi,64.6,41.5,0
141.8,141,drama,51.0,77.0,1
82.2,75,comedy,23.6,40.3,0
269.5,82,drama,20.4,52.6,0
145.9,175,scifi,98.5,79.8,1
206.9,88,scifi,97.2,79.6,1
111.5,114,scifi,27.9,22.0,1
132.2,127,horror,50.5,10.0,0
149.3,114,comedy,65.3,42.9,0
269.0,151,horror,60.7,56.1,1
119.8,114,action,80.7,99.0,1
42.2,162,scifi,87.5,20.6,0
234.0,140,action,86.7,29.2,1
277.2,116,action,25.0,44.0,0
99.9,168,action,35.0,32.5,0
91.8,166,horror,48.5,5.9,0
248.8,132,comedy,55.6,23.0,1
271.6,99,scifi,80.3,22.2,1
295.0,119,scifi,82.8,49.5,1
51.4,121,action,67.0,2.1,0
57.9,164,drama,27.6,41.5,0
132.0,103,drama,74.7,69.7,1
278.0,148,drama,32.5,94.9,1
84.4,123,scifi,15.4,30.9,0
282.5,85,horror,95.7,32.1,1
238.2,117,comedy,89.1,39.0,1
125.1,144,drama,56.2,36.3,1
196.0,177,comedy,6.3,29.4,0
243.9,176,comedy,37.0,80.1,1
275.7,79,horror,23.0,33.6,0
87.2,78,comedy,7.0,96.0,0
234.9,114,scifi,71.6,38.2,1
142.5,107,comedy,55.6,8.9,0
134.3,105,action,15.9,25.9,0
133.6,94,horror,43.0,38.4,0
246.3,169,action,37.7,71.0,1
143.0,169,action,90.8,2.0,1
118.6,155,comedy,25.4,93.2,0
181.7,127,action,61.3,36.0,1
80.7,171,drama,51.8,94.2,0
84.8,160,drama,14.3,98.8,0
266.0,179,scifi,36.4,26.8,1
19.5,129,horror,94.0,46.1,0
166.4,122,scifi,10.5,59.3,1
193.1,137,horror,45.5,7.4,1
185.3,137,drama,12.6,27.0,0
66.9,88,action,51.1,69.1,0
291.4,156,action,7.8,91.2,1
235.4,100,action,60.8,96.6,1
243.2,153,drama,3.4,3.3,0
116.8,118,action,12.7,27.4,0
234.6,111,action,4.0,68.2,0
29.6,162,drama,93.6,29.0,0
225.5,129,action,92.1,97.5,1
127.6,108,drama,28.6,78.5,1
297.3,166,drama,79.2,63.4,1
198.6,145,horror,53.4,88.1,1
39.2,164,action,12.7,80.3,0
163.4,177,comedy,54.3,20.3,1
173.5,120,action,93.9,80.6,1
215.3,117,comedy,24.1,57.5,0
294.7,151,drama,97.3,19.1,1
241.0,150,comedy,3.9,97.4,1
97.1,126,drama,33.9,94.6,0
38.9,141,scifi,23.2,78.5,0
117.8,97,scifi,93.2,66.0,1
234.6,142,comedy,20.2,96.1,1
96.5,156,horror,14.4,3.3,0
179.4,129,horror,34.5,40.8,0
119.9,176,drama,5.0,19.9,0
160.6,96,scifi,89.8,18.7,0
11.3,108,drama,14.4,95.4,0
116.0,145,action,75.4,74.7,1
276.9,84,comedy,66.9,93.5,1
135.5,151,scifi,38.8,73.2,1
229.0,137,comedy,44.5,93.0,1
186.2,78,action,49.5,42.2,1
28.7,84,action,81.3,91.0,0
26.9,163,drama,69.2,0.1,0
92.4,113,action,33.1,76.1,1
298.5,168,comedy,48.1,14.9,1
131.9,75,action,48.6,10.8,0
174.5,139,action,90.4,77.0,1
105.5,137,scifi,12.0,55.7,0
139.8,148,action,98.2,25.8,1
6.2,120,action,63.4,72.0,1
162.0,167,action,73.0,47.7,1
209.2,169,scifi,24.1,52.8,0
42.6,164,drama,94.3,55.4,0
276.0,163,action,87.8,26.9,1
259.9,144,action,69.6,99.9,1
254.2,129,drama,25.4,66.2,1
187.7,127,scifi,47.3,31.3,0
214.4,79,action,76.6,78.0,0
89.6,127,action,65.3,5.0,0
286.3,143,drama,53.3,89.6,1
161.5,170,action,13.3,21.8,0
155.4,96,action,52.6,63.2,1
205.2,172,comedy,55.5,75.5,0
297.4,113,horror,30.9,37.2,1
46.2,152,action,49.2,14.5,0
232.0,174,comedy,91.2,35.9,1
37.2,138,horror,20.7,78.2,0
205.8,99,drama,12.5,10.9,0
222.8,172,action,38.7,65.0,1
242.1,117,drama,20.9,38.7,0
128.7,165,scifi,48.9,27.3,0
291.4,153,horror,75.2,44.8,1
110.8,101,drama,45.7,15.9,0
263.8,110,comedy,31.6,96.9,1
33.0,162,horror,86.3,13.2,0
88.3,110,action,80.4,91.6,1
128.1,111,horror,42.0,19.1,0
90.7,106,comedy,41.5,75.9,1
60.8,168,horror,19.6,25.3,0
211.6,93,scifi,90.6,68.4,1
184.9,81,comedy,83.2,44.6,0
56.2,77,scifi,91.4,84.4,1
150.5,83,scifi,51.4,99.8,1
221.1,147,scifi,60.3,95.1,1
232.2,173,action,12.4,74.9,0
232.4,147,action,24.9,73.6,1
96.6,145,scifi,73.3,64.6,0
221.8,171,action,70.1,2.6,1
242.4,133,comedy,55.8,80.7,1
169.4,176,action,20.0,47.0,1
213.2,156,drama,98.8,72.3,1
198.9,138,scifi,45.3,4.7,1
62.0,162,drama,58.0,8.2,0
233.3,123,scifi,63.8,20.0,1
135.2,157,drama,41.3,72.5,0
230.4,176,action,99.5,82.7,1
293.9,158,drama,56.1,85.5,1
116.9,112,comedy,61.7,58.2,1
128.2,155,scifi,16.9,26.4,0
226.0,178,scifi,83.6,16.2,1
198.2,94,horror,88.4,69.0,0
50.5,133,action,43.5,10.4,0
249.3,114,comedy,85.7,9.1,0
182.1,80,scifi,56.9,54.8,1
176.1,177,horror,67.7,15.3,1
46.6,80,horror,37.2,94.5,0
252.5,132,action,7.6,2.8,0
248.4,85,comedy,45.4,51.5,1
79.7,169,drama,7.0,30.5,0
196.7,84,scifi,23.4,20.6,0
197.5,153,drama,16.9,21.0,0
214.2,124,scifi,8.6,95.7,1
171.5,115,action,11.8,30.0,1
101.5,113,drama,94.1,84.1,1
21.3,88,comedy,87.1,76.5,0
223.0,163,action,97.7,12.2,1
239.9,133,drama,71.8,19.1,0
148.8,108,horror,87.0,90.9,1
272.1,150,drama,79.2,61.4,1
37.8,122,drama,21.0,83.0,0
74.3,130,drama,68.1,51.9,0
285.4,177,action,35.8,1.8,0
132.3,156,comedy,5.5,78.1,0
298.9,127,comedy,36.8,21.0,1
2.7,120,action,48.6,38.3,1
113.2,114,horror,18.3,19.2,1
249.3,166,action,9.5,75.0,0
132.5,89,drama,48.6,60.2,1
282.0,112,scifi,34.5,94.2,1
197.3,83,drama,40.1,38.4,1
63.0,80,action,22.5,90.5,0
272.1,158,scifi,42.8,93.0,1
13.2,134,horror,15.3,75.2,0
70.9,155,horror,55.3,27.9,0
129.5,120,drama,98.8,34.5,0
289.4,154,comedy,51.3,44.0,1
128.7,140,comedy,24.3,30.9,0
157.5,95,action,8.1,72.2,1
59.4,174,comedy,54.3,89.3,0
59.6,108,drama,11.1,20.1,0
283.5,160,action,90.2,99.0,1
13.6,168,comedy,3.9,31.6,0
233.9,154,comedy,51.2,48.0,1
187.7,126,scifi,39.8,47.9,1
120.4,114,comedy,56.5,9.0,1
202.2,157,drama,98.3,44.7,1
161.6,179,action,18.6,89.9,1
161.5,177,action,1.1,13.4,0
257.3,86,comedy,90.4,23.9,1
96.4,158,scifi,69.0,65.5,1
196.3,118,drama,27.7,26.2,0
295.5,166,comedy,0.6,38.2,1
190.5,131,scifi,91.2,88.9,1
265.7,175,horror,16.7,10.1,0
159.6,132,comedy,81.1,9.1,1
172.8,159,horror,97.3,94.3,1
109.3,75,comedy,43.0,91.6,0
182.6,134,drama,32.4,17.0,0
14.9,115,comedy,5.9,54.1,0
227.4,101,scifi,25.4,44.3,1
177.8,131,horror,42.0,47.0,0
72.5,121,comedy,72.6,100.0,1
73.3,150,horror,51.1,64.4,0
246.6,132,horror,11.5,22.4,1
227.0,168,comedy,53.6,51.7,0
205.9,138,drama,5.1,93.3,0
194.9,165,comedy,77.5,46.8,1
29.5,95,drama,51.4,61.1,0
104.4,134,horror,0.4,62.7,0
47.9,130,scifi,36.1,29.0,0
250.6,95,comedy,24.0,61.4,1
153.2,131,horror,70.6,43.6,1
170.4,124,action,69.7,36.2,1
231.1,131,drama,42.7,98.1,1
177.5,164,action,65.4,89.2,1
48.2,168,comedy,13.1,51.2,0
179.7,91,comedy,87.8,49.9,1
186.2,129,drama,59.0,86.2,1
141.2,93,action,49.9,9.4,0
288.9,90,action,85.8,4.6,1
173.2,108,scifi,97.4,36.5,1
260.1,179,scifi,60.5,37.0,1
287.5,105,drama,23.1,19.8,1
9.6,126,scifi,82.0,63.7,0
147.4,158,horror,8.4,24.6,0
54.8,77,comedy,32.1,8.5,0
91.9,154,comedy,20.1,55.2,0
197.3,169,action,15.8,31.0,0
62.2,117,action,31.5,19.1,0
145.4,148,action,6.6,27.4,1
144.5,172,comedy,21.5,55.9,0
50.8,104,drama,82.4,98.8,1
86.5,149,action,20.7,28.3,0
89.6,179,drama,8.2,91.2,1
204.9,128,action,32.4,35.6,1
243.5,136,scifi,87.1,28.6,1
66.2,135,drama,13.3,2.9,0
165.8,87,drama,30.2,60.1,1
139.0,142,horror,8.6,43.6,0
96.7,129,comedy,87.0,37.6,1
85.8,141,horror,97.2,92.2,1
279.1,155,comedy,84.6,26.5,1
97.9,118,comedy,77.5,90.9,0
68.0,171,comedy,2.9,26.3,0
242.6,147,horror,93.4,44.4,1
5.9,137,comedy,27.8,2.0,0
207.0,119,horror,18.5,92.9,0
7.8,160,action,61.2,32.8,0
270.5,144,comedy,54.8,11.5,1
27.2,146,action,9.7,96.2,0
255.0,166,horror,64.4,89.8,1
115.0,122,drama,69.8,93.9,1
248.7,118,drama,70.2,86.3,1
162.6,101,drama,90.2,34.1,0
79.8,166,drama,17.3,52.8,0
51.2,139,action,49.8,30.1,0
109.9,144,horror,74.9,25.9,0
64.7,130,drama,77.0,45.5,0
242.7,140,drama,58.0,25.0,1
259.0,117,action,48.6,75.1,1
33.0,120,horror,43.0,39.7,0
202.4,84,action,31.6,58.6,1
221.5,173,action,98.3,0.5,1
91.5,130,action,57.1,56.6,1
7.8,114,drama,61.5,88.5,0
32.2,116,action,64.1,73.4,1
136.7,112,action,79.0,53.0,1
151.3,82,drama,28.9,52.8,0
223.4,159,action,77.7,4.2,1
23.3,159,action,31.4,58.7,0
27.6,113,action,70.5,11.1,0
48.9,93,comedy,62.7,31.7,0
59.4,90,comedy,51.0,97.7,1
189.4,105,action,29.7,15.9,1
153.0,141,comedy,95.2,26.6,1
5.1,116,drama,91.6,16.3,0
13.8,132,scifi,76.3,86.4,0
138.5,101,comedy,0.6,74.8,0
262.0,105,comedy,78.2,58.8,1
77.9,85,horror,59.5,20.0,0
2.3,83,action,28.2,47.7,0
269.2,179,action,99.3,32.8,1
73.4,145,scifi,74.9,73.7,1
188.6,78,action,96.9,44.8,1
184.9,99,drama,9.0,26.9,0
146.1,150,scifi,4.0,0.4,0
222.0,112,comedy,88.9,77.9,1
189.3,121,action,21.2,82.4,1
279.2,166,comedy,71.6,98.8,1
186.3,121,comedy,11.9,42.4,0
35.1,105,horror,88.4,84.1,0
147.7,139,action,61.8,8.9,1
131.9,156,comedy,80.9,79.8,1
44.8,94,comedy,13.5,6.5,0
194.6,127,scifi,11.4,45.9,0
28.7,85,drama,47.2,16.2,1
183.0,160,scifi,52.4,67.5,1
5.1,166,drama,70.5,20.5,0
222.9,168,horror,22.4,77.2,1
296.3,134,drama,88.7,83.2,1
256.7,135,comedy,17.3,27.1,1
261.9,97,comedy,42.1,89.0,1
189.1,172,comedy,34.1,93.7,1
52.1,117,action,86.0,63.3,0
29.4,132,scifi,0.9,96.7,0
40.5,78,drama,5.8,39.1,0
297.3,157,horror,50.2,20.4,1
252.2,107,action,64.3,12.6,1
296.6,134,action,39.9,29.1,1
145.2,134,drama,10.4,49.3,1
269.2,90,scifi,3.7,14.5,1
209.2,134,comedy,26.0,84.6,1
98.3,96,drama,3.8,74.8,0
65.9,164,drama,51.2,91.7,0
85.4,145,comedy,38.5,43.6,0
78.7,164,comedy,13.0,16.8,0
249.6,80,comedy,75.6,22.3,1
245.9,160,comedy,96.7,83.0,1
209.6,164,horror,58.2,4.5,1
96.7,156,comedy,93.1,92.4,0
29.1,149,scifi,37.4,17.3,0
159.2,173,scifi,35.3,33.7,1
228.4,124,drama,63.9,97.0,1
291.4,127,drama,92.0,94.7,1
142.8,167,scifi,29.5,63.5,0
131.7,150,comedy,41.2,54.8,0
196.8,95,horror,99.5,13.5,0
189.6,115,scifi,70.4,7.7,1
299.3,81,horror,32.7,74.2,1
48.1,159,comedy,24.4,64.6,1
33.8,175,scifi,80.9,55.4,0
180.0,124,scifi,35.3,27.8,1
253.6,136,action,20.7,13.0,0
118.8,112,scifi,38.5,99.7,0
268.6,105,drama,33.4,60.1,1
161.2,162,drama,20.4,11.5,0
114.3,119,comedy,81.7,23.9,0
277.2,87,comedy,10.4,19.2,1
196.4,156,comedy,8.4,24.3,0
79.2,142,comedy,25.9,80.4,1
133.2,106,drama,49.7,83.4,1
262.1,117,horror,53.4,96.1,1
95.0,178,comedy,21.1,98.7,1
132.0,137,comedy,2.3,36.5,0
118.2,85,horror,23.3,41.7,0
107.2,81,drama,20.4,11.7,0
271.1,146,comedy,85.1,96.6,1
226.7,122,comedy,21.0,66.6,1
90.9,176,action,28.3,65.7,0
222.0,166,horror,61.0,24.6,0
53.5,134,horror,68.2,93.3,0
226.4,140,action,81.9,70.4,1
145.1,155,comedy,49.8,62.5,1
129.0,106,comedy,50.2,61.8,1
136.7,100,scifi,44.2,70.9,1
110.3,117,action,81.1,70.4,1
152.4,102,scifi,5.4,3.5,0
67.5,76,horror,45.4,39.1,0
185.8,100,comedy,29.0,94.0,1
281.7,179,drama,42.0,15.1,0
62.7,141,action,88.5,0.3,0
58.1,88,action,88.5,34.7,0
75.8,86,action,7.7,37.6,0
237.6,168,comedy,5.5,92.3,0
204.8,92,comedy,38.3,47.0,1
70.0,178,scifi,39.9,53.5,1
97.1,89,comedy,90.2,3.3,0
122.8,127,comedy,58.4,81.5,1
181.3,162,comedy,4.9,69.5,1
187.0,141,comedy,29.1,42.0,0
168.4,123,scifi,4.3,6.6,0
217.2,112,action,8.0,0.1,1
59.7,170,horror,31.3,41.3,0
268.3,162,drama,31.0,47.1,1
64.0,113,comedy,90.2,82.2,0
199.9,169,action,97.1,64.0,1
209.5,166,drama,4.1,2.7,0
174.1,103,action,72.1,17.7,1
185.1,179,comedy,49.5,56.2,1
223.1,178,scifi,33.0,83.0,1
24.8,175,scifi,65.1,37.9,0
122.6,155,comedy,99.4,86.1,1
90.8,81,horror,49.3,62.3,0
31.7,83,comedy,16.3,99.6,0
157.3,112,comedy,25.8,32.8,1
167.3,173,scifi,64.2,30.9,1
295.9,168,drama,51.9,3.6,1
165.2,124,scifi,70.2,84.8,1
296.9,169,action,61.0,48.0,1
121.8,151,drama,61.0,17.5,1
241.0,117,drama,15.5,50.8,1
173.3,120,drama,35.4,89.0,0
86.4,87,horror,10.9,67.2,0
269.7,94,drama,48.0,57.1,0
108.5,148,action,59.3,60.8,1
62.0,125,drama,77.6,44.1,0
48.7,97,action,54.0,98.4,1
185.9,138,drama,81.5,46.6,1
225.5,115,action,57.8,66.3,1
59.5,137,horror,72.4,77.5,0
124.2,128,horror,98.0,98.8,1
163.0,83,comedy,53.6,7.4,1
224.0,99,comedy,12.3,49.1,0
265.0,98,comedy,47.9,78.4,1
29.1,81,horror,9.1,42.1,0
220.8,175,scifi,76.2,77.6,1
150.3,97,action,51.9,53.0,1
276.5,144,horror,78.1,72.5,1
151.9,163,comedy,34.2,7.2,0
3.3,134,comedy,50.7,34.9,0
77.9,153,drama,52.0,16.8,0
106.4,137,comedy,3.5,40.8,0
284.1,128,action,15.2,0.8,1
230.4,138,action,70.4,14.9,1
16.4,88,horror,35.3,12.7,0
51.8,83,scifi,17.7,29.6,0
205.7,174,comedy,87.9,42.8,0
145.4,114,scifi,62.4,46.6,1
288.6,128,comedy,60.0,26.2,1
31.5,142,action,13.3,75.5,0
249.4,102,drama,64.9,19.6,1
181.4,79,action,71.8,86.2,1
186.7,137,horror,10.4,62.8,1
292.6,86,comedy,32.4,91.4,1
211.0,112,drama,15.2,80.3,1
90.3,136,drama,45.1,36.2,0
37.6,77,scifi,48.1,7.2,0
290.6,87,horror,15.0,26.9,0
211.4,99,comedy,69.4,73.0,1
104.9,145,action,23.1,20.1,0
290.8,168,comedy,48.7,60.3,1
109.7,177,drama,52.7,74.4,0
64.5,89,comedy,45.7,42.1,0
58.3,121,comedy,73.9,21.7,0
45.0,82,comedy,72.9,90.2,0
106.5,152,comedy,88.3,14.3,0
215.1,100,drama,53.9,48.4,0
242.8,125,drama,95.4,80.2,1
293.0,102,drama,19.6,45.7,1
156.0,87,drama,17.3,94.6,0
264.5,114,drama,78.0,80.5,1
238.3,117,drama,59.3,96.8,1
282.4,165,comedy,15.0,59.5,1
192.9,147,horror,91.2,61.1,1
197.2,99,comedy,88.0,28.8,1
253.4,169,drama,96.5,23.5,1
269.6,98,action,47.7,77.3,1
88.1,95,comedy,37.1,98.5,1
227.8,88,action,69.2,84.3,1
273.3,136,scifi,67.8,73.8,1
92.0,167,action,88.0,57.0,0
200.3,81,horror,90.8,75.3,1
253.5,173,scifi,28.4,10.0,0
183.7,157,scifi,30.6,46.0,1
108.4,91,action,68.4,31.7,1
140.7,93,action,26.3,54.9,1
173.3,96,comedy,49.3,28.3,0
74.4,111,comedy,18.0,4.8,0
253.3,78,comedy,71.2,15.6,0
58.0,170,horror,20.1,13.1,0
253.3,169,action,5.6,75.1,1
73.8,115,action,23.6,46.0,0
95.6,113,horror,5.8,67.3,0
214.2,101,comedy,54.8,65.1,1
109.8,160,comedy,40.1,84.1,1
137.1,142,comedy,34.8,94.7,1
148.7,111,action,37.7,59.9,0
75.3,82,comedy,87.3,86.7,1
40.9,115,comedy,76.8,54.0,0
289.1,159,comedy,65.9,33.1,1
71.7,100,comedy,12.7,83.5,0
267.8,151,drama,42.5,81.6,1
240.1,178,action,68.6,75.9,1
178.6,83,action,22.2,23.1,1
293.0,97,drama,42.5,98.5,1
226.0,124,comedy,28.8,63.1,1
299.8,137,horror,5.8,92.3,1
269.5,127,horror,92.4,69.9,1
232.3,120,comedy,84.5,85.3,1
275.0,155,comedy,57.6,23.7,1
183.3,149,scifi,33.7,97.8,1
74.3,126,action,49.9,71.0,1
65.1,92,comedy,57.1,14.7,0
238.4,162,drama,98.4,72.0,1
16.3,169,comedy,15.9,35.7,0
97.4,122,comedy,49.4,25.3,0
24.2,118,comedy,66.2,38.9,0
52.5,152,drama,59.9,94.0,1
202.7,139,scifi,73.0,16.3,1
16.6,94,horror,6.9,92.1,0
156.8,126,scifi,33.2,4.8,0
123.3,178,scifi,52.2,62.1,1
131.1,98,scifi,40.1,5.5,0
5.2,130,scifi,33.6,75.3,0
86.1,117,comedy,94.4,0.9,0
24.3,89,horror,67.8,58.4,0
274.3,140,scifi,94.4,84.0,1
31.8,143,horror,35.4,91.8,0
75.9,82,action,20.3,1.5,0
136.8,75,action,78.2,63.8,1
254.6,142,horror,91.5,85.2,1
210.5,104,scifi,46.3,96.6,1
113.8,179,comedy,27.6,81.9,0
11.8,137,drama,63.9,39.2,0
289.3,75,comedy,54.7,94.9,1
256.2,169,comedy,7.7,25.2,0
294.9,76,action,43.2,23.5,0
214.8,105,action,35.5,48.3,1
133.4,121,comedy,3.1,87.3,0
99.3,176,scifi,56.2,15.3,0
263.9,135,scifi,2.5,15.0,1
88.1,175,comedy,51.0,59.5,0
36.2,166,drama,29.9,99.7,0
43.5,123,drama,85.6,10.9,1
94.2,100,scifi,61.0,7.0,0
273.2,90,action,27.1,10.2,1
179.6,89,comedy,67.5,68.4,1
215.2,83,scifi,82.4,94.3,1
241.8,76,comedy,42.3,76.5,1
202.6,176,horror,27.8,59.2,0
48.4,111,scifi,39.3,26.8,1
63.0,91,comedy,48.3,53.6,0
180.0,139,scifi,2.0,69.3,0
253.7,134,horror,72.4,29.4,1
74.8,169,drama,6.7,21.9,0
128.6,169,drama,24.0,58.5,1
201.7,90,scifi,69.4,54.8,0
260.7,119,comedy,26.7,35.1,0
193.1,177,drama,66.4,67.3,1
244.6,126,action,24.8,80.8,1
14.3,103,drama,92.4,92.0,0
36.0,143,horror,14.4,57.4,0
120.7,81,drama,11.7,76.1,0
273.5,110,action,87.4,4.5,0
151.3,177,drama,25.6,29.0,0
209.2,173,drama,28.0,93.8,0
121.0,121,scifi,9.8,57.3,1
181.5,91,comedy,53.1,57.4,1
299.4,168,drama,33.1,32.1,1
140.8,100,comedy,27.1,51.7,1
54.3,124,horror,27.3,2.7,0
137.1,142,scifi,49.6,79.8,1
98.8,141,action,59.8,50.1,1
239.0,173,scifi,31.5,28.2,0
212.4,160,comedy,23.1,70.4,1
137.5,122,horror,63.7,18.5,1
283.4,115,scifi,26.1,55.8,1
147.4,134,action,54.1,54.1,1
110.1,100,scifi,70.6,86.5,1
64.0,80,drama,68.2,83.1,0
5.9,151,drama,74.0,96.3,1
63.8,102,action,64.2,21.2,1
276.1,106,scifi,18.5,66.7,1
290.7,122,action,76.4,40.1,1
277.3,168,action,58.4,40.6,1
97.0,146,action,44.6,44.6,0
237.5,126,horror,79.9,87.7,1
176.4,136,horror,63.9,5.1,1
84.7,95,action,97.8,1.6,1
32.4,174,comedy,87.6,83.3,0
81.1,148,drama,38.0,10.3,0
67.0,87,scifi,22.6,94.6,0
242.4,147,comedy,56.1,28.4,0
125.3,119,comedy,24.8,77.1,1
40.1,139,horror,70.0,80.2,0
155.5,100,action,1.8,92.3,1
192.3,135,horror,72.6,72.9,1
173.6,85,drama,46.0,10.7,0
152.0,111,horror,47.8,52.9,0
40.0,122,comedy,4.2,83.6,0
155.5,126,scifi,64.6,73.7,1
206.2,79,action,98.5,4.9,1
298.7,82,action,99.5,81.2,1
88.2,171,horror,54.2,25.1,0
244.0,154,action,14.7,74.6,1
101.1,169,action,99.8,54.9,1
141.9,77,action,4.1,4.6,0
194.2,79,action,40.8,20.2,0
165.6,105,comedy,75.9,39.2,1
178.7,92,scifi,66.3,96.3,1
274.5,178,comedy,98.1,30.2,1
127.3,153,scifi,97.9,87.3,1
183.7,144,action,27.1,77.3,1
232.2,122,horror,92.5,4.1,0
269.7,141,drama,64.1,65.4,1
222.3,160,comedy,96.5,81.5,1
223.4,91,action,84.7,80.4,1
89.9,102,action,34.5,7.4,0
185.4,95,drama,6.6,46.4,0
92.0,89,comedy,64.6,86.4,0
81.0,142,drama,54.4,19.4,0
106.7,148,scifi,24.2,52.3,0
189.8,81,comedy,7.5,96.5,0
45.9,143,comedy,77.1,77.2,0
137.6,161,scifi,4.2,81.6,0
98.4,168,comedy,96.5,20.8,1
57.9,163,scifi,90.1,47.2,0
259.9,96,horror,24.9,84.4,1
8.8,170,comedy,6.5,65.8,0
90.4,102,scifi,14.6,56.2,0
144.4,117,comedy,55.8,42.0,0
296.0,91,comedy,60.7,90.0,1
237.2,139,horror,86.1,77.9,1
17.3,164,horror,3.5,64.9,0
268.5,154,scifi,16.8,78.4,1
115.5,82,horror,45.2,39.2,0
68.1,100,horror,12.5,7.9,0
265.5,88,action,90.4,83.4,1
94.4,138,comedy,0.8,89.9,0
81.0,145,horror,95.5,18.4,0
25.1,129,scifi,56.0,98.1,0
183.7,126,drama,46.3,50.7,1
183.2,152,action,27.4,66.0,0
198.5,178,comedy,77.3,14.9,1
266.7,97,comedy,73.2,46.1,1
54.5,105,action,87.1,70.9,1
281.3,138,action,94.4,65.0,1
143.4,135,comedy,54.5,45.5,1
226.5,176,comedy,5.7,62.6,0
188.8,95,drama,97.3,44.6,1
119.5,112,drama,67.6,67.4,1
241.3,154,action,51.8,3.8,0
12.8,85,scifi,84.8,60.6,0
189.2,102,horror,25.0,3.3,0
186.4,173,drama,96.4,88.8,1
295.9,87,scifi,13.5,42.6,1
198.1,175,horror,21.6,8.4,0
29.1,151,comedy,45.3,66.9,0
121.4,131,action,8.9,33.2,0
227.0,157,scifi,40.0,52.4,1
58.1,156,scifi,56.5,26.2,0
90.6,165,scifi,40.0,22.5,0
38.9,112,drama,5.3,13.6,0
271.8,165,drama,85.3,79.1,1
19.2,83,drama,94.0,49.7,0
163.2,112,action,59.7,96.2,1
22.4,169,comedy,62.7,75.9,0
168.8,106,scifi,8.2,77.6,1
163.5,159,comedy,33.0,86.3,0
139.5,114,drama,4.0,62.9,1
11.4,93,drama,21.1,86.2,0
155.6,158,drama,27.7,96.2,0
33.0,128,drama,41.8,93.7,0
242.8,100,action,97.3,80.9,1
230.3,157,scifi,0.6,83.0,0
63.3,175,drama,93.4,93.6,1
161.4,135,comedy,44.9,22.8,0
294.3,176,action,30.7,64.1,1
85.4,144,action,31.0,87.9,1
40.3,94,horror,92.0,37.4,0
159.2,164,scifi,15.4,49.9,0
83.9,121,drama,57.4,21.3,1
171.9,87,scifi,6.8,58.2,1
283.1,114,scifi,93.1,64.5,1
284.8,161,comedy,58.3,23.6,1
254.6,108,horror,5.0,58.1,0
136.6,93,comedy,94.3,44.9,0
107.1,115,action,79.5,14.7,0
4.5,146,action,69.8,36.1,0
178.8,157,comedy,92.0,38.2,1
67.7,88,horror,44.0,28.8,0
109.6,164,comedy,33.4,24.7,0
131.3,161,action,60.9,57.4,0
190.6,143,comedy,10.2,94.8,0
222.9,162,action,96.6,53.2,1
259.6,90,action,68.6,19.1,1
66.5,159,drama,83.3,89.1,0
129.9,81,scifi,78.1,27.2,1
159.4,105,action,69.1,91.2,0
79.2,156,scifi,48.3,3.6,0
166.9,173,horror,57.1,19.8,0
229.8,79,action,82.7,82.3,1
74.6,146,horror,38.6,16.0,0
130.8,160,horror,59.9,24.9,0
32.3,149,scifi,4.3,21.9,0
232.6,108,comedy,53.7,46.7,0
39.5,173,comedy,27.0,25.3,0
140.9,89,action,15.1,59.3,0
261.1,153,drama,78.6,86.3,1
194.3,99,action,30.3,65.3,0
173.6,140,action,74.5,88.1,1
149.2,138,action,43.4,78.3,1
60.7,111,drama,23.2,26.2,0
222.8,94,action,44.0,41.8,1
261.4,106,action,78.4,94.2,1
152.1,155,drama,1.4,60.6,0
92.0,100,comedy,21.5,0.9,0
110.0,125,horror,50.1,2.0,0
58.0,129,scifi,13.4,1.8,0
265.6,165,drama,60.0,40.7,1
101.4,155,drama,83.1,21.0,0
268.3,125,scifi,39.8,20.2,1
171.1,145,action,28.6,4.2,1
89.1,136,action,86.8,83.9,1
164.7,173,horror,44.3,46.3,0
50.9,78,action,42.5,14.3,0
85.2,111,action,69.5,16.6,0
174.8,142,drama,89.3,82.3,1
118.8,131,horror,5.8,90.1,0
190.0,75,drama,10.8,5.7,0
85.4,111,drama,47.4,25.0,0
28.7,104,drama,69.2,2.3,0
212.1,164,drama,52.5,72.1,1
222.7,166,horror,28.5,76.7,1
121.8,79,horror,93.9,70.4,0
103.6,88,comedy,46.4,5.3,0
80.0,158,horror,31.2,60.8,0
25.5,97,action,44.7,87.2,0
215.2,77,horror,14.7,13.1,0
81.4,139,action,50.3,10.6,0
112.1,162,action,94.4,93.9,1
195.7,104,drama,29.0,88.3,0
286.1,89,action,20.6,97.6,1
285.2,104,comedy,53.5,29.1,1
275.0,141,comedy,57.2,69.8,1
215.2,149,comedy,30.3,84.9,1
284.8,83,drama,61.3,35.8,0
70.0,124,scifi,93.6,12.0,0
36.5,142,horror,14.0,32.6,0
167.2,143,comedy,36.1,78.2,0
224.6,136,scifi,12.2,36.8,0
132.5,138,comedy,75.6,13.3,0
76.2,165,horror,50.2,95.9,0
266.2,114,action,81.9,0.6,1
297.3,147,action,43.4,37.0,1
270.5,152,scifi,66.0,2.5,1
103.8,107,action,75.2,4.9,0
14.6,167,action,60.8,16.5,0
245.3,169,action,7.3,60.0,1
101.7,177,horror,58.8,67.4,0
168.6,154,comedy,12.3,6.2,0
64.9,133,drama,44.3,99.3,0
59.0,75,horror,90.8,52.4,0
168.1,115,action,21.1,57.6,1
145.0,132,comedy,84.9,37.2,1
275.3,80,comedy,72.1,12.5,1
288.0,108,comedy,69.3,2.1,1
138.6,138,comedy,31.9,30.7,0
180.6,152,action,17.0,89.8,1
216.4,101,action,44.5,1.8,0
170.6,137,horror,88.4,87.8,1
83.9,131,comedy,44.5,17.4,0
104.5,174,drama,76.4,65.7,0
195.0,97,action,67.9,37.8,1
230.4,119,horror,39.1,63.8,1
206.4,98,action,78.6,75.1,1
250.7,163,comedy,24.7,49.1,0
65.6,152,scifi,89.1,35.2,0
87.5,156,horror,25.7,63.3,0
298.9,166,comedy,43.4,39.7,1
106.4,108,action,34.5,11.9,0
252.6,100,drama,65.0,46.6,1
140.4,131,comedy,47.7,98.9,0
6.8,178,drama,50.9,79.3,1
33.4,111,horror,21.4,19.3,0
244.2,137,action,26.9,76.5,1
189.1,113,horror,3.6,5.0,0
34.9,120,action,59.6,34.6,0
174.7,160,scifi,54.8,57.2,1
57.0,92,action,32.7,60.0,0
235.3,143,drama,27.4,86.8,1
270.7,116,horror,47.1,23.6,1
238.5,170,horror,23.0,40.4,0
265.4,103,scifi,0.6,96.5,1
86.3,129,drama,74.2,7.6,0
49.4,179,scifi,40.2,55.2,0
238.7,114,drama,96.7,43.9,1
207.6,110,action,27.1,72.0,1
60.5,168,comedy,31.1,14.0,0
69.9,116,action,51.5,26.8,0
241.7,116,action,39.3,78.9,1
231.7,143,comedy,62.9,22.1,1
105.5,142,comedy,97.4,97.4,0
86.3,128,drama,96.7,70.5,1
236.4,146,scifi,63.1,54.5,1
228.4,177,comedy,76.6,33.3,1
185.9,136,scifi,4.3,2.2,0
144.4,100,action,99.1,83.2,1
72.8,149,scifi,4.4,58.1,0
153.4,177,action,6.3,28.6,0
250.1,76,drama,20.8,82.4,1
3.2,134,horror,82.1,34.3,0
54.7,105,horror,20.9,53.3,0
240.2,167,action,23.5,21.1,1
33.1,168,drama,28.5,14.3,0
171.3,113,comedy,11.1,28.3,0
190.2,172,action,59.5,26.1,1
241.1,179,drama,45.8,0.9,0
244.9,172,horror,67.7,99.6,1
143.3,94,drama,63.0,61.1,0
265.3,170,action,30.6,11.0,0
67.6,153,comedy,60.3,51.4,0
239.2,168,action,58.4,85.3,1
279.3,78,action,64.7,6.4,1
34.9,106,action,86.2,10.5,1
10.1,113,comedy,40.8,14.4,0
73.8,99,comedy,82.9,75.9,0
101.4,168,drama,85.0,66.4,0
55.4,102,scifi,47.3,66.9,0
63.8,163,horror,75.1,44.9,0
13.0,111,horror,87.2,63.7,1
216.7,153,comedy,68.5,48.4,1
28.2,158,comedy,65.2,14.4,0
277.2,110,drama,15.9,82.0,1
65.8,121,scifi,43.3,47.3,0
285.7,85,comedy,87.5,42.5,1
25.4,81,horror,81.9,85.7,1
11.7,141,action,49.7,25.7,0
143.3,166,drama,38.1,31.3,0
176.9,89,comedy,84.4,77.7,1
61.1,99,action,85.4,48.8,1
210.5,82,scifi,0.2,25.9,0
214.2,90,drama,36.2,47.5,0
237.4,117,drama,87.3,84.4,1
166.3,170,drama,57.2,90.9,1
145.0,126,comedy,67.9,88.5,1
148.6,140,comedy,68.6,34.7,1
31.9,138,horror,9.5,60.1,0
35.4,176,action,80.1,61.8,0
219.4,113,horror,28.6,34.1,1
22.3,166,horror,98.8,86.0,0
104.4,96,action,69.1,98.9,1
61.1,140,comedy,53.9,75.7,0
127.9,92,drama,3.0,72.0,0
35.3,168,scifi,8.8,48.9,0
255.9,114,drama,94.4,96.6,1
174.4,110,comedy,45.3,69.7,0
159.2,108,comedy,80.5,52.6,1
203.8,142,action,31.0,37.2,1
116.8,76,scifi,48.3,78.6,1
151.9,132,drama,17.9,94.9,1
295.0,150,drama,14.5,65.5,1
80.2,132,action,55.4,33.5,0
167.0,118,comedy,35.6,20.5,1
299.6,135,horror,57.7,29.2,1
297.1,144,horror,57.7,67.6,1
241.8,164,comedy,100.0,17.7,1
151.1,105,action,29.0,22.2,0
7.1,91,scifi,91.0,52.7,1
277.0,175,horror,42.1,40.4,1
247.7,97,drama,90.3,35.3,1
212.7,135,comedy,26.6,91.1,1
111.6,98,scifi,47.6,16.7,1
218.9,176,horror,49.2,32.7,1
257.4,164,comedy,95.6,95.2,1
104.2,87,drama,61.6,43.7,1
131.5,172,horror,42.1,9.8,0
244.7,139,scifi,56.2,22.1,1
188.2,161,drama,50.1,22.5,1
36.0,135,comedy,86.4,54.6,0
166.6,124,horror,28.3,10.2,0
167.3,160,drama,49.9,83.6,1
92.9,111,horror,21.3,64.8,0
51.1,112,comedy,54.9,31.3,0
137.2,141,comedy,86.8,43.3,0
7.5,169,horror,65.0,80.2,0
173.3,83,comedy,65.5,24.1,1
206.2,96,comedy,76.7,93.7,1
262.6,118,action,87.8,51.0,1
197.7,135,drama,72.2,11.5,1
225.1,179,action,31.4,10.7,0
132.1,95,action,78.5,69.1,1
155.9,105,comedy,97.6,44.8,1
66.0,154,scifi,18.0,41.0,0
259.5,165,horror,26.6,5.3,0
102.8,139,comedy,1.5,10.6,0
185.8,98,action,21.4,13.9,1
216.0,135,comedy,61.1,12.9,1
228.1,153,scifi,96.3,76.3,1
216.2,139,action,17.9,33.8,0
150.9,91,drama,82.9,64.4,1
19.1,112,action,56.0,12.5,0
10.3,165,horror,59.1,37.1,1
272.2,143,horror,50.0,97.0,1
84.2,88,comedy,56.2,69.4,0
216.2,171,comedy,6.6,86.4,1
187.8,157,horror,84.3,38.4,1
66.6,99,horror,41.9,5.3,0
212.0,153,drama,19.8,56.4,0
160.2,86,comedy,80.5,68.5,0
74.5,132,comedy,72.6,64.3,0
247.1,165,drama,71.5,69.4,1
233.1,119,comedy,8.2,2.0,0
278.4,94,action,61.0,20.4,1
175.1,157,scifi,84.1,42.9,1
114.3,107,comedy,27.1,78.4,1
154.3,92,horror,85.8,63.0,0
212.2,145,drama,15.8,69.6,1
31.4,165,action,92.2,36.4,1
58.5,94,scifi,27.7,80.6,1
74.5,150,comedy,20.7,26.0,0
141.3,174,comedy,74.4,37.4,1
292.9,116,comedy,73.4,37.5,1
18.6,146,comedy,35.9,2.2,0
245.2,136,drama,4.9,22.9,0
152.0,94,scifi,80.4,75.7,1
244.4,96,drama,11.2,65.9,0
215.8,123,action,63.1,94.0,1
266.8,82,action,57.2,81.2,1
299.3,129,comedy,49.3,48.5,1
24.8,98,scifi,98.7,65.4,0
215.0,119,comedy,74.7,31.1,1
49.4,142,scifi,2.3,80.5,0
260.6,84,comedy,90.5,85.9,1
68.9,105,horror,81.1,4.1,0
163.9,76,action,6.7,4.9,0
134.5,139,action,83.0,8.6,1
208.1,127,comedy,66.5,72.7,1
38.8,115,action,42.8,0.3,0
64.5,96,action,47.8,99.4,0
281.8,95,action,44.4,74.8,1
65.4,79,action,16.3,0.4,0
237.5,162,comedy,1.0,97.4,1
245.8,143,horror,92.7,90.8,1
110.7,83,comedy,41.1,79.7,0
214.9,112,action,50.8,97.5,1
32.2,105,action,28.9,83.1,1
135.6,148,comedy,15.1,29.7,0
136.9,158,action,54.6,29.4,0
215.3,161,comedy,65.4,65.5,1
7.0,179,horror,94.4,17.0,0
119.5,138,drama,66.2,61.5,0
291.0,77,horror,93.9,75.0,0
85.9,99,scifi,46.4,97.6,1
103.4,114,drama,26.5,91.9,0
285.4,84,scifi,51.2,38.5,1
183.5,153,horror,44.9,87.7,0
213.1,176,comedy,0.0,72.2,0
56.1,151,action,87.6,50.1,0
71.0,132,comedy,22.0,11.6,0
17.9,157,action,85.3,55.7,0
195.1,159,comedy,5.8,56.7,0
75.5,103,comedy,27.0,69.9,0
191.6,143,comedy,18.5,90.7,0
136.8,161,action,6.0,1.6,0
199.7,96,drama,1.1,60.1,1
219.4,166,comedy,70.2,86.8,1
8.5,94,horror,56.6,92.8,1
175.2,149,drama,29.8,28.7,1
115.7,103,horror,18.7,82.4,0
46.7,82,comedy,83.5,87.4,0
25.8,139,comedy,58.6,27.9,0
198.7,89,drama,4.6,17.4,0
117.2,141,drama,77.0,89.0,1
38.7,112,scifi,43.2,96.2,0
60.0,140,action,88.8,17.2,0
185.6,138,drama,8.4,97.3,1
76.0,172,scifi,95.5,77.9,1
132.4,124,drama,24.9,17.7,0
5.0,167,drama,51.9,89.4,0
293.3,115,action,95.3,84.6,1
60.7,155,scifi,17.3,59.5,0
297.3,142,action,20.0,90.2,1
228.2,179,horror,17.8,42.7,0
10.8,145,scifi,78.5,40.7,0
227.4,112,action,80.4,30.1,1
283.9,135,action,67.2,3.0,1
179.0,170,drama,45.1,18.5,1
45.4,110,comedy,92.1,77.7,0
24.1,163,action,53.8,88.4,1
249.4,147,action,12.6,7.0,0
122.4,124,drama,79.3,99.6,1
197.2,98,comedy,27.7,38.1,0
43.6,90,comedy,36.0,63.9,0
161.9,168,action,5.4,8.1,0
75.8,142,horror,74.7,65.6,0
223.3,83,comedy,17.1,0.4,0
224.3,157,horror,22.7,97.6,0
276.6,151,scifi,55.7,93.2,1
286.5,83,action,5.8,48.5,1
279.8,88,comedy,64.2,48.9,1
10.8,140,action,26.0,24.4,0
193.7,145,action,61.7,11.3,0
279.6,152,comedy,75.9,21.9,1
23.2,176,comedy,67.9,3.3,0
193.2,138,horror,73.2,10.9,0
114.9,88,action,70.4,65.3,1
150.6,175,action,3.6,22.7,0
23.0,161,comedy,18.0,59.7,1
226.6,105,comedy,28.7,24.8,0
108.6,173,drama,55.8,29.7,0
129.3,90,scifi,40.2,36.2,0
63.2,171,action,40.3,87.1,0
273.5,153,drama,33.1,24.6,0
262.6,117,scifi,76.3,2.5,1
91.2,145,drama,25.1,4.5,0
14.6,104,horror,40.8,23.2,0
6.1,126,action,39.0,97.6,0
48.5,96,horror,62.0,12.5,0
95.5,129,horror,60.7,53.7,0
242.3,137,scifi,66.1,28.4,1
269.1,162,drama,72.7,37.3,1
148.7,89,comedy,0.6,11.8,1
219.2,146,drama,51.3,69.3,1
130.5,162,drama,4.2,6.5,0
94.6,92,action,17.9,63.7,0
33.7,104,comedy,33.3,15.3,0
109.3,78,drama,42.7,94.3,0
252.5,143,drama,61.3,18.0,1
94.0,147,action,74.7,39.2,1
200.8,177,comedy,2.8,48.4,0
210.6,111,action,20.1,53.7,1
63.2,103,horror,0.7,89.5,0
182.9,98,horror,74.1,66.7,1
17.7,84,scifi,18.3,41.6,0
214.0,124,scifi,35.9,53.1,1
191.3,123,scifi,22.4,61.6,0
234.1,106,drama,80.6,88.3,1
247.5,121,comedy,40.2,96.8,1
64.5,178,action,20.4,70.5,0
74.3,119,comedy,77.3,99.6,0
251.4,130,action,62.7,74.7,1
84.5,163,comedy,73.0,79.2,0
254.4,164,drama,78.6,90.7,1
151.9,128,comedy,6.0,81.9,1
70.2,139,horror,55.2,24.4,0
107.3,77,drama,81.6,56.3,1
6.4,105,scifi,75.3,72.3,0
266.1,120,horror,51.8,59.1,0
13.5,79,drama,53.9,22.4,0
133.9,168,action,53.1,72.7,1
36.6,142,drama,10.1,23.5,0
30.5,98,drama,70.2,54.8,0
52.2,115,action,86.3,97.5,1
94.8,162,scifi,36.4,72.1,0
211.6,170,horror,23.4,28.8,0
276.4,124,comedy,68.3,13.8,1
113.5,166,comedy,31.7,72.9,0
219.6,147,horror,4.0,26.0,0
168.1,84,comedy,78.9,70.9,1
25.5,163,action,67.9,4.1,0
194.8,139,drama,23.6,23.1,1
136.4,169,comedy,61.4,10.9,0
41.5,179,drama,48.5,21.1,0
275.2,148,comedy,71.0,14.9,1
29.7,83,action,97.2,27.0,1
288.7,90,scifi,13.9,39.8,1
89.7,124,action,16.1,41.3,0
206.0,123,horror,36.9,91.6,1
124.4,146,horror,15.0,77.5,0
104.1,102,action,82.6,48.1,1
235.1,153,horror,79.0,4.3,0
193.8,175,drama,85.3,91.2,0
167.3,100,comedy,80.5,9.3,1
9.3,157,drama,7.5,20.0,0
270.8,139,action,39.1,81.8,1
12.3,150,action,84.0,25.8,1
72.7,138,horror,71.8,74.5,1
244.8,97,action,52.4,0.1,1
2.0,80,scifi,9.2,94.7,0
250.9,156,horror,45.9,55.7,1
210.7,98,action,45.3,88.7,1
202.2,117,comedy,27.9,37.0,0
283.7,76,action,18.8,28.1,1
82.9,137,comedy,5.4,74.6,0
69.0,149,action,23.8,52.0,0
15.0,104,action,5.3,88.7,0
296.1,161,comedy,96.5,89.8,1
75.2,160,scifi,43.0,39.2,1
44.8,167,drama,83.6,99.9,1
25.2,150,action,84.0,10.5,0
139.9,96,action,53.9,41.7,0
177.8,76,comedy,66.1,17.1,1
17.5,136,action,7.9,72.8,0
40.7,151,action,13.8,65.0,0
2.8,115,horror,6.1,62.9,0
140.6,170,horror,57.6,21.9,0
186.9,177,action,41.4,86.8,1
247.4,75,comedy,36.3,60.0,1
191.1,176,drama,33.7,17.0,0
126.0,170,drama,68.4,91.2,0
261.0,132,drama,2.2,6.9,0
226.3,133,action,80.9,38.9,1
55.9,94,comedy,89.1,45.9,1
69.8,114,drama,69.8,65.9,1
112.1,123,comedy,86.0,14.4,0
254.0,131,action,79.8,74.4,1
127.8,78,drama,98.3,17.0,1
48.5,126,drama,88.9,98.9,0
195.4,137,comedy,35.9,70.3,1
42.3,158,drama,10.2,56.7,0
144.8,90,comedy,14.2,96.0,1
69.5,109,action,24.7,21.1,0
267.9,138,action,6.6,46.9,1
261.9,155,action,5.2,61.8,1
276.7,139,action,15.3,1.1,0
208.3,174,comedy,84.7,62.1,1
183.4,104,scifi,17.6,53.9,1
88.2,125,horror,14.7,57.8,0
114.7,98,comedy,56.5,66.3,0
210.6,112,comedy,90.4,72.6,1
274.3,174,comedy,98.7,15.6,1
237.4,124,scifi,5.6,87.7,1
277.0,78,comedy,29.7,87.1,0
157.5,155,horror,55.7,55.4,0
116.3,129,action,74.5,12.3,0
254.7,96,drama,14.4,97.2,0
151.2,122,comedy,26.0,80.4,1
195.5,107,drama,8.3,66.7,0
297.0,83,action,41.5,6.7,1
10.8,84,comedy,78.0,22.4,1
109.2,80,drama,62.4,53.7,0
155.3,178,scifi,49.5,90.7,1
49.9,108,scifi,100.0,10.6,1
229.9,80,comedy,43.9,92.9,1
213.6,91,drama,95.8,70.3,1
100.1,173,horror,28.4,98.0,0
194.6,105,action,28.8,87.2,0
126.6,93,action,8.1,92.1,1
46.1,102,scifi,60.7,87.6,1
119.1,159,horror,35.1,33.0,0
254.2,179,comedy,24.8,28.1,0
257.3,103,drama,74.1,80.8,1
256.5,148,horror,30.3,59.5,0
172.3,99,horror,20.4,86.9,1
92.6,100,horror,99.0,29.6,1
242.7,97,comedy,22.2,12.1,0
265.1,122,comedy,70.3,25.2,1
268.6,111,horror,40.3,44.8,1
54.5,75,drama,2.6,13.6,0
111.6,78,horror,65.0,29.5,1
95.8,105,drama,79.7,99.2,1
52.2,110,drama,46.4,50.9,0
203.0,140,action,42.2,49.8,0
35.6,95,comedy,87.8,66.5,0
286.0,166,scifi,21.2,25.5,0
37.1,93,comedy,70.5,19.0,0
135.7,145,scifi,54.7,77.6,1
293.8,110,horror,49.9,55.5,1
114.0,79,drama,37.4,24.0,1
283.3,170,drama,35.4,40.8,0
294.2,102,drama,54.2,11.3,1
202.9,89,action,13.4,43.6,0
129.6,126,comedy,59.4,33.8,0
105.8,102,comedy,2.3,76.7,1
86.5,125,comedy,67.4,22.9,1
103.0,76,action,96.4,61.5,0
202.3,138,drama,24.2,40.4,0
191.3,92,drama,56.2,53.9,1
142.2,106,drama,46.5,44.6,0
223.6,179,scifi,69.7,75.3,1
106.9,88,action,31.5,32.5,0
123.9,130,comedy,41.7,3.1,0
275.0,84,comedy,99.3,39.2,1
287.8,127,horror,72.9,82.5,1
288.3,86,action,14.5,6.8,1
193.2,80,comedy,61.0,7.8,0
177.9,177,scifi,85.8,92.8,1
197.6,115,action,65.2,86.8,1
30.6,145,action,25.5,29.2,0
3.1,166,horror,87.5,82.8,0
25.7,172,comedy,47.2,78.1,0
113.3,174,comedy,40.7,52.0,1
249.4,106,comedy,84.7,61.7,1
102.1,135,scifi,33.4,18.5,1
140.5,94,drama,69.5,44.6,0
181.1,90,action,12.3,71.5,0
243.7,140,action,62.0,11.1,1
119.8,118,scifi,91.6,11.9,1
86.0,163,drama,11.2,77.3,0
18.5,174,drama,81.0,60.1,1
149.0,87,comedy,56.9,91.1,1
158.8,140,scifi,46.6,17.9,1
247.1,145,drama,11.2,11.2,1
219.0,154,drama,40.8,50.3,0
282.4,99,horror,76.5,49.0,1
210.2,99,action,17.6,27.7,1
54.8,139,scifi,34.6,68.1,0
149.3,136,drama,39.6,52.6,0
151.7,76,drama,39.9,67.9,1
56.8,94,comedy,32.8,61.1,0
23.2,166,comedy,23.5,20.6,0
299.4,77,drama,41.7,92.4,1
82.5,86,action,4.9,85.9,0
16.7,145,scifi,46.9,28.4,0
98.0,161,drama,63.3,4.3,0
121.2,87,comedy,79.3,50.6,0
221.3,146,horror,99.9,32.5,1
24.0,110,comedy,77.6,71.8,1
76.8,125,horror,12.3,75.0,0
243.0,86,comedy,31.0,31.8,0
156.2,104,comedy,3.2,9.8,0
127.5,104,comedy,93.2,41.5,0
199.4,124,action,66.1,32.5,1
175.8,123,horror,99.2,93.8,1
233.0,135,comedy,6.1,31.7,1
65.2,140,action,6.7,93.7,0
194.3,107,action,46.5,69.2,0
3.2,138,horror,14.0,53.0,0
61.4,130,action,68.4,18.9,0
230.5,145,drama,1.3,1.9,0
133.4,86,scifi,50.0,44.0,0
276.8,155,horror,60.5,80.3,1
66.3,115,action,42.1,8.2,0
255.0,132,action,93.9,20.2,1
118.5,81,horror,6.8,40.2,0
3.2,141,comedy,84.1,53.1,1
164.0,95,comedy,99.2,40.3,1
100.0,174,drama,46.8,89.5,0
54.5,178,comedy,7.1,35.9,0
114.1,160,action,98.6,67.5,1
55.9,111,comedy,71.6,0.4,0
241.6,153,action,7.4,32.3,0
49.1,169,comedy,16.0,48.5,0
221.8,94,drama,93.6,72.1,1
204.8,150,comedy,23.5,88.9,1
93.8,80,action,99.5,48.9,1
135.3,156,drama,32.3,67.9,0
257.0,130,drama,74.6,19.1,1
274.7,160,scifi,34.9,13.4,1
183.6,75,action,63.4,68.4,1
202.9,132,action,48.5,19.2,1
48.2,169,drama,62.8,96.0,1
59.9,122,drama,22.7,14.0,0
39.2,146,scifi,44.6,85.5,1
231.3,136,scifi,43.2,10.5,1
48.1,177,comedy,15.6,37.6,0
46.7,79,scifi,82.9,17.6,0
245.9,171,action,46.1,48.6,0
57.9,96,action,71.5,37.9,1
223.3,96,comedy,70.0,36.7,1
294.7,93,horror,90.7,8.0,1
274.9,175,horror,67.3,36.1,1
85.9,147,horror,15.4,34.1,0
235.0,174,action,68.3,32.0,1
167.2,118,action,16.8,67.9,0
110.3,149,action,8.0,70.9,0
142.4,84,drama,51.0,89.6,1
143.3,143,drama,64.4,99.0,0
197.3,110,action,49.1,51.6,0
68.2,134,scifi,98.6,26.6,0
176.5,141,comedy,62.9,20.5,0
187.1,127,action,74.7,18.1,0
219.3,149,horror,75.6,44.8,1
188.4,91,scifi,93.3,11.0,1
190.9,140,comedy,1.4,33.0,1
152.9,98,action,73.4,63.2,1
142.5,94,comedy,35.6,49.7,0
106.7,120,scifi,78.6,50.8,0
139.5,168,action,38.9,33.9,0
292.4,171,horror,31.1,87.8,1
223.0,118,comedy,89.3,52.6,1
116.3,142,scifi,91.0,44.2,1
43.0,172,drama,80.6,97.6,1
10.2,171,scifi,99.3,66.2,1
139.7,77,action,32.1,94.1,0
31.6,156,comedy,29.5,93.7,1
216.2,123,drama,83.2,14.9,1
19.5,98,drama,15.9,84.4,0
293.5,78,comedy,29.3,80.9,1
176.2,77,horror,90.5,93.8,1
61.2,175,horror,61.1,34.5,0
179.1,119,action,61.2,18.6,1
126.9,122,horror,15.2,80.9,0
270.6,106,drama,23.0,27.1,0
234.2,102,scifi,20.6,25.0,0
70.3,88,comedy,81.0,9.1,0
16.3,107,comedy,46.9,83.1,0
136.2,97,action,75.1,54.5,1
271.3,128,action,2.7,71.5,1
248.5,101,action,95.2,21.7,1
231.5,113,comedy,46.9,67.9,1
125.9,118,drama,96.5,67.1,1
75.1,117,horror,58.1,69.3,1
177.2,132,scifi,23.0,63.8,0
93.0,165,scifi,78.1,85.9,1
108.1,109,comedy,1.2,57.3,0
200.5,158,comedy,48.3,3.4,0
106.2,109,action,88.1,45.3,1
222.6,177,horror,13.5,31.9,0
112.8,162,scifi,52.8,22.6,0
246.1,138,action,90.3,80.6,1
294.3,163,comedy,30.9,99.0,1
155.4,159,drama,35.6,71.8,0
121.2,129,action,65.9,99.4,0
150.2,90,drama,1.3,34.9,0
86.0,168,drama,88.1,59.2,1
101.4,121,comedy,32.7,0.2,0
270.1,125,action,78.1,17.9,1
236.2,77,horror,99.2,80.0,1
154.5,133,comedy,59.5,28.9,0
250.9,151,action,47.7,88.9,1
14.0,149,horror,28.9,59.4,0
167.2,156,comedy,65.4,85.8,1
252.6,77,drama,73.4,32.7,1
127.5,142,drama,35.1,24.3,0
169.3,106,comedy,37.8,24.3,0
85.5,165,horror,43.1,83.4,0
39.6,106,drama,6.9,74.1,0
171.8,99,comedy,64.7,7.9,0
153.3,83,comedy,24.2,50.0,1
268.4,86,action,20.1,88.6,1
79.5,147,drama,52.9,3.4,0
264.0,84,comedy,49.7,40.5,1
145.5,113,comedy,94.5,23.9,1
5.5,97,scifi,61.2,92.5,1
