ram_gb,storage_gb,battery_mah,brand,camera_mp,price
8,64,3139,xiaomi,64,23649.81
8,128,5316,xiaomi,64,26466.28
4,128,5050,samsung,48,21530.52
4,512,3665,apple,200,63765.12
4,128,3608,xiaomi,48,17434.6
16,128,3022,oneplus,64,32093.25
16,128,5707,oneplus,12,30163.89
12,512,3170,xiaomi,64,32846.67
6,64,5384,samsung,108,25637.0
6,64,4738,apple,108,55637.39
8,64,5275,apple,200,61311.64
8,64,3193,samsung,108,23754.48
12,512,4822,xiaomi,48,34885.42
12,128,3391,apple,108,58194.66
16,512,4804,xiaomi,108,39830.9
4,256,3586,samsung,108,25281.88
16,64,4622,apple,12,58769.45
16,256,4165,oneplus,12,32670.12
12,128,5587,oneplus,64,33093.34
16,64,4366,oneplus,200,37599.12
16,64,3578,samsung,200,36702.99
12,512,3725,samsung,12,31500.08
16,512,5096,xiaomi,64,36766.87
12,128,3411,samsung,12,25856.54
12,512,4876,xiaomi,12,33028.36
6,512,4324,samsung,48,31146.86
16,64,3849,apple,12,53316.9
16,128,5577,samsung,12,31521.16
6,512,4346,oneplus,48,30973.35
8,512,3495,oneplus,48,32282.44
6,128,3427,samsung,200,30234.11
8,64,4187,apple,64,51240.8
4,512,4731,oneplus,64,31799.46
4,64,4777,oneplus,48,21919.48
4,128,4788,apple,108,52811.75
12,256,4117,oneplus,200,39332.43
4,256,3958,xiaomi,48,21137.83
8,128,5574,apple,48,51289.01
8,256,3389,oneplus,108,29580.17
12,64,5566,samsung,108,31186.76
6,256,4133,samsung,108,28076.86
4,128,4877,xiaomi,48,19505.01
16,128,4012,xiaomi,64,31339.45
16,128,4989,oneplus,108,37288.58
4,64,5433,xiaomi,200,26876.47
16,256,4497,oneplus,200,42178.87
4,128,4630,xiaomi,200,26813.04
8,256,5429,xiaomi,48,26297.38
12,256,5433,samsung,108,35108.72
12,256,3232,xiaomi,64,29499.6
16,256,4223,oneplus,108,36261.84
4,256,3438,xiaomi,200,25685.42
12,512,5900,xiaomi,200,44359.65
4,64,4798,oneplus,200,28063.23
16,128,3462,samsung,12,27250.29
8,512,5600,samsung,48,35074.03
16,128,5948,apple,108,65602.82
12,256,4220,xiaomi,108,32230.48
6,512,3032,xiaomi,48,24821.85
6,128,3960,samsung,200,29388.07
16,512,5088,xiaomi,200,43732.11
4,128,5626,apple,48,50826.62
6,64,4212,oneplus,108,25770.23
6,256,3673,xiaomi,108,26599.21
4,512,5740,xiaomi,108,32949.34
4,64,4308,apple,108,50812.86
8,256,4801,xiaomi,64,27486.18
8,256,5079,xiaomi,200,33411.56
12,128,5278,xiaomi,64,28126.7
8,512,4121,samsung,200,40099.58
16,64,5322,oneplus,200,39419.58
12,128,3274,apple,48,56118.66
16,64,4291,apple,108,62354.62
12,128,4368,xiaomi,200,32569.51
6,128,3124,xiaomi,200,28057.24
16,64,4743,xiaomi,12,25976.94
12,64,4508,apple,200,65623.69
8,256,4891,oneplus,12,27655.89
6,256,4863,oneplus,12,28398.49
12,128,4367,samsung,108,29801.62
4,128,4277,xiaomi,108,21103.6
4,512,5972,samsung,64,32525.39
12,256,3450,xiaomi,108,28628.72
8,128,4338,xiaomi,48,22655.99
6,256,3062,samsung,108,28213.95
16,64,5734,oneplus,64,36272.62
6,256,3902,samsung,64,26078.59
6,512,3369,apple,12,54924.52
12,64,4294,samsung,108,32578.72
16,128,3561,xiaomi,48,29943.93
8,512,3159,xiaomi,12,27901.67
12,512,4845,xiaomi,64,36224.84
12,64,3404,samsung,12,24409.67
12,128,3145,samsung,108,26232.19
4,64,5895,samsung,48,21891.7
16,256,4918,samsung,48,35179.97
8,128,4733,oneplus,108,30124.02
8,64,5290,xiaomi,108,26686.1
16,64,3805,oneplus,108,33353.49
12,128,3843,xiaomi,200,33824.49
8,512,3436,xiaomi,12,27437.09
6,128,5768,apple,48,56310.84
12,64,4647,xiaomi,200,32646.66
6,64,5257,samsung,108,26413.99
12,512,3093,xiaomi,64,32111.91
6,512,5967,samsung,64,32280.4
6,512,3499,apple,12,55670.19
4,128,4530,xiaomi,200,26156.63
16,256,5827,oneplus,48,37754.93
12,64,3819,samsung,48,26241.79
8,128,3303,samsung,64,24746.77
6,128,5194,samsung,108,25770.4
6,512,4856,xiaomi,64,29110.42
4,64,3510,samsung,12,17562.12
6,512,5583,apple,64,63371.31
6,256,5480,samsung,12,26501.55
4,128,4654,xiaomi,200,29576.5
8,128,3926,xiaomi,12,20620.02
12,256,4595,xiaomi,108,32234.23
4,512,4884,xiaomi,108,32350.92
6,64,3454,xiaomi,108,23292.57
4,64,4897,apple,12,46074.75
8,128,5778,oneplus,200,37023.85
12,128,3223,oneplus,108,30180.46
12,64,5464,xiaomi,200,32848.91
6,64,3521,apple,200,56784.38
6,128,5794,samsung,200,33169.19
6,128,5500,apple,108,54919.12
8,256,3814,oneplus,108,32099.05
12,128,5564,xiaomi,12,28311.15
8,512,3804,xiaomi,48,28619.58
4,512,5359,samsung,12,26568.52
6,512,4435,apple,12,54818.0
6,128,3321,oneplus,108,27063.46
16,256,3148,xiaomi,64,30442.89
4,128,3015,apple,48,48554.4
16,512,5047,samsung,12,38546.94
12,256,3658,xiaomi,12,27271.95
12,512,3539,samsung,12,31321.69
12,128,4786,xiaomi,108,29119.25
12,64,4693,samsung,200,32574.14
12,128,3547,samsung,12,25103.52
16,512,4292,apple,108,69242.96
16,256,4627,samsung,48,31249.75
12,128,5218,apple,200,64099.07
4,128,3907,oneplus,200,29686.11
12,256,3320,apple,200,66778.47
4,128,3887,oneplus,64,24905.68
12,64,4595,samsung,12,25348.21
12,128,5262,oneplus,64,33716.54
8,64,5461,xiaomi,200,30069.52
8,128,5912,xiaomi,200,33368.9
8,64,3626,xiaomi,12,16638.93
4,128,5289,samsung,64,25447.13
6,256,3987,apple,200,58652.68
16,64,5338,oneplus,200,38396.41
8,512,4051,xiaomi,48,26550.34
16,512,3470,apple,108,69100.6
6,64,4985,xiaomi,12,19422.12
6,256,4146,oneplus,48,25338.21
16,256,3065,oneplus,12,31199.74
12,512,5550,samsung,64,39430.37
16,256,3944,samsung,200,40638.36
8,256,4517,samsung,12,27437.38
12,64,3828,xiaomi,12,22269.24
4,256,3291,xiaomi,108,23117.48
12,512,3693,oneplus,108,37841.08
4,128,3019,xiaomi,108,20922.9
8,512,3288,samsung,48,30959.15
8,512,5043,apple,64,63774.34
8,512,3778,apple,64,59586.32
12,256,3841,oneplus,12,28170.02
12,256,3872,apple,48,57589.35
6,128,3457,samsung,48,22590.93
16,64,3651,samsung,200,35013.28
4,512,3530,xiaomi,12,26681.86
8,64,3480,samsung,108,25802.46
12,64,3037,oneplus,64,24806.26
6,64,5605,xiaomi,200,28767.4
8,128,4097,samsung,12,23565.52
4,256,3517,xiaomi,108,22478.66
8,64,5530,samsung,64,26708.61
12,128,3234,apple,200,61965.45
16,512,4640,oneplus,48,41571.83
4,128,5410,samsung,12,20391.48
12,128,5466,samsung,200,38008.78
8,64,4659,xiaomi,48,21685.83
12,128,5789,samsung,12,27829.99
16,128,3657,oneplus,64,29568.57
16,64,3390,samsung,12,28480.95
8,512,4102,samsung,48,31858.06
16,128,4857,xiaomi,48,30698.67
4,128,4702,xiaomi,12,19787.29
16,512,5330,apple,64,70006.07
12,512,5089,xiaomi,64,34831.36
12,256,4938,apple,12,58431.39
16,128,3036,oneplus,108,34705.11
6,512,5516,xiaomi,108,36734.19
4,128,5453,samsung,64,25088.63
6,64,3728,xiaomi,200,24292.34
4,128,5134,samsung,108,26877.78
12,256,3958,oneplus,48,32050.79
8,64,5818,samsung,48,23502.66
6,512,4183,apple,200,66546.97
16,256,5570,xiaomi,200,42021.04
16,256,4608,oneplus,200,45078.54
8,256,3580,apple,12,51266.1
16,256,3610,samsung,200,40919.35
16,256,3591,apple,200,68453.6
12,512,4152,xiaomi,108,37470.17
6,64,3280,oneplus,48,21264.96
6,128,5328,apple,12,52055.81
6,512,3015,xiaomi,48,26974.17
12,256,5175,samsung,64,31814.98
12,128,3843,xiaomi,48,28328.6
6,512,3743,apple,64,59512.8
4,64,3131,xiaomi,64,17302.23
4,256,3499,oneplus,64,26614.47
12,64,5352,samsung,48,28342.02
8,256,3525,samsung,12,23958.36
6,256,4095,xiaomi,108,25605.29
16,128,5189,samsung,48,33963.16
16,128,4434,apple,48,58082.76
8,64,3730,samsung,48,22556.44
4,64,3474,xiaomi,108,18942.9
16,128,5309,oneplus,48,32439.68
4,512,4011,apple,48,55774.15
4,64,3815,oneplus,12,18826.95
12,128,4200,samsung,108,28775.01
8,256,4447,samsung,48,25692.37
8,128,5935,xiaomi,108,29774.99
16,256,4742,apple,12,63381.26
8,64,5881,apple,108,54110.53
16,64,5299,oneplus,64,30276.43
6,512,3401,apple,108,61871.17
4,64,3513,samsung,200,28640.38
8,128,5805,xiaomi,64,26113.53
16,256,4929,xiaomi,200,41127.34
12,128,4421,oneplus,12,28258.75
8,64,3099,xiaomi,108,22929.98
12,64,5983,samsung,108,31656.13
6,128,5655,apple,108,57013.41
6,64,5341,xiaomi,12,20071.77
12,256,4835,samsung,200,37217.79
6,512,3248,samsung,108,29693.07
4,256,3196,samsung,48,22085.16
16,64,4588,oneplus,48,30058.49
16,256,3021,apple,200,68821.03
12,256,3474,samsung,64,31522.47
16,64,5120,xiaomi,108,32881.76
6,256,5997,samsung,108,29903.76
8,64,4472,samsung,12,20546.43
4,512,5859,apple,200,66765.01
12,64,5155,oneplus,64,28939.7
6,512,4835,apple,200,65783.13
4,512,4586,samsung,200,39318.25
16,64,4893,samsung,48,30852.81
6,64,4535,apple,108,53776.6
4,256,3838,oneplus,12,21827.92
8,256,5843,oneplus,48,31567.45
4,64,5315,samsung,200,26691.19
12,512,5866,xiaomi,200,41359.86
6,512,4848,xiaomi,64,29664.95
12,128,5037,oneplus,64,28883.2
6,512,5927,samsung,12,30791.29
6,256,3155,apple,48,53889.25
16,256,5631,apple,108,69858.94
4,512,3504,apple,108,60617.52
8,64,3931,xiaomi,12,19498.69
4,256,5072,oneplus,12,25149.46
4,512,5463,samsung,200,38502.67
4,512,3535,samsung,48,24087.21
16,256,3152,apple,200,66652.03
16,256,3497,samsung,64,32882.27
16,128,3764,apple,108,60905.56
8,256,3938,apple,200,61831.4
4,256,4543,xiaomi,48,19917.86
6,256,5301,apple,12,53358.8
12,256,5323,samsung,12,28499.32
12,256,4480,samsung,64,27921.56
6,256,5385,samsung,200,34754.52
12,512,5681,xiaomi,48,35374.81
16,512,4239,oneplus,12,34943.7
16,128,3080,oneplus,64,31187.86
6,256,3284,apple,108,53153.95
16,128,3884,oneplus,12,32114.67
12,64,5662,oneplus,108,36835.27
8,256,3625,oneplus,12,26863.6
16,128,3651,xiaomi,12,29533.6
6,64,3376,xiaomi,108,21130.73
6,64,4615,xiaomi,64,21856.15
12,256,4217,oneplus,108,36184.22
4,128,3316,xiaomi,12,16774.62
6,64,5707,oneplus,12,27472.58
4,128,4302,xiaomi,48,21979.39
8,256,5336,samsung,200,36698.03
8,128,5443,samsung,200,34360.45
16,64,4701,apple,48,57590.98
16,64,3315,apple,108,58010.31
4,256,4663,apple,200,61088.04
8,64,3672,xiaomi,48,19237.94
12,256,5545,xiaomi,108,36279.69
12,64,5046,samsung,12,27730.12
12,256,4019,xiaomi,64,28413.56
16,128,4296,apple,64,64201.88
6,256,4119,samsung,12,28055.8
12,256,5839,oneplus,12,29918.55
8,256,5154,samsung,200,36182.21
6,128,4955,xiaomi,12,17978.49
8,64,3201,oneplus,108,24287.43
4,512,5563,xiaomi,12,28531.57
8,256,3263,samsung,200,33633.9
6,256,3836,xiaomi,12,19708.5
16,128,3584,apple,64,57513.57
16,64,4966,xiaomi,12,27001.48
4,128,5226,oneplus,200,32486.48
4,512,3680,apple,200,66783.76
6,128,4186,xiaomi,64,20687.83
6,256,4415,apple,48,54729.67
6,512,4075,oneplus,12,29287.77
4,128,5891,apple,108,54307.57
8,64,4542,oneplus,108,27491.13
4,64,3446,apple,200,55500.73
4,64,5699,oneplus,64,21024.72
6,128,3883,samsung,48,23067.79
16,512,3571,apple,64,65237.84
8,256,3975,xiaomi,48,21835.57
6,256,5571,samsung,48,27466.07
6,256,3892,xiaomi,64,24295.83
16,256,3941,samsung,48,34050.02
12,512,5067,xiaomi,108,35870.8
12,64,3265,apple,48,53770.43
6,128,3810,apple,64,51952.34
16,128,4470,xiaomi,48,32072.52
6,64,3374,samsung,200,25531.81
12,64,3716,samsung,64,24773.37
4,256,4740,apple,200,59704.16
12,128,4309,samsung,64,29492.66
16,512,5940,apple,200,75628.19
16,256,5164,xiaomi,64,32825.73
6,128,5676,samsung,200,31567.37
16,256,5509,xiaomi,64,35178.84
12,512,3488,samsung,48,33520.1
8,512,5433,samsung,64,34358.55
6,64,3854,oneplus,108,27990.02
16,64,4975,xiaomi,48,29179.44
6,128,5907,xiaomi,64,25237.63
12,64,3977,apple,48,52805.76
6,64,3614,samsung,200,30386.72
12,64,4338,samsung,108,28438.78
16,128,5283,samsung,108,35715.74
8,256,4973,oneplus,108,29529.83
12,128,5107,xiaomi,64,27874.68
6,256,4815,samsung,108,30075.92
8,512,3617,oneplus,12,31521.42
6,128,4278,samsung,12,21273.83
6,512,3932,xiaomi,64,29586.56
6,64,3601,samsung,64,22707.68
12,256,5204,apple,48,60480.45
16,128,4059,apple,48,59496.84
4,256,4671,apple,48,50369.76
6,512,3415,samsung,108,31423.62
4,128,4542,oneplus,108,26477.34
8,128,3392,apple,108,54885.75
6,128,5886,oneplus,12,27267.18
4,256,4341,apple,48,55757.32
6,64,4900,xiaomi,12,19436.18
8,256,4786,samsung,200,32021.42
8,256,5370,xiaomi,64,27464.37
4,512,5957,xiaomi,200,36457.85
16,512,5816,samsung,108,44484.28
6,256,4436,xiaomi,64,25192.26
6,64,3820,apple,200,58246.23
6,256,4321,oneplus,64,27457.89
4,64,4853,xiaomi,12,15309.99
16,64,5400,samsung,48,32606.61
16,256,4642,oneplus,200,45363.3
4,512,3865,apple,64,56388.4
4,256,4617,xiaomi,108,23105.87
16,256,5337,xiaomi,12,31876.57
12,128,4366,samsung,64,30112.09
6,512,4726,samsung,48,27853.3
6,512,3937,xiaomi,12,25821.91
12,128,3817,xiaomi,108,28100.06
12,256,5472,oneplus,64,35719.6
12,256,3283,xiaomi,200,36373.07
12,128,3871,xiaomi,200,36128.27
8,256,3956,apple,108,55043.56
6,512,5352,samsung,12,32479.45
4,512,4892,oneplus,200,37567.14
8,512,5137,xiaomi,64,29714.94
12,512,5945,samsung,200,46700.1
8,128,5028,xiaomi,48,25095.38
16,128,3507,samsung,108,35014.82
4,64,3540,samsung,64,18547.97
16,512,3960,apple,12,64055.28
4,64,4205,samsung,200,28941.9
8,256,4226,oneplus,12,24379.88
6,64,5103,xiaomi,64,22135.84
12,512,3169,apple,200,66422.33
6,64,4418,xiaomi,64,20742.05
16,128,5568,samsung,48,34304.81
12,128,4451,samsung,12,28402.12
12,64,3481,oneplus,48,25843.91
16,512,5484,xiaomi,200,46431.96
6,512,4548,samsung,12,30830.26
16,256,4772,samsung,12,30637.63
4,256,3433,xiaomi,64,21021.47
8,256,3239,oneplus,48,27014.25
6,64,3766,xiaomi,12,18190.5
6,128,4117,oneplus,48,23058.69
8,512,4584,oneplus,12,30110.15
4,512,4005,oneplus,12,29122.19
8,256,3438,samsung,108,30742.18
12,64,5075,samsung,108,27249.66
6,64,5028,samsung,108,25170.6
8,512,3515,xiaomi,200,38044.78
4,128,3875,samsung,64,22614.69
8,512,3413,oneplus,200,37513.43
6,512,4667,apple,200,67450.6
4,64,4562,oneplus,12,21151.48
12,512,3038,oneplus,12,32685.81
4,64,4813,oneplus,200,30327.01
4,512,4302,oneplus,12,28195.52
8,128,3978,oneplus,12,20457.27
16,128,3670,oneplus,48,32493.01
6,256,5096,samsung,12,24975.27
12,256,5234,oneplus,200,41489.07
16,64,3911,apple,64,59093.5
6,256,3022,oneplus,12,27398.43
12,128,4022,apple,64,55922.61
12,512,4206,apple,12,64665.56
8,256,5520,oneplus,108,33097.54
16,512,3583,apple,108,68971.7
16,128,3374,samsung,64,30094.67
6,128,3291,xiaomi,200,28350.75
4,512,5535,xiaomi,64,31001.3
6,256,3268,apple,12,51919.56
6,64,4100,apple,108,54499.82
16,64,4641,apple,64,60416.36
16,128,4415,xiaomi,200,37126.91
12,512,3111,samsung,200,38342.24
4,512,3056,xiaomi,12,24033.41
8,512,3938,apple,12,58206.85
8,64,3062,apple,108,52528.38
16,256,3877,xiaomi,48,31710.25
6,256,3543,apple,64,52394.52
4,256,4045,oneplus,48,23796.71
8,64,3126,apple,64,49948.35
8,256,5795,samsung,64,31509.83
16,128,5299,samsung,64,33263.99
12,256,4859,samsung,200,38472.34
12,128,4220,xiaomi,200,32264.18
8,128,5371,samsung,64,26105.86
16,256,4539,samsung,12,32917.2
8,256,3060,samsung,200,35680.93
4,256,4500,samsung,48,23094.22
4,512,3026,xiaomi,12,22025.95
6,256,5338,apple,64,56906.09
12,64,4385,samsung,108,31391.82
4,64,3893,apple,64,50290.79
6,256,5823,xiaomi,64,27724.73
12,256,3428,oneplus,48,30859.63
12,512,4341,oneplus,12,35366.89
16,256,5737,oneplus,108,38757.87
4,128,3493,apple,12,45907.96
4,64,3589,samsung,64,19156.45
8,128,5558,oneplus,48,27740.07
6,512,3217,samsung,64,35176.47
6,256,4774,xiaomi,108,30002.24
8,64,5393,oneplus,48,25539.56
6,64,5949,xiaomi,48,21446.52
16,256,4532,apple,108,64954.46
12,64,3778,samsung,200,31366.54
4,512,4289,samsung,12,28215.35
6,512,5885,oneplus,64,36536.39
6,256,5379,samsung,200,36501.92
6,512,5699,xiaomi,108,34253.64
8,256,3552,samsung,48,26793.52
12,512,3765,samsung,64,35762.43
4,64,5665,oneplus,200,31617.95
16,512,3714,apple,12,63976.77
4,256,4564,xiaomi,12,20772.16
16,512,3779,samsung,108,40077.0
4,128,5423,oneplus,64,23079.45
8,512,4524,apple,12,57752.64
8,64,4713,samsung,48,24402.42
12,128,3999,samsung,64,28813.31
4,128,4042,xiaomi,108,24021.83
4,256,3930,apple,48,52818.19
12,64,4105,xiaomi,48,24391.92
4,64,5615,samsung,108,26940.14
8,512,5302,samsung,64,33890.95
16,256,4975,samsung,200,42670.47
8,256,3757,apple,108,58308.38
12,64,5502,oneplus,48,30040.82
16,256,5684,samsung,12,35259.93
6,256,5429,samsung,48,27016.32
4,512,4350,xiaomi,48,26700.36
8,128,3275,apple,48,49862.43
16,512,5557,xiaomi,48,39535.88
6,128,3842,xiaomi,64,20104.43
16,128,4200,samsung,108,34566.77
4,128,4690,oneplus,48,21974.79
4,256,5399,samsung,48,24845.66
12,256,4856,oneplus,48,30057.97
6,256,4886,samsung,12,25749.51
8,256,4363,oneplus,12,24567.79
8,256,3552,samsung,64,26428.72
4,256,5245,xiaomi,108,28558.0
8,128,5269,samsung,12,25265.79
12,512,3109,samsung,48,33122.59
12,512,5879,oneplus,200,45909.55
4,256,5341,xiaomi,64,22596.57
16,256,3458,apple,12,60310.35
8,64,3263,oneplus,200,28590.44
16,64,5878,samsung,48,33131.11
8,256,5138,xiaomi,12,25968.21
16,128,5465,apple,200,67456.41
16,512,4780,samsung,200,47168.61
16,64,4155,oneplus,64,29803.28
4,64,3267,apple,200,53128.48
6,512,4094,samsung,48,32189.76
4,512,5615,xiaomi,64,28971.57
4,512,5896,oneplus,64,35521.11
16,64,5675,apple,108,65936.32
8,64,4176,samsung,64,25171.69
8,512,3707,apple,48,60650.44
8,256,4627,samsung,108,29444.14
12,64,5719,oneplus,200,36539.88
8,128,3829,samsung,108,26376.16
6,512,3950,xiaomi,200,35547.76
16,128,3361,xiaomi,48,29983.36
12,256,4498,xiaomi,64,28982.78
4,64,3664,oneplus,64,21949.62
8,64,4940,samsung,64,23851.5
12,128,4308,samsung,12,26749.66
4,256,3985,oneplus,12,23025.37
8,128,3457,samsung,200,32620.72
4,256,4866,oneplus,48,29284.58
12,128,5358,xiaomi,200,36457.88
8,128,3493,samsung,64,19155.21
12,128,5177,samsung,200,35249.03
6,128,4537,oneplus,12,22048.47
6,512,5092,apple,64,59968.74
6,128,3411,apple,64,52517.62
6,512,5274,samsung,108,35290.92
16,256,5535,samsung,64,36334.86
8,512,3674,xiaomi,108,33332.14
12,64,4605,xiaomi,12,22207.98
12,64,5452,oneplus,200,39021.3
12,64,4755,xiaomi,108,28421.48
8,64,5514,apple,12,51663.56
4,256,4383,oneplus,108,27813.07
16,64,4606,xiaomi,64,30407.61
4,64,3349,oneplus,48,18691.04
4,64,4351,samsung,48,20607.48
16,512,4896,apple,64,67259.02
4,512,4433,oneplus,200,37835.25
8,512,5361,samsung,108,38197.91
6,512,5976,samsung,200,40597.52
12,256,4203,samsung,12,28933.34
12,512,3834,oneplus,48,34768.39
4,64,3703,samsung,200,26889.1
12,64,5219,apple,12,52966.73
12,256,5679,samsung,200,39917.1
12,512,5586,xiaomi,64,37240.32
4,512,5177,xiaomi,200,38091.64
8,64,4764,samsung,200,31784.51
16,64,5516,xiaomi,48,26901.55
4,256,4804,samsung,200,30118.04
12,512,5006,xiaomi,108,35400.72
4,256,3269,oneplus,108,28421.63
8,64,3360,xiaomi,48,23012.36
8,256,5515,samsung,64,31349.07
6,64,5070,samsung,200,31098.36
16,128,4621,oneplus,108,35440.97
12,64,5407,samsung,12,26926.21
12,128,5484,xiaomi,48,27048.96
4,128,5978,oneplus,200,35046.44
16,256,3978,samsung,200,40592.52
4,64,5642,samsung,200,30807.82
12,64,3544,oneplus,108,28711.55
6,64,3471,apple,64,48199.95
12,256,3658,apple,64,58686.04
4,64,3155,xiaomi,12,15734.32
4,64,5808,oneplus,64,24767.99
16,512,5977,samsung,12,41537.06
12,512,4871,samsung,108,36724.53
4,128,4872,apple,108,53564.86
6,256,5090,samsung,64,27182.8
6,128,4538,apple,200,55967.17
16,256,4178,xiaomi,48,30734.75
12,256,3094,xiaomi,108,28148.53
8,128,4213,xiaomi,12,21195.14
12,512,4649,oneplus,48,37577.85
16,128,3510,xiaomi,48,27817.07
12,64,5911,oneplus,12,28850.61
16,128,5946,oneplus,108,39276.05
6,512,5620,apple,108,65040.09
8,256,5070,oneplus,108,31844.63
4,512,4117,samsung,12,26167.08
12,256,3781,xiaomi,200,36532.85
16,64,3108,samsung,12,24253.38
6,128,4778,samsung,108,26354.87
4,64,5779,samsung,64,27430.62
12,512,3278,samsung,200,42313.8
16,256,3897,samsung,108,34626.74
6,256,5219,apple,12,54698.48
12,512,5072,xiaomi,48,34135.18
16,256,5478,apple,48,63648.06
4,64,4431,xiaomi,48,15897.01
4,128,3591,apple,108,51992.21
16,128,5048,samsung,64,36331.94
4,64,5889,apple,200,58947.27
4,512,5961,xiaomi,108,30885.09
4,64,4120,apple,48,47926.73
4,256,3984,xiaomi,200,29233.79
16,64,5495,samsung,108,31617.55
12,64,5654,xiaomi,200,34386.96
6,64,5106,samsung,108,23893.76
8,128,5394,oneplus,12,27209.82
12,128,4071,xiaomi,200,30398.35
12,256,3906,samsung,108,34195.53
8,64,4294,apple,108,56456.73
8,64,3108,xiaomi,200,28080.48
8,512,5091,oneplus,200,42583.79
4,64,3126,xiaomi,200,23994.38
16,256,4209,samsung,64,33486.07
8,128,5274,xiaomi,64,26257.08
16,128,3607,samsung,108,35603.53
12,128,3604,xiaomi,12,21756.68
8,512,5947,xiaomi,64,35905.86
4,256,3040,apple,200,57577.63
16,256,4774,samsung,64,33495.43
12,512,3400,apple,200,71165.27
4,256,4746,samsung,48,28756.39
12,128,5366,xiaomi,48,25853.8
6,512,4085,samsung,200,37666.24
12,256,5853,samsung,48,32630.26
6,256,3336,samsung,48,23012.28
12,512,3665,samsung,64,35164.87
16,128,3341,xiaomi,200,34529.93
6,512,3564,apple,64,58244.96
16,128,3976,samsung,200,35819.42
4,128,3457,apple,108,53103.61
12,128,3958,xiaomi,64,27741.5
4,512,5123,samsung,200,42356.54
4,64,5582,xiaomi,64,20810.97
6,256,4783,apple,48,50229.81
16,256,3220,xiaomi,12,29115.9
8,64,5505,xiaomi,48,21334.93
4,512,3141,samsung,108,30098.79
16,512,3866,xiaomi,12,31831.75
12,128,5674,samsung,64,31058.99
4,64,4790,xiaomi,12,19011.9
8,256,5752,oneplus,200,38486.07
12,256,3337,oneplus,108,32823.6
4,128,3460,samsung,200,28848.71
12,128,4990,oneplus,48,27816.68
12,256,5941,apple,108,63311.97
12,256,3583,xiaomi,200,36982.21
16,512,3901,xiaomi,64,34917.59
16,512,5718,samsung,64,41643.42
6,64,4046,oneplus,200,30311.87
16,128,5073,samsung,200,39555.14
6,256,3472,samsung,108,28770.35
4,128,4307,xiaomi,12,19222.69
4,128,4170,oneplus,108,25536.57
4,512,3760,samsung,48,29223.92
8,256,4020,samsung,64,26460.89
12,128,4741,apple,200,63767.05
6,512,4506,samsung,200,40720.52
12,512,3524,xiaomi,200,39117.85
4,64,5023,xiaomi,48,19283.23
4,64,5083,apple,200,56492.89
12,64,3966,samsung,48,25105.96
16,512,4671,apple,64,67833.12
16,256,5179,samsung,200,41154.52
4,512,5025,oneplus,200,37138.06
6,128,5269,xiaomi,64,24210.07
16,128,4564,xiaomi,108,35162.31
6,64,5107,xiaomi,48,21161.46
16,64,5056,oneplus,12,29562.67
4,256,4728,oneplus,200,30186.39
12,128,3059,samsung,48,26096.87
16,512,5217,samsung,48,40783.78
8,256,3080,samsung,200,32107.04
12,256,3725,apple,48,57266.92
12,256,4768,xiaomi,108,35096.13
4,256,3734,oneplus,64,26376.77
4,128,3313,xiaomi,64,16672.95
16,512,3395,oneplus,12,37175.64
8,128,4318,xiaomi,200,29853.97
12,128,4092,oneplus,48,27039.33
8,256,3491,xiaomi,200,29710.26
6,512,4350,xiaomi,64,29094.95
6,128,4372,oneplus,108,23997.08
4,128,3921,apple,48,49629.84
16,256,3114,samsung,200,41091.75
12,256,3737,xiaomi,64,30088.81
16,128,4763,samsung,64,29377.48
12,512,3149,xiaomi,64,30748.53
8,256,3187,samsung,200,35601.73
12,256,3587,xiaomi,64,29910.31
16,512,4548,apple,48,69780.79
8,64,5356,samsung,200,30916.0
8,64,3773,xiaomi,200,27956.8
16,128,5110,xiaomi,48,30974.11
16,512,5333,samsung,108,41075.58
12,256,5178,samsung,12,32001.54
6,512,3839,samsung,64,29738.1
8,64,5149,samsung,108,28857.64
4,64,3405,samsung,200,26893.35
16,128,4461,samsung,200,40477.89
4,512,4953,oneplus,200,39379.59
16,256,4743,apple,12,61297.44
12,256,4135,oneplus,64,30374.97
4,64,4636,samsung,108,22806.7
8,64,3961,apple,200,57706.6
12,256,4515,samsung,12,32050.53
6,64,3584,xiaomi,64,18584.88
12,512,5731,apple,200,69387.26
6,64,5059,oneplus,48,23200.15
16,128,4507,oneplus,64,34280.26
4,256,3259,oneplus,200,29057.57
6,512,5457,xiaomi,12,25436.8
12,128,4363,samsung,108,33927.74
16,128,5248,xiaomi,108,33697.15
8,64,5532,samsung,12,22728.07
12,512,3455,apple,48,63679.12
16,512,5216,apple,64,69341.68
12,512,4889,samsung,12,33666.96
8,256,3490,samsung,108,27902.86
8,128,3192,oneplus,48,22196.17
4,512,5266,oneplus,48,32443.57
8,256,5073,apple,108,59549.36
16,128,4193,apple,64,57689.48
8,256,4394,xiaomi,108,29495.87
4,64,4705,apple,64,50171.6
12,128,4142,apple,200,63733.06
6,512,3495,apple,64,55806.5
12,64,5754,samsung,12,28372.78
6,64,3972,samsung,200,30124.26
12,512,4911,xiaomi,108,39991.97
12,256,5949,oneplus,200,42903.82
16,512,3871,xiaomi,200,44044.25
12,512,5435,apple,108,68916.59
6,512,5626,samsung,200,40410.37
12,64,3674,xiaomi,48,23005.92
12,512,5957,apple,64,67843.09
4,64,5159,xiaomi,12,18268.26
16,128,3585,samsung,64,29553.65
8,64,5519,samsung,108,27720.46
6,256,4270,samsung,64,24304.14
6,64,4193,apple,12,47601.09
6,256,3061,samsung,48,23251.59
12,128,4775,samsung,64,32565.21
8,64,4470,xiaomi,108,23183.57
8,64,5047,apple,108,55632.23
16,128,5385,apple,12,55203.76
16,64,4506,xiaomi,48,31072.21
4,512,5228,samsung,48,29437.85
6,128,5712,oneplus,64,28053.48
6,512,3959,apple,12,57183.89
16,512,5344,xiaomi,200,45950.31
16,64,5814,oneplus,108,39289.69
8,128,3730,samsung,200,31050.7
16,64,4277,samsung,64,31112.57
16,128,3059,xiaomi,64,29313.52
8,512,5849,oneplus,200,41037.28
8,512,5354,xiaomi,12,29371.52
4,128,4729,xiaomi,108,22754.85
6,128,5010,apple,108,52705.82
16,512,4021,samsung,48,39357.65
4,256,5437,xiaomi,108,26072.08
6,64,4280,samsung,200,29383.81
4,64,4356,oneplus,64,22668.67
6,128,5397,xiaomi,64,24917.5
8,512,4264,apple,12,58804.45
4,256,3258,xiaomi,200,30474.15
6,64,4012,oneplus,48,22393.89
16,512,4800,samsung,108,45601.01
16,64,4563,xiaomi,108,30267.14
4,128,5532,samsung,64,25385.48
16,512,3584,xiaomi,200,45393.72
12,512,5428,oneplus,64,38130.8
8,128,5053,xiaomi,48,22275.28
8,256,5210,oneplus,108,32642.0
16,512,4324,samsung,200,44742.06
16,64,4924,apple,64,56143.01
4,256,3529,oneplus,12,22113.61
6,128,3825,oneplus,12,23120.35
12,512,3736,samsung,12,33150.52
12,64,3980,samsung,64,28486.54
6,256,4995,samsung,12,24813.91
8,128,5788,oneplus,48,28111.08
8,512,3347,xiaomi,64,30903.2
16,128,5416,apple,12,58875.55
12,256,4064,samsung,48,29855.95
16,512,4516,samsung,200,48194.75
16,64,5462,xiaomi,12,28078.24
8,64,3608,xiaomi,64,20950.55
12,64,5592,oneplus,48,29307.93
8,64,5313,apple,64,54040.02
4,64,5435,samsung,12,21938.21
4,128,5997,xiaomi,48,22150.71
4,128,4788,samsung,108,25071.47
4,128,3232,xiaomi,108,21622.84
4,128,5447,xiaomi,200,29689.47
8,256,5497,xiaomi,64,28799.48
12,128,4230,samsung,12,28365.92
16,64,3588,oneplus,12,28136.57
16,128,4909,xiaomi,200,36013.07
8,256,3978,oneplus,200,34023.17
8,256,5389,oneplus,108,30257.51
6,64,5016,samsung,200,33509.82
8,512,3813,xiaomi,48,28759.86
6,64,3234,xiaomi,200,24946.25
16,256,5805,apple,64,65316.53
4,128,3759,samsung,12,21518.65
12,256,4582,xiaomi,108,31041.42
8,64,3777,apple,48,49603.36
16,64,5962,samsung,12,31919.35
4,128,3503,samsung,108,23651.75
16,64,5051,apple,64,59338.58
4,64,5747,samsung,12,19462.22
8,512,5929,xiaomi,48,32206.31
16,128,5004,samsung,12,30312.83
16,128,3335,samsung,48,29657.15
8,512,5773,oneplus,48,33507.98
12,64,5183,apple,200,63458.02
8,64,3714,xiaomi,12,18997.14
12,512,3769,xiaomi,12,31606.13
6,256,3103,apple,64,52485.39
8,64,5017,xiaomi,48,23230.87
6,512,3448,samsung,12,25775.58
16,256,5121,samsung,48,36499.76
16,512,5920,xiaomi,200,44314.42
4,256,4594,oneplus,48,24659.23
8,128,5942,samsung,64,27382.68
16,512,5072,xiaomi,108,41841.36
6,512,4266,xiaomi,48,25932.54
6,128,4897,oneplus,12,22732.12
8,512,3301,oneplus,48,32059.46
16,128,5110,xiaomi,12,26773.28
12,128,4421,apple,48,55637.85
8,64,5171,samsung,200,30782.15
4,64,4370,oneplus,48,21281.58
4,64,5197,xiaomi,200,27573.5
12,128,4788,oneplus,200,38345.73
16,128,5713,apple,108,66325.84
12,64,3968,oneplus,108,32813.11
8,512,5992,oneplus,12,32869.29
16,64,5554,xiaomi,12,29236.43
12,128,3793,xiaomi,200,31445.29
16,128,3624,samsung,48,30362.57
12,128,5686,samsung,64,33796.44
8,128,4086,samsung,64,27047.83
8,512,5213,samsung,108,38110.31
16,128,3105,xiaomi,12,30426.01
4,256,3194,apple,64,48952.47
6,128,5744,xiaomi,108,25963.11
6,256,5057,apple,64,53597.9
6,128,4996,oneplus,200,32897.47
6,128,5175,xiaomi,200,31322.16
12,512,5072,apple,108,67776.91
6,512,5522,samsung,12,29888.83
8,128,3602,xiaomi,200,29892.23
8,256,5562,xiaomi,64,28821.48
4,512,3939,xiaomi,200,33830.8
6,64,5197,oneplus,200,31321.78
8,64,3039,apple,12,45368.06
6,64,4587,xiaomi,48,21001.18
8,512,4406,xiaomi,12,29481.79
16,128,3067,xiaomi,48,26104.5
6,128,5252,samsung,108,27852.14
12,128,4710,xiaomi,108,29590.79
6,256,4441,xiaomi,12,21866.64
8,256,3662,oneplus,200,37677.47
16,512,3009,xiaomi,48,37770.87
8,512,3020,xiaomi,108,33523.19
12,128,3275,xiaomi,48,25819.77
8,64,4046,apple,64,54074.79
4,512,3156,samsung,200,35905.59
6,256,3557,xiaomi,108,24622.95
4,256,5992,xiaomi,64,28319.89
12,128,5883,samsung,12,30601.84
8,64,5563,oneplus,200,32898.64
12,64,5186,xiaomi,12,23580.67
16,128,4401,samsung,64,30458.37
12,512,5858,apple,200,73081.66
4,512,4547,oneplus,200,37762.57
6,128,5320,xiaomi,108,26421.94
12,64,3581,xiaomi,12,22556.58
6,256,4775,apple,108,58295.73
16,256,4776,samsung,108,38200.36
8,128,4190,xiaomi,12,20923.98
16,128,5687,samsung,200,40648.04
4,512,3532,samsung,64,29403.25
16,128,3108,samsung,12,26937.95
12,128,5152,apple,12,56120.27
16,512,5390,xiaomi,108,40423.75
4,256,5004,xiaomi,108,25457.62
12,128,5181,apple,64,59201.91
4,512,3708,oneplus,48,31634.47
12,256,4846,xiaomi,200,36662.8
16,128,5475,xiaomi,64,31978.36
6,512,3238,samsung,64,30052.83
8,512,5693,xiaomi,12,29571.23
16,128,3737,oneplus,200,41894.83
8,256,5116,xiaomi,200,32458.25
12,128,4126,apple,12,56545.14
4,256,4384,xiaomi,64,23906.84
16,256,5613,xiaomi,48,33483.03
8,256,4749,samsung,108,29009.27
12,64,5685,samsung,64,30307.0
6,128,5439,apple,48,54082.64
8,256,3115,xiaomi,108,25353.11
16,512,4511,samsung,48,39280.02
8,128,3287,samsung,200,32607.12
12,128,3774,apple,108,55722.34
16,256,5594,xiaomi,48,36283.66
6,256,3764,samsung,48,25079.86
4,256,4650,oneplus,108,29409.06
6,512,3373,xiaomi,64,26017.87
8,256,5523,xiaomi,48,24511.24
8,512,3299,oneplus,48,30489.32
12,256,3741,oneplus,64,32277.61
4,128,4776,samsung,64,23178.44
12,512,3842,oneplus,64,37232.16
6,128,4888,samsung,64,25859.04
8,64,3215,samsung,12,17732.59
4,256,4940,xiaomi,64,19680.28
12,256,4320,xiaomi,64,29407.68
12,512,5976,samsung,64,38918.81
8,128,4220,xiaomi,108,26112.96
16,256,5336,apple,48,63514.78
6,128,3721,apple,108,53724.55
4,512,4019,oneplus,12,27646.27
8,64,5541,xiaomi,12,21545.64
16,64,3115,samsung,12,28434.99
4,128,3224,xiaomi,12,17195.51
4,512,4574,xiaomi,12,24793.04
12,128,3164,xiaomi,200,33610.51
16,256,5034,samsung,108,37000.06
8,256,3499,apple,200,62803.24
8,512,4832,apple,64,61130.19
12,128,4320,apple,200,63155.96
6,512,4914,oneplus,12,30320.82
4,64,5049,xiaomi,48,20173.05
4,128,4159,xiaomi,48,20417.96
6,256,5238,samsung,200,35019.97
6,64,4299,samsung,12,23568.54
4,256,3913,apple,12,47068.3
8,256,3853,apple,200,61222.47
8,512,4494,xiaomi,64,29807.45
16,512,3842,samsung,200,47968.08
6,128,3490,xiaomi,108,22307.62
16,512,5327,xiaomi,64,39109.06
4,64,3448,xiaomi,108,16366.96
8,64,4347,apple,48,52032.92
6,64,3645,apple,48,49974.63
16,512,3607,samsung,48,39168.16
4,64,3249,samsung,200,26242.47
12,128,3326,xiaomi,108,26692.39
16,256,3911,apple,200,69340.7
16,64,3415,samsung,108,29586.06
8,256,5400,apple,12,58178.83
6,64,4174,samsung,108,24564.69
8,64,4891,samsung,12,21445.74
16,64,3576,oneplus,48,28577.39
6,256,3071,apple,200,57868.85
16,512,4515,oneplus,200,48372.01
12,256,5981,samsung,200,43280.18
8,512,3180,xiaomi,12,25573.47
12,512,3795,apple,108,67495.62
4,256,3262,samsung,48,25551.46
6,64,4160,apple,108,54542.41
16,256,4607,samsung,200,41241.33
8,256,3205,oneplus,48,24640.12
4,256,5213,apple,200,60578.13
12,256,5695,xiaomi,12,32255.98
16,128,4493,oneplus,108,36392.03
6,128,4712,samsung,108,26945.32
12,512,4401,oneplus,108,39528.69
12,256,3464,apple,64,59364.07
12,256,5805,apple,200,64519.06
16,256,4798,xiaomi,108,33237.94
16,64,3266,apple,200,66810.22
16,512,4279,apple,48,68337.18
12,256,3005,apple,48,58035.2
16,64,4279,apple,48,56576.27
8,64,3342,oneplus,108,25625.33
6,128,4426,apple,64,50521.88
8,64,3371,samsung,108,23884.31
6,64,3976,xiaomi,64,20909.81
16,256,5236,xiaomi,48,31753.44
6,256,3905,apple,108,57578.21
12,128,5946,apple,48,57892.42
4,512,3071,samsung,48,28313.7
16,64,4847,samsung,64,32500.34
12,256,4116,xiaomi,108,31663.76
6,64,3257,xiaomi,64,19520.01
8,256,4027,samsung,64,26887.82
16,128,5551,oneplus,48,32010.8
12,64,4145,samsung,200,30930.69
4,64,3412,oneplus,200,29311.55
8,256,3811,samsung,48,22478.76
6,512,4113,samsung,108,33799.99
4,512,5308,samsung,200,35184.62
8,64,4325,xiaomi,200,29955.25
8,512,4629,samsung,200,38199.95
16,64,5431,apple,12,58184.95
8,512,3298,oneplus,12,31726.37
8,128,4185,samsung,48,26710.97
16,128,4833,oneplus,200,41479.53
4,256,3067,apple,48,48255.18
4,128,5171,oneplus,64,23356.51
6,64,4340,samsung,12,21042.77
8,64,5026,apple,48,52599.95
8,64,3067,xiaomi,200,25670.4
6,256,3698,oneplus,108,27920.99
6,256,3821,samsung,64,25303.14
6,512,5453,xiaomi,64,31596.8
4,128,5885,samsung,200,33523.52
16,64,3205,samsung,48,29858.08
8,256,5264,oneplus,64,30417.45
8,128,3225,xiaomi,12,19907.74
6,256,5863,oneplus,200,37302.27
6,128,5747,samsung,64,23252.74
8,128,3541,oneplus,64,24771.07
6,256,4093,xiaomi,48,22408.41
8,128,5737,xiaomi,48,25057.39
16,512,3548,oneplus,48,37172.23
4,256,5974,samsung,48,27270.39
16,512,4711,samsung,108,41660.63
16,256,3405,oneplus,108,36342.9
6,256,5130,samsung,64,29704.74
4,64,5706,samsung,12,23113.24
6,128,4486,samsung,108,26986.2
6,512,5740,xiaomi,200,36799.07
8,128,4067,samsung,64,26232.67
16,256,5552,xiaomi,108,36683.03
6,512,4127,samsung,64,28578.58
12,512,5687,xiaomi,108,36809.61
4,256,5722,apple,64,53044.52
6,128,3396,oneplus,108,28986.36
6,64,3224,xiaomi,12,16980.9
6,512,5294,oneplus,64,33698.6
8,128,3365,oneplus,64,25680.98
12,512,4611,samsung,12,33750.16
12,512,4042,oneplus,108,40892.31
8,64,4764,xiaomi,48,21642.61
4,256,5486,oneplus,12,26921.39
4,256,3373,xiaomi,48,21109.15
6,64,3937,samsung,12,18634.8
12,256,4864,xiaomi,12,27064.85
16,128,3230,apple,12,54694.4
6,512,4194,xiaomi,12,28384.96
8,128,3334,samsung,64,24149.94
4,128,4833,samsung,200,31465.41
8,64,3100,xiaomi,48,18401.8
16,512,5437,samsung,48,39502.15
8,128,4432,samsung,200,33012.85
12,128,5022,samsung,108,31734.8
6,128,5041,oneplus,48,27386.97
8,64,3696,oneplus,64,24465.52
6,256,5392,xiaomi,12,23491.9
8,64,3961,samsung,200,32054.36
12,128,3943,apple,200,62297.71
6,256,3335,xiaomi,200,27812.98
16,512,3342,xiaomi,64,37326.32
6,64,3808,samsung,12,19210.68
12,256,5201,oneplus,12,31343.37
4,128,3996,xiaomi,12,16350.13
8,256,3554,samsung,200,31432.93
12,512,4879,xiaomi,108,35307.23
4,128,4280,oneplus,64,22949.08
12,512,4285,xiaomi,48,35093.75
8,128,4039,xiaomi,108,23856.01
8,512,3579,samsung,12,28724.09
8,512,5645,oneplus,48,32530.03
16,256,3817,oneplus,64,32478.3
12,64,4779,samsung,12,23995.55
16,64,4136,samsung,12,28026.75
8,64,5383,samsung,200,32812.46
6,128,5175,xiaomi,12,19295.4
6,512,4979,xiaomi,12,29761.96
12,512,4607,samsung,200,44153.87
4,128,4410,apple,48,48693.4
6,512,4711,oneplus,108,33661.03
4,512,5098,xiaomi,64,29159.87
12,128,5165,apple,200,60985.87
4,64,5633,xiaomi,200,28953.93
4,64,4644,oneplus,108,26605.58
16,64,4155,oneplus,12,27623.73
16,64,5855,oneplus,12,32467.75
6,128,5251,apple,200,59669.81
12,64,4933,xiaomi,12,23265.72
8,64,4729,oneplus,200,31772.82
16,128,3283,xiaomi,108,31984.83
8,64,4428,apple,48,48464.85
6,128,3681,xiaomi,108,24189.85
16,256,3680,samsung,64,32712.18
12,64,5280,samsung,12,27520.31
8,256,3254,oneplus,200,35469.45
16,128,5152,samsung,12,29615.66
16,128,5135,apple,64,62332.51
12,64,3216,xiaomi,12,19911.43
8,512,3624,samsung,64,29615.81
12,512,4805,apple,48,64998.89
4,256,4243,samsung,200,30320.68
4,256,5434,samsung,48,25988.09
6,64,3628,apple,64,49538.02
6,64,5410,oneplus,64,25012.98
4,512,3819,oneplus,48,30544.9
12,512,4559,xiaomi,48,34362.2
12,512,3450,oneplus,64,36959.95
12,512,4175,samsung,12,33816.4
4,256,4797,apple,64,53214.7
12,512,3438,apple,200,70837.5
4,256,5344,apple,48,52228.57
6,512,5786,xiaomi,200,40810.35
16,64,5970,apple,48,59853.03
4,128,3082,samsung,12,17026.85
8,64,4466,xiaomi,48,19761.2
6,64,5744,samsung,108,25696.24
16,128,5632,xiaomi,64,31330.15
16,64,5717,samsung,200,40126.72
12,64,4236,xiaomi,12,22771.31
8,512,5280,oneplus,200,42167.33
16,512,4057,samsung,12,38224.62
6,64,3036,apple,12,47647.05
8,64,4934,samsung,48,24111.52
8,64,5774,samsung,48,26437.7
16,128,4761,xiaomi,12,27483.38
4,256,4063,xiaomi,48,26963.0
6,512,4872,apple,108,62929.68
12,256,5744,samsung,12,32269.92
16,512,5216,samsung,200,49887.39
6,64,4152,xiaomi,64,21096.1
4,128,5052,xiaomi,48,20809.1
12,512,3296,xiaomi,64,33456.51
4,64,5505,oneplus,64,24846.98
8,512,4151,samsung,200,42480.38
12,512,4658,samsung,200,44139.11
4,512,5493,apple,64,61667.85
6,128,5603,xiaomi,12,23016.4
12,64,3401,oneplus,108,30001.2
8,512,3717,xiaomi,108,33961.26
12,512,5558,oneplus,12,36772.14
16,256,4086,samsung,48,31779.03
6,128,4697,apple,64,51208.1
8,512,3592,oneplus,200,36674.71
8,512,3420,xiaomi,12,26142.65
16,256,4432,xiaomi,108,35214.19
16,64,5066,samsung,200,40311.35
16,512,3394,samsung,108,41011.32
12,512,3484,apple,64,61924.88
6,256,4399,oneplus,12,26264.79
6,512,3380,apple,48,60529.74
8,128,3105,oneplus,64,24605.85
16,512,5655,apple,48,70056.78
16,128,4380,oneplus,48,29990.27
16,256,3491,oneplus,64,36767.03
16,512,4323,xiaomi,64,38048.15
16,512,4886,samsung,64,40913.73
16,128,4308,samsung,64,31115.75
16,256,3857,xiaomi,64,30377.13
6,128,5785,samsung,48,24413.45
12,512,5215,oneplus,12,37781.6
12,64,4737,apple,108,58729.96
12,128,5902,apple,12,56752.88
8,512,4195,xiaomi,64,31376.92
8,512,5626,apple,200,69596.45
12,128,4316,samsung,108,30797.71
4,512,3440,xiaomi,12,24236.68
4,64,3847,xiaomi,108,17774.15
6,64,5785,xiaomi,200,29548.17
6,512,5227,xiaomi,108,32505.84
12,512,3540,oneplus,200,42947.03
4,512,3276,xiaomi,48,25535.08
8,128,3619,xiaomi,12,20781.87
16,64,5308,apple,12,57142.6
16,256,5145,apple,200,71621.22
6,256,3229,xiaomi,108,23217.49
4,128,3287,samsung,200,25272.97
16,256,4697,apple,12,61167.27
16,64,4483,xiaomi,200,35947.56
12,512,3396,xiaomi,64,33737.18
4,64,4585,xiaomi,64,19367.77
12,256,4628,xiaomi,200,37329.38
16,128,4477,apple,64,61229.06
6,512,3607,xiaomi,48,27925.97
16,64,4365,apple,200,64325.44
16,256,5259,xiaomi,64,35567.64
16,128,4292,samsung,108,34611.39
4,64,4024,oneplus,200,29032.55
12,64,3903,apple,12,54437.47
8,256,3821,oneplus,48,28113.75
12,256,5911,xiaomi,12,31010.05
4,64,3167,oneplus,108,25908.04
8,128,3990,oneplus,64,25082.24
4,128,3132,samsung,200,25994.71
12,128,4548,oneplus,12,26683.03
12,256,5911,xiaomi,64,29472.19
4,256,5841,apple,108,57474.88
12,256,5351,apple,48,60061.39
12,256,4575,samsung,108,34972.55
16,256,3515,oneplus,64,33773.29
16,512,3982,xiaomi,48,36074.95
6,256,5610,oneplus,48,28507.79
16,64,5814,xiaomi,108,33824.71
16,512,5960,oneplus,64,43005.19
12,64,4667,apple,12,53949.8
16,512,4716,samsung,48,36960.32
8,64,4674,samsung,48,24732.14
16,512,5806,xiaomi,48,41265.62
8,512,5837,samsung,48,32757.51
16,256,3724,oneplus,12,32257.34
8,128,3646,samsung,108,27069.13
12,512,3904,xiaomi,108,35695.95
12,512,3502,xiaomi,200,37810.92
16,64,4720,apple,108,59563.27
12,128,3754,apple,64,53383.01
8,128,3542,samsung,108,25571.01
16,128,5900,xiaomi,48,30546.57
16,64,3242,apple,12,52632.94
4,256,3097,samsung,12,22125.08
8,128,3607,xiaomi,200,28756.56
16,64,5308,xiaomi,108,34404.43
6,512,5077,oneplus,200,42382.66
16,512,5172,xiaomi,200,45473.12
8,128,3436,xiaomi,64,23012.83
16,256,5358,apple,108,66190.09
16,256,5915,apple,200,70758.63
16,256,3475,xiaomi,48,34017.05
8,128,4042,oneplus,48,25662.05
6,256,3334,xiaomi,200,29919.82
8,128,5262,samsung,48,27163.7
12,256,5589,apple,64,62286.11
16,128,4311,samsung,48,33211.41
4,64,3411,apple,48,46913.49
12,256,4863,xiaomi,12,30693.89
16,128,5395,xiaomi,108,33512.31
16,128,4137,samsung,108,35030.95
16,128,4495,apple,12,54618.25
4,256,3270,samsung,48,22604.7
8,64,3360,samsung,108,23702.45
8,128,4469,xiaomi,108,28546.07
6,64,3032,xiaomi,108,20095.33
12,512,5473,samsung,108,38987.48
12,512,4228,oneplus,12,37007.53
4,256,4221,xiaomi,200,33106.66
4,128,4157,oneplus,108,23737.24
4,256,3318,xiaomi,200,30659.79
4,256,3556,xiaomi,108,23870.36
8,128,3873,samsung,48,25286.01
6,128,5155,oneplus,12,23582.91
4,64,3677,oneplus,12,21500.48
4,128,3534,apple,108,52014.12
8,256,5806,oneplus,64,31807.37
8,512,4672,xiaomi,12,28770.36
4,128,5104,oneplus,64,25931.33
6,256,4408,oneplus,108,30886.77
8,128,5723,apple,12,53809.56
8,64,3844,oneplus,64,24422.98
8,512,3569,samsung,108,28868.52
8,64,3278,samsung,200,30297.13
16,128,3896,apple,12,54627.35
16,128,5710,xiaomi,200,37654.96
4,64,3080,xiaomi,48,16727.69
8,512,3088,samsung,48,29001.18
12,256,4876,oneplus,64,34182.85
12,64,4572,xiaomi,48,25505.69
12,128,3034,xiaomi,48,21816.31
16,64,4290,apple,200,65123.77
8,64,3097,apple,64,49422.05
8,64,3406,xiaomi,108,22780.23
4,64,5353,samsung,48,21437.21
12,64,4526,apple,12,50637.4
6,128,5551,apple,200,62347.29
8,512,5497,apple,200,69306.07
16,256,5978,oneplus,108,39198.26
4,256,4580,xiaomi,200,30488.35
8,128,4709,samsung,64,27424.72
4,256,4244,xiaomi,48,21898.4
12,512,5268,apple,200,70360.22
6,256,4197,apple,12,50383.65
4,256,3928,xiaomi,12,18018.59
8,128,5925,xiaomi,108,28731.13
16,64,5980,xiaomi,64,32890.51
6,128,5239,xiaomi,12,21001.56
4,512,4780,xiaomi,64,32107.38
12,128,5357,oneplus,48,31011.77
16,128,5949,samsung,64,33510.22
8,128,5628,samsung,200,32661.75
4,512,3315,samsung,48,29066.29
12,256,4872,samsung,12,30244.9
8,128,3529,samsung,12,22975.08
6,128,4931,xiaomi,12,20789.7
16,64,4297,oneplus,64,30489.37
6,256,5366,apple,108,55274.87
6,64,5090,xiaomi,108,22736.02
4,512,5942,xiaomi,48,29567.93
4,512,5149,oneplus,64,30671.52
6,256,3196,xiaomi,108,24329.11
4,64,3206,samsung,64,22469.81
12,512,4846,samsung,64,37395.66
6,64,3012,xiaomi,64,18468.57
6,64,5720,xiaomi,48,20631.18
8,256,4594,xiaomi,12,21950.22
8,512,3062,xiaomi,48,27290.81
16,256,5182,xiaomi,200,42488.85
12,64,4343,apple,200,62262.26
16,64,5892,samsung,48,32785.72
6,128,5427,apple,64,55093.6
6,64,3405,xiaomi,64,20035.9
12,512,3990,samsung,64,37839.88
6,128,4043,apple,200,55585.11
4,512,4871,oneplus,48,32950.13
8,512,4084,xiaomi,200,39556.55
8,256,5664,apple,64,58169.27
4,64,5011,oneplus,200,32286.09
8,128,4227,apple,108,55830.74
6,256,5257,samsung,200,33463.77
4,64,4099,xiaomi,64,17109.5
8,64,3126,xiaomi,12,16591.61
6,256,3077,xiaomi,48,25500.74
16,512,5671,apple,12,62777.83
6,64,3747,oneplus,64,21788.04
8,128,3753,xiaomi,64,25501.92
4,128,3128,samsung,12,17076.07
6,128,3045,oneplus,200,32130.88
6,64,3858,samsung,64,22057.36
8,128,4460,samsung,108,29006.4
4,64,4609,oneplus,48,21935.66
4,512,5190,xiaomi,200,38265.04
6,64,4903,xiaomi,48,22123.56
6,128,3019,samsung,108,23605.14
4,128,5913,samsung,12,23340.6
12,512,4444,samsung,48,36528.27
4,128,4398,xiaomi,48,19030.34
16,512,3099,xiaomi,200,42727.35
4,64,4163,apple,64,47209.48
4,64,4721,xiaomi,200,27796.86
16,256,4653,samsung,64,33831.34
16,256,4259,oneplus,48,32656.44
16,256,4061,samsung,200,42581.48
4,256,3625,apple,48,51504.56
16,64,4835,xiaomi,12,26532.7
8,256,4155,samsung,48,27871.32
6,256,5754,xiaomi,12,21463.98
8,64,5748,samsung,200,34020.78
4,512,4607,apple,12,54599.46
12,128,4048,samsung,48,27568.89
6,128,4446,samsung,108,27550.55
12,512,3980,oneplus,12,35453.33
6,512,4715,samsung,64,32223.24
4,128,3467,samsung,64,21831.04
4,512,5044,oneplus,108,33394.5
12,256,5114,oneplus,64,30653.35
8,512,3127,samsung,200,36639.89
16,512,4302,samsung,12,39800.43
6,512,5401,samsung,48,32289.53
16,256,3487,xiaomi,64,31893.18
6,128,4091,xiaomi,64,23169.3
4,512,4668,xiaomi,200,36753.97
8,256,5360,xiaomi,48,26427.01
4,128,5664,xiaomi,200,26987.24
4,256,4343,oneplus,108,25169.05
6,512,3698,xiaomi,48,28837.52
4,256,3972,samsung,12,21464.99
4,128,4198,xiaomi,200,27630.45
8,64,5829,samsung,48,25984.43
4,256,3956,xiaomi,200,30209.41
8,64,3499,samsung,108,25229.77
16,512,3524,apple,48,68154.6
16,256,3407,samsung,12,31117.46
4,256,5614,xiaomi,108,24969.35
16,128,4675,oneplus,64,35355.18
6,256,3968,oneplus,48,26945.28
12,512,5800,samsung,200,44144.41
8,512,3755,oneplus,200,40937.36
16,256,5464,apple,108,66922.3
4,64,4304,xiaomi,64,18655.12
16,128,4256,xiaomi,200,37717.01
16,64,4669,xiaomi,48,29280.22
4,64,5125,samsung,200,27611.57
4,64,4823,oneplus,200,27691.18
8,256,3677,samsung,64,28068.78
8,64,4477,samsung,12,23085.76
12,256,5318,oneplus,108,35812.42
12,128,5281,xiaomi,12,23316.82
12,128,3046,samsung,64,30949.98
8,512,3726,oneplus,48,34549.77
12,128,3731,samsung,200,35762.83
4,64,4375,samsung,64,22408.68
4,256,4290,apple,48,53379.58
12,64,3227,xiaomi,200,30061.52
8,256,4134,samsung,200,32743.98
8,64,5738,xiaomi,48,21310.15
16,512,4521,xiaomi,108,38559.37
6,128,5051,oneplus,200,35321.81
16,128,5490,samsung,12,32871.21
16,128,4376,apple,48,60944.25
12,512,5916,apple,64,68567.14
12,64,3117,samsung,48,25102.33
8,256,5855,oneplus,200,38781.3
16,128,5930,xiaomi,48,32066.45
16,64,5771,oneplus,108,35551.44
12,256,4531,oneplus,64,33288.21
6,128,3885,xiaomi,200,27824.02
16,256,4638,xiaomi,200,38529.48
16,512,4201,samsung,48,38993.69
16,256,4217,samsung,108,33639.59
4,128,5808,apple,108,55056.97
16,256,3517,apple,48,61604.02
8,256,5174,xiaomi,48,25112.02
16,256,4045,samsung,48,35320.36
8,256,4021,apple,200,62575.35
6,512,3077,apple,108,61727.74
8,512,4767,oneplus,12,32925.85
4,512,5110,apple,200,64763.24
4,512,4639,oneplus,12,27700.91
6,128,3657,apple,200,56811.6
8,128,5848,xiaomi,108,30459.42
4,64,4799,xiaomi,200,26363.64
4,64,5810,xiaomi,12,19617.94
12,64,3766,oneplus,108,29068.46
16,512,4589,xiaomi,48,37723.04
12,512,4387,xiaomi,64,33991.46
6,64,4447,apple,108,53019.03
6,512,5816,xiaomi,64,30037.64
4,128,3594,samsung,12,18846.82
12,512,4754,xiaomi,200,40370.04
16,64,4248,apple,200,64977.78
8,512,4828,apple,64,64005.68
12,512,5581,apple,108,66969.4
4,256,4904,xiaomi,48,20473.74
6,64,4467,xiaomi,12,19417.7
8,256,3997,oneplus,48,28044.74
4,64,4071,oneplus,48,20510.11
16,512,4455,oneplus,48,39390.2
8,256,5880,samsung,12,27364.56
12,128,5984,apple,48,58121.05
6,512,3192,apple,48,58134.38
12,64,4202,xiaomi,64,26430.13
16,64,3316,xiaomi,64,29543.53
8,256,5870,xiaomi,12,24933.54
8,256,5306,xiaomi,64,30599.28
4,256,3760,apple,12,47448.53
4,64,4706,samsung,64,20550.99
12,64,3704,xiaomi,200,27807.59
12,256,4741,samsung,200,39947.11
16,64,3801,samsung,200,39492.84
6,64,5695,apple,200,56482.76
4,64,4401,xiaomi,12,14387.55
6,512,5364,apple,64,59530.12
4,256,3598,xiaomi,48,22790.04
4,512,4354,apple,200,63701.98
6,256,3884,apple,48,53740.09
4,256,4100,samsung,108,26117.07
6,512,5087,xiaomi,200,38253.72
12,64,3538,samsung,48,29811.07
16,256,5854,xiaomi,108,36187.96
12,128,3464,apple,12,50958.39
4,128,4183,xiaomi,64,19927.49
4,128,5977,oneplus,200,30859.96
16,128,3394,xiaomi,108,29100.04
4,64,3596,apple,12,45804.01
6,64,4099,xiaomi,200,27676.72
8,512,5436,xiaomi,200,37739.5
12,64,3343,xiaomi,64,27505.52
16,64,4178,samsung,200,37755.92
16,512,3626,oneplus,48,41134.49
12,64,5575,xiaomi,200,34758.47
12,128,4874,oneplus,108,30165.46
16,128,5422,samsung,12,30747.47
12,256,3581,samsung,48,28918.18
16,128,3453,samsung,200,34067.89
12,128,4668,xiaomi,48,27665.24
12,128,4562,oneplus,64,29361.76
6,256,5485,xiaomi,200,32915.31
8,512,4368,xiaomi,108,32563.75
16,256,3532,samsung,12,32323.34
4,64,5783,samsung,48,23618.23
4,128,3919,xiaomi,48,17750.49
4,512,4441,xiaomi,64,28757.99
4,128,3432,oneplus,64,24182.12
4,128,3302,oneplus,108,22753.97
6,512,5008,xiaomi,64,31690.83
12,512,4158,samsung,64,36275.29
8,64,5432,samsung,12,23612.16
6,128,3544,apple,48,51775.15
12,256,4723,oneplus,12,30409.3
8,64,4129,oneplus,12,20897.81
8,256,5629,apple,64,57260.3
16,64,4505,samsung,64,30542.25
4,512,5452,samsung,200,41610.62
16,128,4022,apple,108,59586.83
12,128,3046,apple,12,52139.18
16,512,4484,apple,12,66794.07
6,64,4572,xiaomi,64,20946.09
12,64,4082,oneplus,48,27107.06
4,128,4112,apple,48,49844.39
8,256,4872,oneplus,64,33371.0
4,128,3220,samsung,48,19171.65
8,512,5958,xiaomi,108,35653.24
12,128,4908,xiaomi,108,29807.08
16,64,3875,samsung,200,35257.43
8,512,5787,apple,200,70280.76
6,512,5375,oneplus,200,39476.19
6,64,5151,xiaomi,12,18034.97
6,256,5531,samsung,12,22613.24
8,256,5965,apple,200,64660.7
4,64,5406,samsung,12,18128.65
4,512,5459,apple,48,60886.51
12,128,3889,xiaomi,108,29061.0
8,64,3932,samsung,200,29016.9
16,512,5419,oneplus,12,40214.9
8,64,3041,xiaomi,48,19600.08
12,128,4151,oneplus,48,27031.01
16,64,4737,xiaomi,48,28556.73
16,128,4709,xiaomi,200,37829.93
6,128,3118,samsung,200,31325.8
4,128,3231,xiaomi,64,17615.49
6,64,4863,xiaomi,108,25209.42
6,64,5189,samsung,108,26777.01
12,256,4923,apple,108,61432.55
4,256,3949,xiaomi,64,23265.0
4,256,3817,xiaomi,64,25514.49
16,512,4731,apple,64,70340.9
4,64,5982,apple,48,50841.6
4,128,5398,apple,64,49423.75
8,512,4714,xiaomi,200,40267.48
12,64,4327,xiaomi,108,26135.91
6,512,3047,apple,64,57008.89
12,128,5785,oneplus,64,31112.64
8,512,4750,samsung,12,30787.61
12,64,3349,samsung,64,26320.58
16,256,3522,xiaomi,12,29416.97
12,256,5451,oneplus,48,35042.53
4,64,5844,xiaomi,108,24385.83
6,64,4397,xiaomi,200,27509.03
12,128,4184,oneplus,200,36594.08
16,128,3340,oneplus,12,29022.85
6,64,3479,oneplus,64,22656.19
6,256,3193,samsung,48,23345.67
16,64,3258,oneplus,200,36654.72
16,256,3522,oneplus,12,33140.24
8,128,4365,samsung,200,30689.45
12,128,4202,apple,12,55730.3
4,64,5096,samsung,12,21527.9
16,64,4182,oneplus,108,32067.49
6,128,4827,apple,108,58360.41
4,512,5827,oneplus,12,28247.22
12,256,4046,oneplus,200,36681.3
6,512,4282,xiaomi,108,30693.94
6,64,5603,apple,108,56462.06
8,64,4599,apple,108,55826.17
8,512,5387,xiaomi,108,36684.93
6,256,5711,apple,48,54732.36
4,64,3226,xiaomi,200,22809.84
16,512,4253,samsung,12,36802.39
16,256,4969,xiaomi,48,32351.16
16,128,5318,samsung,108,34537.84
6,256,3414,samsung,48,23273.98
12,256,4256,xiaomi,12,27421.24
4,256,3388,xiaomi,12,21598.17
8,256,5380,samsung,200,36712.59
6,128,3857,xiaomi,12,19130.45
12,128,5838,apple,48,58992.34
4,256,3201,xiaomi,64,22548.4
16,64,3391,samsung,48,28952.02
12,512,3838,xiaomi,200,40904.88
8,256,5928,samsung,12,27582.98
8,512,3172,oneplus,200,40402.29
12,512,5613,xiaomi,108,37445.38
4,512,4177,samsung,64,29625.29
8,128,5211,apple,200,61010.55
4,256,4306,samsung,64,25598.89
4,512,3325,samsung,64,27692.0
6,512,4625,samsung,64,34119.13
8,512,3733,xiaomi,200,33963.01
4,512,5920,samsung,64,31215.97
12,256,5906,samsung,64,33620.09
16,128,3283,xiaomi,12,25278.33
6,512,4091,apple,12,53844.59
16,64,4347,oneplus,12,29328.63
6,512,3255,samsung,48,30006.79
6,128,5406,oneplus,108,28814.25
16,256,3259,apple,12,58330.06
6,64,5438,oneplus,48,25104.63
12,64,4383,apple,48,54726.69
16,256,4677,oneplus,12,33414.77
4,512,4458,xiaomi,200,35378.61
4,128,4651,xiaomi,108,21468.1
6,512,3069,apple,200,67098.41
4,128,5275,samsung,64,22288.76
12,512,4889,samsung,108,39944.15
6,64,3676,samsung,108,24438.27
8,256,5914,xiaomi,108,30148.8
6,256,5515,apple,64,54957.26
4,256,4929,xiaomi,12,19286.78
4,256,3056,apple,64,49830.78
6,64,3901,oneplus,108,24639.16
12,256,3046,oneplus,48,28481.98
8,512,5085,xiaomi,108,36715.13
16,128,3090,samsung,12,26179.57
8,512,4292,oneplus,12,34746.82
8,64,5758,apple,48,52966.78
16,128,3201,oneplus,64,30762.69
4,128,5148,samsung,12,21605.3
8,512,5858,samsung,48,34724.76
16,256,3524,xiaomi,108,33341.22
6,128,3354,samsung,108,24677.86
16,512,5520,xiaomi,48,38161.31
6,512,4753,oneplus,108,34779.53
8,64,4293,xiaomi,108,24511.23
6,64,5617,xiaomi,200,32593.57
16,64,4995,xiaomi,64,29919.51
6,512,5245,apple,108,63374.47
12,512,4431,xiaomi,48,31816.86
12,64,5995,oneplus,200,38847.59
6,512,3629,oneplus,200,34146.51
8,512,4692,xiaomi,64,32380.49
8,128,5558,samsung,200,33482.24
12,128,5775,oneplus,64,32587.63
16,512,3473,samsung,48,37952.39
8,512,5027,samsung,64,30026.26
8,128,4967,samsung,12,23439.54
4,64,5868,apple,108,52447.48
16,256,3677,oneplus,12,30797.13
8,128,5118,xiaomi,48,25811.19
4,256,4239,apple,200,60675.7
12,128,4931,oneplus,200,33963.27
4,512,5272,apple,200,67643.34
12,128,3052,samsung,108,25195.12
8,64,5945,apple,200,63918.78
16,128,5336,xiaomi,64,30576.44
4,64,5260,xiaomi,200,28219.77
6,256,5302,samsung,64,29078.21
4,256,4538,apple,108,55411.51
6,256,4679,samsung,108,28880.18
16,512,4197,xiaomi,200,45268.55
12,64,3697,apple,200,64421.54
6,256,3318,xiaomi,48,22099.46
8,512,5867,oneplus,200,41468.12
12,128,5410,oneplus,64,30596.59
16,256,4755,oneplus,12,31118.53
4,512,3721,xiaomi,12,24806.73
6,256,3661,xiaomi,64,23106.2
16,256,5122,xiaomi,108,35302.48
6,512,5529,samsung,48,31974.23
6,128,3511,xiaomi,12,19026.32
4,256,4738,apple,48,54413.77
8,64,3038,apple,48,45581.09
12,128,5459,apple,48,59778.9
6,128,3279,oneplus,200,30261.77
8,512,5693,samsung,12,33561.23
12,128,5532,apple,64,56810.43
4,512,5292,xiaomi,64,27277.89
8,64,4012,samsung,200,31323.01
6,256,3727,xiaomi,12,22028.0
16,256,5174,xiaomi,64,32295.89
16,128,3159,oneplus,108,31670.02
12,128,3579,apple,200,59755.52
6,128,4502,apple,108,55339.59
4,512,4886,oneplus,108,32871.25
8,512,4157,xiaomi,48,32052.41
12,256,3600,xiaomi,48,29553.17
6,512,5037,xiaomi,200,38708.49
6,512,4004,xiaomi,200,38324.95
8,64,4117,apple,12,51009.94
6,128,5960,samsung,64,25379.05
16,256,5348,oneplus,64,36952.04
12,256,3077,xiaomi,108,29329.1
8,512,5863,apple,64,62022.6
4,64,4504,samsung,12,19620.42
16,128,3884,oneplus,108,32689.25
8,512,5044,samsung,48,35958.96
12,512,3261,samsung,64,35037.73
4,256,3428,apple,12,50034.36
12,256,4398,samsung,64,33653.51
6,128,3134,oneplus,12,19957.95
12,256,5773,samsung,12,33681.69
8,64,3670,apple,48,47682.12
12,512,3732,xiaomi,64,33672.9
4,64,5298,oneplus,12,22524.04
8,128,3655,samsung,12,21807.66
4,64,3085,oneplus,200,26787.69
6,512,4417,oneplus,48,30908.78
12,512,5900,samsung,64,42811.02
4,128,3483,samsung,48,20845.2
16,128,3496,oneplus,12,29865.15
8,256,4137,apple,108,55732.61
4,256,5479,xiaomi,48,24350.41
8,256,5650,apple,64,58176.95
12,64,3402,samsung,48,24748.39
4,128,5839,oneplus,108,26092.77
8,512,4482,xiaomi,48,28650.09
16,256,3259,samsung,48,34051.58
12,512,4489,xiaomi,108,38689.87
4,256,4584,apple,12,50276.51
12,128,4872,xiaomi,64,29053.5
16,256,3026,samsung,12,28243.72
4,256,3669,samsung,64,24345.9
6,64,3547,xiaomi,48,17523.08
4,128,5400,apple,48,52490.03
6,512,4022,samsung,200,37785.4
8,128,5034,xiaomi,12,18847.45
12,64,5397,oneplus,48,29923.87
12,128,4319,samsung,12,26423.19
12,512,3203,samsung,108,36085.92
8,512,5262,xiaomi,200,39906.74
12,128,5389,samsung,48,29083.85
16,128,3102,oneplus,64,30795.04
16,256,4456,oneplus,200,44494.69
16,64,4287,apple,48,57853.06
8,512,3333,samsung,200,39277.38
6,128,5081,apple,64,54229.3
16,256,3990,oneplus,48,32852.68
16,128,5012,apple,108,63085.11
8,512,5183,samsung,108,37490.43
12,512,5564,xiaomi,200,41587.57
4,512,4369,samsung,48,30168.59
4,128,3382,apple,12,42426.29
16,256,3744,samsung,200,39344.14
16,128,3984,apple,64,58311.01
6,64,3346,samsung,200,25021.23
4,512,4705,samsung,48,31737.02
12,512,5555,apple,200,72321.27
4,128,3171,samsung,48,21378.33
16,512,5058,oneplus,12,39454.0
4,256,4612,apple,200,61806.74
6,256,3716,xiaomi,12,21915.61
4,64,5370,apple,200,58859.9
6,512,5455,samsung,108,36315.94
6,128,5408,samsung,200,29719.83
12,64,4960,xiaomi,64,29140.82
4,64,4221,samsung,108,23030.3
12,256,5988,apple,48,59976.58
12,512,3307,apple,12,58995.75
8,256,3875,oneplus,12,26092.64
6,512,3983,xiaomi,108,33848.59
16,64,3763,apple,108,59824.34
4,128,5582,xiaomi,200,28438.67
8,64,5021,apple,64,55993.71
4,256,3536,samsung,108,25051.07
8,256,4526,oneplus,48,27304.54
8,128,4605,xiaomi,48,23696.84
16,256,4760,xiaomi,64,33694.39
8,256,5691,samsung,200,38724.93
12,128,5691,oneplus,108,36086.49
6,64,5537,xiaomi,64,21591.32
12,256,5370,samsung,64,35292.95
6,64,4420,apple,48,49854.93
12,128,3193,oneplus,108,31893.34
16,512,5360,xiaomi,12,36942.45
16,512,5042,oneplus,48,42814.46
4,64,4164,xiaomi,200,26092.62
6,256,4190,xiaomi,200,31200.03
12,512,4331,samsung,200,43270.47
4,512,4856,apple,200,65704.99
8,128,5151,oneplus,108,29065.62
8,128,5422,oneplus,64,28469.27
6,64,3624,xiaomi,108,23666.7
16,512,4598,apple,48,65730.84
6,256,3518,oneplus,48,27733.78
12,128,4124,xiaomi,12,20968.07
16,128,4854,apple,48,58845.23
16,512,5887,xiaomi,64,39145.98
4,256,3370,samsung,64,22229.75
4,512,3833,xiaomi,64,26174.45
8,64,3811,samsung,200,28652.92
12,128,4069,xiaomi,200,31536.09
6,128,5362,apple,48,53550.69
6,512,5432,apple,200,69738.06
8,512,5191,samsung,64,33840.86
8,256,3613,samsung,200,32925.6
8,64,4713,oneplus,64,27922.97
8,128,4790,apple,12,52791.67
12,512,4240,samsung,108,36472.99
6,256,4125,oneplus,12,26675.87
4,128,5501,samsung,64,24403.63
8,512,5211,samsung,48,34843.9
4,512,3902,samsung,108,29927.39
4,256,3002,apple,64,52751.82
8,64,4370,xiaomi,12,20053.84
6,64,3895,apple,200,56796.81
12,512,3825,samsung,12,31970.19
4,128,5813,samsung,64,26000.97
4,128,3840,samsung,64,21042.81
16,512,3833,xiaomi,200,42912.91
4,64,3323,xiaomi,48,15957.06
8,64,4894,samsung,12,21497.61
8,64,3513,xiaomi,64,20069.06
6,256,4341,samsung,108,27046.99
8,128,3950,xiaomi,108,25353.36
12,256,4677,xiaomi,64,30548.09
16,512,4941,xiaomi,64,38836.28
6,128,3312,oneplus,200,29109.72
16,512,5138,apple,12,64740.48
12,64,5695,apple,12,56066.22
12,128,3965,samsung,12,24653.1
16,512,3378,apple,108,71378.65
8,512,3726,apple,12,54681.21
6,512,5529,oneplus,108,35745.64
8,512,4203,samsung,12,32627.81
8,64,5976,oneplus,64,28296.15
4,512,3200,oneplus,200,39640.04
16,64,5352,samsung,48,31031.02
16,512,3698,oneplus,48,41863.62
12,64,4359,samsung,48,28526.1
6,256,3474,oneplus,12,26551.57
12,128,5245,xiaomi,12,24931.68
4,256,3324,oneplus,48,24845.25
8,128,3478,xiaomi,108,25168.29
8,128,5368,samsung,48,24910.71
8,256,5897,xiaomi,200,34862.11
16,128,5790,apple,12,61085.29
12,64,3860,apple,108,56298.26
16,64,5174,oneplus,200,41860.26
12,64,3357,xiaomi,108,26241.55
8,128,5240,oneplus,12,26492.53
6,256,4816,xiaomi,108,27923.67
8,128,4171,apple,48,54402.43
4,512,5627,samsung,200,38064.2
6,128,4721,samsung,12,22675.21
6,64,5510,xiaomi,200,30296.12
4,128,3846,xiaomi,48,20637.64
4,512,3142,apple,200,63812.68
12,256,5507,xiaomi,200,40277.31
8,256,4429,xiaomi,48,27111.87
6,128,5298,apple,200,60924.0
12,128,4516,apple,200,61362.03
12,256,5000,oneplus,200,40582.67
12,128,5327,apple,64,57872.33
8,512,4800,samsung,108,36223.98
4,512,3075,samsung,200,32163.49
12,128,4813,xiaomi,108,29721.25
6,64,4371,samsung,64,24017.63
4,128,5174,oneplus,12,24041.34
4,256,4134,xiaomi,200,31077.26
4,512,3463,apple,64,59364.09
16,64,5685,oneplus,64,35160.78
6,512,5214,samsung,108,32679.79
12,512,4254,apple,200,70561.07
12,128,5131,samsung,108,32442.82
8,128,4145,xiaomi,12,20081.55
12,128,5587,oneplus,12,31903.71
12,512,3454,samsung,64,34435.46
4,64,3360,xiaomi,12,15227.2
16,64,3371,apple,200,64944.49
4,128,3561,xiaomi,108,23843.7
8,64,4538,xiaomi,108,24038.32
8,256,3322,apple,48,55777.18
8,64,4303,oneplus,48,24074.72
4,64,4109,samsung,48,17426.85
12,64,4962,xiaomi,64,26092.74
12,64,4342,apple,48,54843.47
12,256,5418,xiaomi,200,37455.5
6,128,3534,samsung,64,20141.22
8,128,3143,oneplus,48,23946.75
16,256,4209,xiaomi,48,30996.71
16,64,3476,xiaomi,48,27469.96
12,64,5787,samsung,64,27902.64
4,512,4459,samsung,200,39520.32
6,64,5606,xiaomi,108,24755.22
8,256,5675,oneplus,108,34507.37
4,256,5281,apple,12,50788.14
16,64,5067,xiaomi,200,34726.59
8,512,3980,xiaomi,12,30776.37
16,128,4377,oneplus,48,29818.94
12,64,4959,xiaomi,108,29644.99
8,512,5019,samsung,64,35446.73
12,512,3030,samsung,12,32621.56
12,128,3085,xiaomi,64,26836.8
12,128,4504,samsung,108,29456.85
4,256,3535,oneplus,12,21766.67
8,512,5828,xiaomi,48,32584.29
6,128,4790,xiaomi,108,24014.13
8,128,3305,xiaomi,12,21079.62
16,64,3286,apple,200,62972.09
6,512,3358,xiaomi,64,26852.84
12,128,3138,samsung,200,32643.87
12,256,3130,samsung,64,31698.58
12,256,5466,apple,48,62061.0
6,64,3736,xiaomi,108,21764.96
16,256,3116,apple,108,61775.42
16,64,4399,xiaomi,64,30163.08
6,512,3265,oneplus,48,27893.12
8,128,5728,oneplus,48,25328.17
12,64,5923,oneplus,108,31906.23
8,128,5986,apple,108,58641.96
8,512,3786,apple,64,59956.8
4,256,5107,apple,108,55605.15
6,64,4031,apple,200,55176.75
6,256,3162,xiaomi,200,29900.97
4,64,5109,oneplus,12,21223.06
12,256,4052,samsung,48,31553.76
8,64,5176,samsung,108,28683.44
4,64,4775,oneplus,200,28843.65
12,256,5425,oneplus,64,32410.72
12,256,4416,apple,48,57434.73
4,128,5791,samsung,64,25859.47
8,64,5321,oneplus,12,23335.97
16,128,3290,xiaomi,200,34434.6
4,512,4653,xiaomi,48,29711.09
4,64,4412,oneplus,48,19269.55
4,256,4600,apple,48,51406.63
12,64,4606,oneplus,12,24347.29
12,256,4525,samsung,48,32502.58
12,512,4161,xiaomi,12,31480.05
4,256,4921,apple,12,49722.96
12,128,5215,samsung,108,29996.22
6,512,3430,xiaomi,48,26961.73
8,256,4293,xiaomi,64,26266.38
8,256,3222,samsung,108,28013.11
4,128,5886,xiaomi,108,24991.6
6,256,3323,samsung,108,27170.34
12,128,3710,samsung,108,28533.99
16,128,4254,xiaomi,108,31966.91
12,256,3333,apple,108,60756.68
4,512,3555,samsung,48,28842.59
4,128,5104,samsung,200,32294.11
4,64,5676,apple,108,54953.78
16,256,3943,xiaomi,200,39512.76
6,512,4561,samsung,64,33064.03
8,128,4946,samsung,48,23893.15
12,128,3870,xiaomi,12,21348.63
16,64,5833,apple,200,68129.76
8,256,5964,samsung,48,32360.49
8,512,3967,xiaomi,48,26772.44
8,64,3102,xiaomi,64,20617.5
12,64,5734,xiaomi,64,27563.28
6,256,4728,oneplus,108,28906.48
16,64,3537,apple,48,59875.44
16,256,3828,samsung,48,33190.41
6,512,5568,oneplus,108,35301.9
12,512,3953,oneplus,48,34818.01
12,256,5569,oneplus,12,32733.22
8,512,4568,samsung,48,32474.16
8,512,5200,apple,108,64175.0
12,128,4047,xiaomi,108,27664.33
16,256,3955,samsung,108,36554.17
16,128,5245,samsung,12,28101.84
12,64,4356,apple,108,56083.15
4,128,4073,apple,12,48879.33
4,256,5659,samsung,48,27428.32
8,256,3402,samsung,200,34776.1
6,512,3290,samsung,12,27315.93
16,256,3018,xiaomi,48,27002.58
8,128,5529,samsung,64,26659.84
6,64,4108,oneplus,12,22029.93
16,64,4699,xiaomi,12,26336.85
4,128,3577,oneplus,108,23020.33
16,512,5159,xiaomi,12,35476.24
16,64,4339,apple,12,54576.16
12,64,5931,apple,64,60336.46
8,128,4782,apple,200,62330.14
12,512,4713,xiaomi,200,42262.04
16,128,5904,samsung,12,30821.54
6,128,5195,apple,12,50421.89
12,128,3627,oneplus,12,27642.41
6,128,4396,xiaomi,12,20138.44
12,256,3668,xiaomi,12,26411.47
6,256,3154,samsung,12,21084.43
6,64,5353,samsung,108,28686.76
6,256,5189,oneplus,64,27971.04
12,128,4729,xiaomi,108,29389.9
8,256,4256,xiaomi,48,24927.99
8,128,3673,xiaomi,108,23719.38
6,64,5684,apple,64,52389.59
4,256,3068,oneplus,48,22804.32
16,512,3573,apple,48,66637.7
16,128,3092,xiaomi,200,35480.01
6,64,4172,samsung,108,24876.55
6,256,3668,apple,48,53497.45
16,128,4874,oneplus,108,36759.57
6,128,4231,xiaomi,108,24790.74
16,64,5405,apple,108,63354.64
6,256,4747,xiaomi,48,24414.93
12,64,5395,apple,64,58569.36
6,256,3767,xiaomi,48,22572.52
4,512,5424,xiaomi,48,27441.02
8,512,3960,oneplus,200,39924.57
6,64,3052,apple,48,44868.3
16,512,4349,xiaomi,108,41539.03
8,256,4032,samsung,48,27273.64
16,512,3157,samsung,64,38163.81
4,512,4901,samsung,108,33287.21
8,128,4993,samsung,48,24467.89
12,256,5028,oneplus,48,33828.98
8,512,5685,xiaomi,12,32225.81
16,512,5613,xiaomi,48,39194.15
16,512,4423,samsung,48,42049.79
12,256,5063,samsung,12,30971.12
6,64,4704,oneplus,200,33624.79
12,512,5877,oneplus,48,39895.29
16,256,3023,samsung,12,29995.62
6,512,4379,apple,108,63598.23
4,256,4370,samsung,108,26166.93
6,512,3105,xiaomi,64,28863.16
16,256,5505,samsung,200,44411.8
8,512,4001,apple,108,62048.93
8,128,3518,apple,64,54854.79
6,128,3564,xiaomi,48,17576.78
8,256,5867,samsung,48,31813.7
4,512,3297,apple,200,63189.36
6,256,4252,samsung,108,30734.44
12,128,3105,xiaomi,200,29699.54
12,64,5114,oneplus,48,30397.07
8,512,5689,xiaomi,12,32379.25
8,64,4054,samsung,108,28576.61
12,512,4649,xiaomi,12,31893.6
4,64,3718,samsung,48,18808.08
16,128,5997,xiaomi,64,32528.96
6,64,4048,xiaomi,108,23195.69
12,128,5485,xiaomi,64,28174.05
8,512,4332,apple,64,63938.86
12,64,3154,oneplus,12,22617.24
8,64,3938,samsung,64,25927.44
4,256,3980,apple,48,52749.72
8,64,4465,apple,48,51087.3
4,256,4375,oneplus,12,23564.47
16,128,4671,samsung,48,29282.31
8,128,4732,apple,12,51026.55
8,64,4548,apple,200,58736.76
12,256,5343,apple,64,60391.32
8,64,5642,xiaomi,64,25163.48
12,512,4829,apple,64,64561.45
6,64,3366,xiaomi,108,21098.79
16,256,5013,oneplus,48,33957.8
16,512,4040,xiaomi,64,38572.14
8,512,5443,apple,12,63431.32
4,512,4632,samsung,64,28697.92
4,64,4705,samsung,108,23380.51
12,512,4951,xiaomi,64,32042.22
12,128,5223,xiaomi,12,26247.49
8,512,5930,samsung,64,36243.51
8,128,5318,apple,108,58101.85
6,64,3904,xiaomi,12,14819.07
4,128,3411,oneplus,200,29619.12
6,64,4641,oneplus,48,23701.96
4,256,4588,samsung,12,24687.48
16,256,5923,xiaomi,108,39348.1
4,512,3368,oneplus,48,27293.6
12,512,4310,apple,200,71048.96
12,512,3117,apple,64,61162.69
16,128,5297,apple,108,61543.97
6,256,3533,xiaomi,64,23125.81
6,64,5321,oneplus,12,24337.04
6,64,4583,xiaomi,64,22456.11
8,512,4756,samsung,48,32457.59
8,512,4988,xiaomi,12,27412.68
8,64,5361,xiaomi,12,20501.57
4,512,3346,apple,200,65103.46
4,256,4292,xiaomi,12,17044.15
4,256,5228,oneplus,200,34624.38
4,128,4375,oneplus,12,18164.27
6,128,3836,apple,48,49455.28
16,256,4508,xiaomi,48,30790.47
12,64,4192,samsung,108,30148.58
6,256,5925,xiaomi,12,24485.09
12,128,3798,apple,108,59008.19
12,64,5996,oneplus,12,28552.36
6,128,3192,oneplus,108,24300.05
16,256,3506,samsung,64,33913.51
6,128,4974,apple,64,51630.59
6,256,3791,oneplus,64,25178.45
16,256,4954,apple,12,61948.84
6,128,4874,xiaomi,12,19900.37
8,128,5966,xiaomi,108,27586.01
6,512,4529,apple,200,67016.56
6,128,3506,oneplus,108,25342.73
16,256,4953,oneplus,12,33233.65
4,64,4417,apple,200,55032.27
4,128,4665,oneplus,200,32118.02
8,512,4093,oneplus,64,33318.8
12,512,5907,xiaomi,200,46569.06
6,128,3055,apple,12,47527.72
8,256,3989,xiaomi,48,27207.06
12,128,5744,samsung,12,25512.41
4,256,5478,apple,12,50648.0
6,64,4253,samsung,12,19919.76
16,64,4924,samsung,108,32292.1
16,512,5694,oneplus,108,44767.12
12,512,4113,samsung,200,42288.72
4,512,4324,xiaomi,64,27026.2
4,64,4756,xiaomi,48,16816.49
4,256,3974,oneplus,64,25839.92
8,512,4160,samsung,200,39376.86
12,128,3623,samsung,12,25850.39
4,256,5805,apple,48,54890.88
8,128,4504,oneplus,48,27179.48
8,256,4247,xiaomi,200,33773.92
12,512,3802,samsung,64,35532.55
8,256,3200,xiaomi,64,23709.33
4,512,3568,oneplus,200,34854.7
16,64,3351,apple,12,55508.91
12,512,5719,xiaomi,108,37128.4
4,256,4857,samsung,48,25818.61
4,512,4841,samsung,200,36802.28
6,64,5860,oneplus,108,29515.77
6,256,5127,xiaomi,108,29138.66
16,512,4335,oneplus,200,47071.06
6,256,3639,oneplus,48,24644.91
8,512,5445,oneplus,64,35362.17
4,512,5738,samsung,12,28466.66
6,256,5043,xiaomi,200,31884.67
16,128,3082,samsung,48,30208.52
6,512,4954,oneplus,200,41288.55
6,512,4370,xiaomi,64,28739.08
12,512,4479,oneplus,200,47136.83
12,256,5181,apple,64,60440.24
16,256,4973,oneplus,48,36470.93
6,512,4445,samsung,48,30840.75
4,256,5325,samsung,64,26542.9
6,512,5136,samsung,200,40726.81
4,128,3102,oneplus,48,22816.06
6,512,4349,samsung,12,26430.37
6,256,3042,xiaomi,200,28366.49
6,64,3827,oneplus,200,27183.59
4,128,4191,xiaomi,48,18540.07
6,128,4581,samsung,108,24895.39
16,64,5101,xiaomi,200,37840.73
12,256,4391,oneplus,200,38634.23
8,128,3349,samsung,48,24615.3
12,512,4078,oneplus,64,34726.3
8,512,3558,apple,64,61496.82
16,256,3403,oneplus,12,33067.97
16,512,5360,apple,12,63735.38
12,256,5211,samsung,12,31530.28
4,128,3691,samsung,48,21715.07
6,512,5992,oneplus,108,37555.28
4,128,4587,apple,12,46307.63
6,256,5964,xiaomi,108,29225.04
12,64,5115,xiaomi,108,29734.03
12,256,3873,apple,12,55549.58
16,512,5958,apple,64,68700.9
4,64,5322,apple,108,52927.95
6,512,3103,apple,48,56963.67
4,128,3092,xiaomi,200,23856.14
8,512,4237,apple,12,58277.72
6,256,5050,samsung,12,24652.12
6,128,4698,xiaomi,64,22372.9
12,128,5283,apple,200,64581.6
12,64,5733,oneplus,108,33243.66
8,256,5703,xiaomi,108,29501.48
4,256,5407,xiaomi,48,24205.75
8,64,5209,apple,48,54102.28
12,64,5449,oneplus,64,26978.85
6,64,5849,samsung,108,26926.01
4,128,4969,apple,12,49077.5
12,128,3025,xiaomi,200,34545.43
4,128,4867,oneplus,48,24111.61
6,256,5889,samsung,12,26138.19
16,64,3709,oneplus,200,34208.76
16,512,3820,samsung,200,49527.43
16,512,3829,xiaomi,12,32552.25
12,256,3734,oneplus,12,28063.17
6,128,5336,xiaomi,200,29564.09
4,128,4513,oneplus,48,23250.19
12,64,4049,oneplus,12,24558.62
12,512,4707,samsung,48,37518.76
16,256,4460,samsung,48,37005.66
12,256,4393,samsung,12,28111.81
16,128,3938,xiaomi,64,30029.01
6,64,5157,oneplus,64,26642.5
12,64,4499,oneplus,48,29556.44
4,128,3958,oneplus,48,21992.19
12,256,4690,apple,12,53284.1
12,128,5875,apple,12,54764.55
4,512,3560,apple,64,55483.92
8,256,4223,apple,64,56991.78
16,64,3474,oneplus,200,38480.01
16,512,4806,apple,200,73911.88
12,256,4967,xiaomi,200,36925.16
12,64,3124,samsung,108,28482.54
8,512,4678,samsung,200,42342.47
12,64,4601,xiaomi,108,27882.9
8,128,5830,apple,48,54174.84
12,64,4151,samsung,48,25459.0
4,128,4987,samsung,200,30056.07
16,512,5330,oneplus,12,38912.04
8,128,4620,xiaomi,12,20302.27
12,256,4207,oneplus,64,32130.86
4,256,4866,xiaomi,12,20637.96
6,256,4620,xiaomi,108,28687.62
4,256,5328,xiaomi,108,29547.81
12,256,3829,xiaomi,108,29699.46
12,64,5599,xiaomi,48,26261.16
6,64,3315,apple,108,49209.15
16,256,4470,xiaomi,200,37720.03
8,256,5573,samsung,108,31766.73
8,128,4650,oneplus,48,25653.47
12,128,3665,apple,108,59479.46
6,128,4617,xiaomi,12,17636.89
12,64,5876,xiaomi,200,33886.0
6,256,5870,xiaomi,48,27149.39
6,128,3737,xiaomi,12,20420.78
16,64,3421,oneplus,108,33248.83
4,512,4014,oneplus,64,30054.73
4,64,5430,samsung,200,29071.73
6,512,3519,apple,48,56766.48
6,64,4982,xiaomi,12,21643.95
4,64,3986,samsung,12,16929.81
4,128,3996,apple,108,53245.26
8,256,3916,oneplus,64,31088.36
6,512,3591,xiaomi,108,30181.86
4,64,5474,samsung,108,24950.42
6,256,3046,samsung,108,25758.97
6,256,3541,samsung,12,23218.45
6,64,3586,apple,200,56772.79
16,512,5223,xiaomi,12,35443.21
16,256,4671,xiaomi,200,39746.07
12,128,4167,samsung,48,25763.79
6,256,4118,oneplus,64,26489.46
4,256,3547,apple,108,54126.38
6,256,5462,oneplus,200,36894.69
6,512,4730,samsung,108,34846.47
8,64,3148,oneplus,48,22901.98
6,256,4852,xiaomi,64,24705.62
6,64,5219,xiaomi,12,22344.82
12,128,5416,samsung,12,23093.66
12,256,5423,oneplus,48,34988.81
16,128,4130,xiaomi,48,26872.32
4,512,3980,oneplus,108,34226.41
6,64,3615,xiaomi,200,25697.75
6,64,4198,apple,48,52422.31
16,512,3802,xiaomi,12,32911.75
16,128,3459,samsung,12,28203.36
6,128,5824,oneplus,48,26992.99
8,64,3297,oneplus,64,23589.75
16,128,5005,xiaomi,48,29456.58
16,256,5922,oneplus,200,46418.73
4,512,4119,xiaomi,64,29437.93
6,64,4815,oneplus,48,25369.34
8,64,4579,oneplus,200,33768.49
6,64,5922,apple,48,52682.07
8,128,3310,apple,12,50026.47
12,256,4649,samsung,48,32819.04
8,512,4583,xiaomi,48,31745.39
8,64,3719,samsung,12,21863.82
4,64,5866,oneplus,48,24980.07
16,128,3054,xiaomi,64,24817.53
4,256,4243,samsung,200,30638.99
8,64,5606,samsung,48,24591.68
16,512,5525,xiaomi,200,46189.18
6,128,4164,samsung,48,22159.79
4,256,3285,apple,48,51009.86
4,64,5228,samsung,108,27326.88
4,64,5331,samsung,48,21899.6
12,256,4214,oneplus,12,29098.69
8,512,3131,xiaomi,64,31454.6
6,512,5024,xiaomi,108,34723.56
12,128,5169,xiaomi,200,33679.72
16,128,3559,apple,200,66728.91
6,64,3011,apple,48,46833.24
12,64,3050,samsung,108,30746.48
4,256,3245,oneplus,12,22208.89
8,256,5105,oneplus,64,28090.84
6,64,5672,oneplus,64,28236.0
16,64,5256,oneplus,48,33226.59
12,128,4904,apple,48,55952.66
12,128,3305,apple,64,53350.1
4,128,3950,xiaomi,48,17612.75
12,512,3126,samsung,108,36912.74
6,64,3857,xiaomi,12,17287.59
6,128,4368,samsung,48,23645.58
16,512,3519,xiaomi,108,38020.58
8,512,4622,xiaomi,200,41464.14
16,256,3420,oneplus,200,42794.67
16,256,5681,oneplus,200,42428.53
6,64,4785,apple,64,53342.26
8,512,5607,xiaomi,64,31375.47
16,64,3110,samsung,48,29699.45
12,512,3213,samsung,200,43304.66
6,128,4119,samsung,64,23897.02
4,512,4747,samsung,200,36218.58
12,256,3818,samsung,48,32112.41
16,64,5188,xiaomi,64,29782.43
4,512,4371,oneplus,200,39236.72
16,64,4931,apple,12,56210.45
16,512,5324,oneplus,12,39475.5
12,64,5953,oneplus,12,26073.83
16,64,3019,samsung,48,26750.37
6,64,3886,samsung,108,22271.76
8,256,5050,xiaomi,200,33440.81
6,128,3596,samsung,108,26239.32
8,128,5093,apple,12,53695.2
12,64,5864,samsung,64,28846.34
12,128,3415,xiaomi,64,25876.63
12,256,3781,oneplus,108,34681.24
6,64,5744,oneplus,12,23449.58
12,256,4347,samsung,108,34488.07
8,128,3359,oneplus,108,26255.84
4,128,5749,xiaomi,200,30239.74
4,256,5348,xiaomi,12,20357.97
12,128,4429,apple,64,59970.75
16,256,3593,xiaomi,108,33109.63
12,512,4243,xiaomi,12,29319.99
8,256,5144,samsung,12,26807.16
4,64,5290,apple,108,53948.48
6,128,5141,xiaomi,108,25091.28
4,128,4157,xiaomi,200,29608.03
4,512,4286,oneplus,12,27045.63
6,512,4499,xiaomi,108,31040.26
12,64,3692,apple,48,56786.95
16,128,5737,xiaomi,64,33435.33
8,64,5379,oneplus,12,22635.88
8,128,5432,xiaomi,12,22415.63
12,64,3577,samsung,200,33030.76
6,256,4173,oneplus,48,25156.67
4,128,3859,xiaomi,12,16289.46
16,512,3492,samsung,48,37225.9
12,512,5150,oneplus,108,42465.27
4,64,3458,oneplus,12,19007.25
4,256,3540,samsung,48,22383.98
6,512,4338,apple,200,63369.15
8,128,3929,apple,48,53893.71
4,64,3582,xiaomi,12,17909.27
12,128,3329,xiaomi,200,32650.45
8,128,3160,xiaomi,108,25252.23
8,64,4630,apple,48,50083.51
16,64,3803,samsung,200,38420.23
12,256,5627,apple,108,63444.83
4,64,3648,samsung,12,15110.64
6,256,5673,apple,48,55365.26
12,512,5527,xiaomi,48,36976.96
12,128,3018,apple,108,56074.77
6,256,5179,apple,64,56512.89
8,512,5238,samsung,64,36207.33
4,512,4152,xiaomi,64,27093.16
12,128,5923,xiaomi,48,29820.95
4,64,3195,xiaomi,48,17042.23
4,64,3552,oneplus,200,26369.98
4,128,4963,oneplus,108,26753.08
4,256,5663,oneplus,200,33911.12
4,512,4485,apple,200,62965.94
8,128,5458,apple,200,60879.53
16,64,4623,apple,200,67592.04
4,256,4486,xiaomi,48,23454.99
6,512,3464,oneplus,64,31130.33
6,64,3439,samsung,64,20159.75
4,256,4806,samsung,200,33608.59
8,64,4226,apple,48,47886.22
6,256,5725,samsung,200,32527.17
6,128,4321,samsung,108,27866.58
6,128,4283,samsung,48,23162.18
16,64,5511,samsung,64,34133.18
16,64,5365,xiaomi,108,33060.59
4,256,3364,samsung,108,24930.34
8,512,3407,oneplus,12,29474.7
16,512,3457,xiaomi,64,35904.14
8,128,5878,samsung,48,23240.66
16,128,5645,apple,64,64434.88
6,256,4129,xiaomi,108,26640.33
8,128,5584,samsung,200,34035.58
16,512,3802,samsung,48,39945.32
8,512,5316,xiaomi,12,31056.51
16,64,5433,apple,108,60297.89
8,256,3473,apple,12,51883.47
12,256,3475,xiaomi,64,28008.16
8,256,5662,oneplus,12,28239.95
4,256,4726,oneplus,200,34892.0
8,256,5880,samsung,200,39458.54
12,128,3002,apple,48,55260.15
6,64,5763,oneplus,200,32468.74
12,64,5907,oneplus,108,33298.25
12,512,5077,samsung,48,37392.73
6,512,3431,xiaomi,108,30504.37
4,256,5391,samsung,12,25644.75
6,512,5933,oneplus,48,36174.28
8,128,5590,xiaomi,12,25247.51
12,256,5870,samsung,48,33319.38
8,128,4185,xiaomi,64,21406.25
4,64,4573,apple,64,48463.3
4,128,5321,xiaomi,48,21092.38
16,256,5858,xiaomi,12,34767.82
16,128,4800,oneplus,108,36125.93
12,256,5298,samsung,64,29279.79
16,256,5597,oneplus,108,40263.39
4,128,4758,xiaomi,200,27720.5
16,512,3637,samsung,64,35565.11
6,64,3114,xiaomi,12,14925.28
6,256,5243,xiaomi,64,26294.22
16,128,3537,apple,108,61387.02
4,512,4316,oneplus,12,27640.36
12,256,4906,apple,12,57550.52
4,256,5968,xiaomi,64,22907.36
8,512,4814,xiaomi,48,30026.62
8,512,3286,xiaomi,200,35109.24
4,512,5996,xiaomi,108,31191.71
16,256,4518,xiaomi,200,39219.07
8,256,3005,apple,64,52870.75
16,128,5176,oneplus,48,32298.39
8,512,4093,xiaomi,64,30134.39
6,64,4384,samsung,200,27534.45
4,128,4086,samsung,108,23239.87
12,512,4561,samsung,12,36106.44
4,512,5636,samsung,64,33453.76
4,256,4353,samsung,64,25429.17
16,64,3725,xiaomi,108,30653.26
6,512,5380,samsung,64,34389.05
6,512,5740,apple,64,62526.88
16,128,4296,apple,12,57039.09
8,256,5555,oneplus,48,31409.16
8,64,4111,samsung,108,27447.39
12,64,4731,samsung,200,35974.22
16,128,4513,samsung,200,37230.8
16,512,4476,xiaomi,64,38303.51
8,256,4382,oneplus,12,26620.27
16,256,4174,samsung,200,40776.82
12,64,3382,samsung,108,28474.8
8,128,3239,xiaomi,64,20960.76
12,256,5849,xiaomi,108,37007.74
16,512,3723,apple,48,65374.24
6,128,4411,xiaomi,48,22460.73
8,512,3600,oneplus,200,39816.1
6,64,4008,samsung,12,18937.8
16,64,5638,samsung,64,32095.75
4,128,3039,xiaomi,12,16268.42
12,64,5554,oneplus,48,31478.98
4,64,5833,samsung,12,23160.65
12,512,5813,xiaomi,64,37583.23
6,512,5318,samsung,64,30528.05
6,256,5455,oneplus,12,26988.2
12,512,4850,oneplus,12,34665.21
8,256,5349,samsung,48,26966.05
12,512,4473,apple,48,64592.45
6,256,3559,apple,108,58218.19
8,256,5663,oneplus,200,36881.45
16,128,3101,samsung,108,30851.84
4,256,5980,apple,48,54913.02
6,512,5993,xiaomi,108,36947.89
6,128,4022,xiaomi,48,20072.44
4,64,5994,oneplus,12,21466.18
16,128,4528,xiaomi,64,33235.54
6,512,4586,samsung,200,37923.05
8,64,5360,oneplus,108,29064.73
4,64,4755,xiaomi,12,15952.4
8,128,4537,oneplus,12,23410.68
8,64,3476,samsung,12,19295.81
8,128,3485,oneplus,12,21623.02
8,64,5236,oneplus,200,32544.89
4,128,5504,xiaomi,12,22123.52
4,512,5425,xiaomi,12,26768.03
16,512,5221,apple,108,70886.53
4,128,4037,xiaomi,108,21439.45
8,512,4774,xiaomi,200,39783.37
16,256,4189,apple,64,63693.85
4,512,5202,xiaomi,200,35842.49
6,512,5749,xiaomi,64,30297.37
16,64,5681,xiaomi,48,28595.38
16,512,3005,xiaomi,64,34619.74
12,256,5557,apple,64,62134.47
4,128,4219,samsung,12,21933.29
8,128,3262,samsung,200,30943.42
4,512,3012,apple,64,56540.15
4,512,4546,oneplus,12,29974.07
6,64,3575,xiaomi,200,23848.39
6,512,5488,oneplus,108,38208.31
16,128,3295,samsung,64,27964.81
12,64,5594,samsung,200,36963.53
4,64,3046,xiaomi,200,25542.01
12,256,3695,samsung,108,34029.76
6,64,3244,xiaomi,12,17797.17
6,512,3210,samsung,108,32732.44
12,128,5627,xiaomi,108,33251.43
8,256,5895,xiaomi,64,26796.55
12,512,5608,xiaomi,48,36528.37
6,512,5636,samsung,48,32931.0
4,128,4104,samsung,64,21559.84
8,256,5827,xiaomi,48,26049.34
6,512,5277,samsung,200,39969.11
4,64,3642,apple,12,44836.25
6,256,3679,xiaomi,108,27630.06
12,128,4873,xiaomi,48,28616.22
4,128,5738,oneplus,12,24141.88
8,128,5273,samsung,12,24534.14
8,64,4762,oneplus,64,25240.48
16,512,4311,samsung,48,38148.93
4,512,3631,xiaomi,108,33063.58
4,256,3362,oneplus,48,23269.44
4,64,3266,xiaomi,64,17901.61
8,512,3411,apple,48,59146.89
6,256,3108,samsung,200,30317.87
16,128,4818,apple,12,55850.75
8,256,5463,oneplus,12,27035.26
6,512,3438,xiaomi,48,24312.86
4,64,3078,xiaomi,64,17911.99
12,128,3522,apple,64,56135.72
6,512,3254,oneplus,48,29284.3
8,256,3115,samsung,108,27320.61
8,256,4447,oneplus,108,32731.04
6,64,5785,apple,64,52224.33
