monthly_income,credit_score,job_type,existing_loans,savings_ratio,creditworthy
98514,563,retired,0,0.43,1
46922,417,business,4,0.3,0
74262,682,salaried,3,0.51,1
29096,434,business,3,0.44,0
142961,658,student,1,0.07,1
100946,318,retired,4,0.59,0
142279,394,salaried,0,0.38,1
22017,317,student,0,0.12,0
93808,560,salaried,0,0.35,1
24717,872,student,1,0.02,0
108755,786,business,0,0.04,1
91838,311,student,2,0.25,0
25319,678,salaried,2,0.44,0
117166,805,salaried,0,0.18,1
58676,596,salaried,3,0.16,0
30403,495,business,0,0.55,0
104018,826,student,1,0.11,1
76727,582,student,4,0.34,0
145779,371,student,2,0.32,0
125674,476,salaried,2,0.19,1
130880,420,student,3,0.38,0
114685,695,salaried,4,0.52,1
75910,345,business,4,0.51,0
77992,801,student,4,0.13,0
25222,504,retired,3,0.48,0
42568,794,salaried,0,0.05,1
14137,391,salaried,3,0.48,0
18179,723,salaried,2,0.29,0
106656,519,business,2,0.11,1
103779,551,business,3,0.18,1
23470,876,business,3,0.51,1
8194,437,salaried,3,0.24,0
129206,710,salaried,4,0.35,1
22676,611,salaried,4,0.11,0
122645,657,salaried,0,0.22,1
26563,741,retired,3,0.51,0
9361,387,salaried,2,0.02,0
26974,676,business,2,0.44,0
129019,528,student,1,0.01,0
83381,623,retired,3,0.12,0
35268,481,salaried,0,0.52,1
143595,834,salaried,4,0.56,1
140461,867,salaried,4,0.27,1
10258,778,retired,3,0.06,0
36924,799,salaried,0,0.53,1
137551,367,business,3,0.23,0
12385,473,student,4,0.54,0
118681,493,student,1,0.25,0
53440,716,retired,0,0.16,1
62581,338,student,2,0.08,0
71038,649,salaried,4,0.6,0
77926,659,student,3,0.14,0
53307,873,salaried,1,0.55,1
75314,701,salaried,1,0.23,1
108556,491,salaried,1,0.57,1
105501,471,business,0,0.53,1
115030,426,business,4,0.08,0
17220,630,student,0,0.01,0
128496,868,retired,1,0.6,1
140836,645,business,2,0.28,1
131601,670,salaried,1,0.02,1
143513,406,business,0,0.39,1
14266,753,business,3,0.33,0
66852,433,business,1,0.12,0
129914,763,salaried,3,0.38,1
32344,351,student,1,0.09,0
23546,835,business,2,0.12,1
66500,361,salaried,3,0.29,0
74486,338,business,1,0.37,0
131974,745,student,2,0.25,1
55628,447,retired,4,0.43,0
149315,601,student,4,0.3,0
42464,475,salaried,0,0.26,0
95847,480,retired,4,0.26,0
45452,545,student,4,0.03,0
106392,598,retired,1,0.29,1
11985,582,salaried,4,0.29,0
98435,569,salaried,1,0.53,1
101676,372,business,2,0.56,1
23763,866,student,4,0.34,0
66643,476,salaried,0,0.36,0
74036,522,salaried,3,0.5,0
45952,550,salaried,2,0.12,0
35272,546,business,1,0.5,1
112827,716,salaried,0,0.07,1
38151,597,student,1,0.07,0
104673,637,business,4,0.53,1
64774,441,salaried,3,0.37,0
39462,765,retired,3,0.56,0
142424,412,salaried,1,0.27,1
46759,837,business,4,0.12,0
24476,694,student,4,0.03,0
129060,628,salaried,2,0.25,1
9327,831,salaried,0,0.35,1
16968,872,student,1,0.14,0
147342,677,salaried,2,0.51,1
135923,682,salaried,0,0.5,1
105517,474,business,0,0.2,1
10580,483,salaried,3,0.52,0
27070,327,retired,2,0.55,0
99242,657,salaried,1,0.6,1
146163,734,student,2,0.31,1
132441,555,salaried,1,0.14,1
133728,393,salaried,4,0.04,0
97985,648,salaried,0,0.2,1
110635,533,salaried,0,0.38,1
35902,603,salaried,3,0.39,0
110240,663,student,1,0.03,0
136881,360,salaried,0,0.44,1
100040,316,student,1,0.18,0
12597,860,student,0,0.17,0
149119,688,student,1,0.26,1
25280,311,salaried,2,0.52,0
116724,364,business,0,0.59,1
27874,407,student,2,0.59,0
125889,571,business,1,0.54,1
114734,510,business,4,0.11,0
39518,515,salaried,2,0.18,0
22927,498,student,3,0.51,0
20696,498,business,1,0.38,0
87961,785,student,3,0.4,0
80929,570,salaried,1,0.44,1
125139,767,salaried,0,0.54,1
84384,829,salaried,4,0.12,1
117490,303,retired,1,0.47,0
13905,502,salaried,4,0.45,0
72993,441,salaried,3,0.55,0
64146,803,student,3,0.27,0
115173,402,salaried,4,0.01,0
48012,606,business,1,0.53,1
31115,370,business,3,0.53,0
70054,806,student,4,0.57,0
124970,715,retired,4,0.4,1
80330,721,salaried,2,0.36,1
23550,490,business,3,0.56,0
18956,654,salaried,4,0.57,0
99302,780,business,1,0.08,1
86254,711,retired,4,0.29,0
99547,639,salaried,1,0.12,1
41471,705,salaried,0,0.42,1
14158,810,retired,4,0.22,0
62671,346,salaried,2,0.2,0
73794,424,salaried,0,0.42,1
83341,541,business,0,0.49,1
75015,827,salaried,0,0.42,1
52617,765,student,4,0.2,0
22270,548,business,1,0.48,0
18085,764,salaried,0,0.4,1
53384,489,retired,0,0.02,0
92867,537,salaried,1,0.16,1
12605,437,business,2,0.58,0
145222,806,salaried,1,0.46,1
88720,730,salaried,0,0.18,1
62896,600,salaried,4,0.54,0
104418,590,student,2,0.53,1
10327,406,salaried,3,0.26,0
44189,476,business,2,0.2,0
29900,825,salaried,0,0.15,1
55800,585,salaried,3,0.17,0
97121,310,student,4,0.52,0
69163,395,business,1,0.57,1
85137,316,student,2,0.24,0
128984,391,salaried,3,0.14,0
112673,449,salaried,3,0.39,0
8136,792,salaried,2,0.4,0
51951,619,salaried,0,0.17,1
16729,888,retired,4,0.19,0
91660,781,salaried,1,0.27,1
71112,565,student,3,0.09,0
24443,756,business,3,0.14,0
131413,772,business,1,0.51,1
53098,761,business,3,0.37,1
95158,713,business,4,0.6,1
47101,577,salaried,3,0.4,0
140138,796,business,2,0.04,1
59034,412,retired,1,0.35,0
113872,351,business,2,0.3,1
133641,555,business,3,0.56,1
146803,677,salaried,1,0.12,1
19904,306,student,1,0.02,0
63891,341,business,2,0.22,0
67317,323,salaried,4,0.11,0
97040,364,salaried,1,0.5,1
24836,664,salaried,4,0.36,0
83458,388,student,1,0.51,0
126298,829,salaried,4,0.04,1
19119,600,business,4,0.04,0
31113,354,salaried,1,0.57,0
55093,466,business,4,0.51,0
13755,513,salaried,3,0.47,0
80014,666,business,3,0.38,1
146199,753,salaried,0,0.26,1
96391,806,salaried,2,0.39,1
75034,476,salaried,3,0.14,0
136784,498,salaried,1,0.48,1
130930,539,salaried,4,0.06,1
92617,856,salaried,0,0.05,1
79096,599,retired,0,0.45,1
66616,560,salaried,3,0.45,0
24851,752,salaried,3,0.54,0
50759,601,student,1,0.28,0
139733,535,student,3,0.4,1
82207,545,salaried,3,0.53,1
23980,684,student,4,0.26,0
8571,513,retired,1,0.21,0
13741,414,business,0,0.47,0
78906,472,business,0,0.19,1
79464,769,retired,3,0.25,0
100293,303,salaried,3,0.54,0
95880,839,student,4,0.28,0
32318,599,student,4,0.38,0
46910,881,salaried,2,0.0,1
40713,493,retired,3,0.07,0
72843,565,business,1,0.58,1
16617,461,salaried,2,0.48,0
101594,360,salaried,4,0.19,0
89946,501,student,2,0.09,0
72376,370,retired,2,0.59,0
109088,650,student,0,0.36,1
92856,394,salaried,0,0.45,1
143991,429,student,0,0.56,1
54420,358,student,1,0.19,0
128701,377,student,3,0.29,0
114433,781,salaried,4,0.47,1
87065,672,business,2,0.36,1
93304,788,salaried,3,0.48,1
109641,635,salaried,1,0.55,1
34395,526,salaried,0,0.11,0
103556,634,salaried,3,0.43,1
145189,737,salaried,4,0.4,1
115592,468,salaried,2,0.29,1
45644,703,business,4,0.32,0
70963,435,salaried,4,0.42,0
73374,724,student,4,0.12,0
36536,466,salaried,2,0.59,0
122807,622,salaried,0,0.04,1
49507,731,business,0,0.47,1
29834,837,salaried,1,0.19,0
17865,834,salaried,0,0.37,1
81161,895,business,0,0.43,1
133601,822,business,0,0.47,1
128851,405,business,2,0.0,1
62745,676,salaried,0,0.42,1
51023,862,business,0,0.45,1
144763,880,salaried,2,0.21,1
66369,751,student,2,0.36,0
66557,391,student,4,0.23,0
30833,461,salaried,1,0.13,0
30992,490,salaried,3,0.02,0
84105,837,retired,3,0.35,1
145630,367,business,4,0.14,0
89728,644,student,0,0.15,0
120483,766,salaried,0,0.44,1
38799,884,salaried,0,0.38,1
16415,645,business,0,0.2,0
126160,371,salaried,2,0.09,0
45352,306,salaried,2,0.56,0
10148,323,student,2,0.09,0
43263,598,retired,4,0.13,0
57775,898,retired,0,0.07,1
57147,373,salaried,4,0.32,0
52485,871,salaried,1,0.15,1
120578,897,salaried,2,0.07,1
21149,380,salaried,0,0.46,0
97926,378,salaried,2,0.34,0
69043,420,business,0,0.52,1
146490,334,business,2,0.47,1
51990,591,student,4,0.56,0
31347,451,student,4,0.18,0
87382,895,salaried,4,0.09,1
39438,608,salaried,4,0.05,0
130464,314,salaried,0,0.59,1
120076,635,salaried,4,0.09,1
21076,375,business,2,0.38,0
117464,365,student,1,0.24,0
37896,586,salaried,0,0.25,0
26383,337,student,3,0.53,0
58632,346,business,1,0.03,0
44641,830,salaried,4,0.37,1
106933,801,student,2,0.5,1
128296,594,business,1,0.24,1
111347,751,student,3,0.46,1
54479,325,salaried,2,0.23,0
76728,646,salaried,2,0.12,1
34293,678,salaried,3,0.37,0
137550,816,salaried,3,0.53,1
39771,551,student,1,0.09,0
36235,379,business,3,0.5,0
103788,587,business,2,0.46,1
32412,615,business,0,0.12,0
20051,587,student,2,0.43,0
42389,431,business,0,0.24,0
91080,445,student,2,0.02,0
100943,626,salaried,0,0.18,1
143414,839,salaried,1,0.32,1
59432,566,student,0,0.06,0
8802,466,salaried,3,0.08,0
53471,864,student,0,0.1,1
121251,645,salaried,2,0.14,1
59642,367,business,3,0.23,0
12417,879,retired,1,0.56,1
27603,638,salaried,2,0.57,0
115874,364,business,1,0.49,1
68651,400,salaried,1,0.26,0
69478,581,salaried,0,0.13,1
16621,419,salaried,4,0.24,0
18995,706,salaried,3,0.58,0
34970,504,student,0,0.47,0
102382,631,salaried,3,0.04,1
37718,644,business,0,0.01,1
129252,844,salaried,1,0.37,1
60451,501,student,1,0.59,0
45944,373,student,4,0.24,0
133962,635,business,4,0.44,1
15302,671,business,3,0.33,0
45251,766,retired,1,0.58,1
12200,757,business,4,0.49,0
140604,321,student,0,0.04,0
110913,463,salaried,3,0.06,0
147940,519,salaried,3,0.56,1
149303,839,business,1,0.12,1
51656,423,business,1,0.45,0
81130,861,business,1,0.31,1
79576,633,salaried,0,0.39,1
117146,305,business,0,0.32,1
35271,546,salaried,0,0.03,0
139315,894,student,3,0.16,1
73339,865,salaried,3,0.44,1
67721,553,salaried,0,0.34,1
43325,666,salaried,1,0.51,1
40258,665,student,3,0.28,0
59006,806,retired,2,0.21,1
91457,349,salaried,1,0.02,0
51581,476,salaried,2,0.24,0
105529,689,salaried,1,0.13,1
54407,655,salaried,4,0.43,0
20538,410,salaried,3,0.15,0
141044,328,business,3,0.38,1
19231,531,salaried,2,0.54,0
77065,691,salaried,1,0.31,1
102658,434,salaried,4,0.48,0
10285,320,salaried,4,0.06,0
106746,841,salaried,2,0.08,1
17940,691,business,0,0.11,0
93784,819,salaried,0,0.42,1
84520,707,student,0,0.17,1
126525,492,business,3,0.23,1
47333,660,salaried,4,0.34,0
120559,707,salaried,4,0.05,1
13289,526,salaried,0,0.11,0
111457,445,salaried,2,0.45,1
48067,897,salaried,1,0.1,1
134500,705,business,1,0.33,1
147329,878,retired,2,0.01,1
59498,495,salaried,0,0.5,1
138198,886,salaried,0,0.37,1
46677,748,business,2,0.35,1
44823,808,salaried,1,0.6,1
85432,890,business,0,0.58,1
136697,824,business,2,0.52,1
61669,821,business,1,0.46,1
109641,726,retired,1,0.27,1
21668,480,salaried,3,0.31,0
69093,652,salaried,4,0.48,0
17413,766,student,4,0.51,0
137618,882,retired,0,0.29,1
113321,699,student,1,0.29,1
62015,598,salaried,1,0.59,1
15306,488,business,3,0.08,0
30675,771,retired,2,0.44,0
111428,822,salaried,0,0.47,1
107911,724,salaried,3,0.48,1
75287,747,salaried,3,0.13,1
84509,550,salaried,0,0.23,1
33944,591,salaried,2,0.53,0
9158,735,student,4,0.15,0
132147,897,business,4,0.5,1
56133,891,business,1,0.1,1
148901,702,retired,3,0.55,1
94868,407,salaried,2,0.36,0
40289,674,retired,3,0.24,0
28340,746,business,0,0.35,1
131928,779,business,3,0.29,1
116968,418,salaried,2,0.15,0
76290,827,student,1,0.56,1
9493,709,salaried,1,0.35,0
12513,460,salaried,1,0.02,0
87035,559,business,4,0.54,1
89702,365,business,3,0.26,0
109021,551,business,3,0.57,1
38183,828,student,4,0.46,0
75036,624,business,4,0.2,0
23965,780,salaried,3,0.56,0
110845,436,salaried,2,0.24,1
11991,835,business,2,0.26,0
66503,606,salaried,0,0.03,1
102822,519,business,4,0.45,0
33530,619,student,3,0.18,0
99751,311,student,3,0.58,0
115110,836,salaried,0,0.59,1
34559,740,salaried,2,0.54,1
36559,599,business,0,0.43,1
138195,503,salaried,0,0.48,1
132887,585,salaried,1,0.51,1
110365,780,salaried,1,0.22,1
111108,852,salaried,2,0.17,1
39701,432,salaried,1,0.35,0
61993,408,business,4,0.19,0
64077,708,salaried,4,0.17,0
15304,571,salaried,3,0.58,0
38811,501,retired,1,0.02,0
33919,305,salaried,2,0.29,0
128939,803,salaried,3,0.44,1
49072,454,retired,0,0.39,0
124202,527,business,4,0.59,1
133900,880,salaried,0,0.27,1
79014,802,salaried,4,0.14,1
101262,890,business,0,0.08,1
95463,382,business,4,0.13,0
63763,563,business,4,0.43,0
120877,627,salaried,0,0.45,1
21399,664,salaried,3,0.41,0
107552,547,salaried,0,0.21,1
145935,756,business,0,0.39,1
63031,665,salaried,0,0.09,1
116818,646,student,1,0.58,1
98920,879,student,3,0.14,0
36914,617,salaried,0,0.57,1
32188,589,retired,1,0.34,0
66653,472,salaried,3,0.17,0
24342,510,salaried,4,0.22,0
90703,468,business,2,0.33,0
107740,793,salaried,0,0.34,1
9900,435,business,3,0.32,0
22284,514,salaried,1,0.57,0
129017,856,student,1,0.21,1
37413,709,business,3,0.27,0
105564,633,retired,0,0.06,1
60467,614,business,4,0.14,0
57777,405,salaried,1,0.43,0
102070,577,business,0,0.49,1
57199,542,business,4,0.13,0
43218,729,retired,4,0.58,0
114814,434,business,1,0.34,1
56902,759,student,0,0.1,0
34987,345,salaried,2,0.44,0
38319,494,salaried,2,0.57,0
58082,700,student,4,0.29,0
81445,511,retired,2,0.58,0
119811,751,business,2,0.27,1
133253,344,salaried,0,0.5,1
131972,837,salaried,0,0.17,1
104183,808,retired,4,0.24,1
110094,688,salaried,4,0.58,1
104312,570,student,3,0.05,0
105433,669,business,4,0.28,1
125938,659,business,3,0.55,1
34318,581,salaried,3,0.46,0
67503,529,student,3,0.37,0
111116,752,salaried,3,0.07,1
56683,438,retired,4,0.42,0
119847,841,retired,2,0.42,1
89866,537,salaried,1,0.07,1
96453,811,business,4,0.09,1
127669,351,student,0,0.58,1
142862,834,salaried,2,0.5,1
16082,893,student,4,0.37,0
31957,496,salaried,4,0.57,0
116954,482,salaried,2,0.32,1
128583,397,salaried,0,0.58,1
141833,826,business,1,0.59,1
67817,838,salaried,0,0.07,1
28304,403,business,4,0.0,0
61413,862,business,0,0.52,1
63343,536,business,3,0.12,0
118396,428,salaried,3,0.49,1
96937,649,salaried,0,0.25,1
10032,841,business,1,0.28,1
48000,885,salaried,0,0.24,1
106114,882,business,4,0.23,1
123690,381,student,0,0.38,1
134718,876,salaried,2,0.16,1
20962,566,salaried,4,0.18,0
64616,461,retired,0,0.17,0
109979,792,salaried,0,0.41,1
138150,554,student,2,0.1,0
116910,718,business,1,0.52,1
63285,504,business,4,0.54,0
126000,468,business,0,0.34,1
112474,569,salaried,3,0.06,1
32519,373,salaried,3,0.41,0
110597,321,salaried,4,0.11,0
84955,828,salaried,4,0.22,1
29235,380,salaried,4,0.06,0
86470,855,salaried,4,0.19,1
48262,643,salaried,2,0.24,0
26383,525,salaried,4,0.38,0
135116,436,salaried,0,0.29,1
121594,573,retired,4,0.47,1
119317,352,student,4,0.54,0
42552,663,salaried,1,0.43,1
78147,301,salaried,2,0.08,0
37224,467,salaried,0,0.15,0
92501,377,salaried,0,0.34,1
56945,377,salaried,4,0.57,0
65642,415,retired,0,0.14,0
36683,356,salaried,3,0.17,0
73743,301,salaried,3,0.16,0
101224,463,salaried,1,0.4,1
116165,663,salaried,4,0.11,1
72288,440,salaried,3,0.5,0
124960,494,business,0,0.18,1
51049,557,salaried,0,0.43,1
35710,735,student,2,0.51,0
72742,407,business,4,0.12,0
82279,658,salaried,4,0.52,1
28155,403,business,1,0.09,0
126369,599,salaried,1,0.17,1
93463,551,business,0,0.09,1
96799,853,salaried,3,0.06,1
79961,675,salaried,4,0.28,0
32938,349,retired,3,0.49,0
43394,593,salaried,3,0.32,0
72433,412,salaried,2,0.32,0
25869,651,student,4,0.21,0
56588,322,retired,4,0.6,0
142542,689,salaried,3,0.57,1
123544,337,retired,2,0.27,0
33825,558,salaried,2,0.37,0
54289,486,business,4,0.39,0
119954,518,business,3,0.14,1
44891,811,salaried,2,0.01,0
83442,741,student,3,0.04,0
126141,624,student,0,0.17,1
131658,697,salaried,3,0.31,1
106233,712,salaried,3,0.57,1
143279,864,salaried,1,0.26,1
98421,806,business,0,0.06,1
24574,842,student,1,0.09,0
16677,538,student,0,0.54,0
57300,404,business,1,0.23,0
93458,630,student,4,0.32,0
81439,571,student,2,0.42,0
145558,438,student,3,0.05,0
90358,842,salaried,3,0.48,1
86334,325,salaried,0,0.54,1
132801,790,business,3,0.59,1
34999,450,salaried,1,0.26,0
128014,375,student,1,0.42,0
89633,829,business,0,0.51,1
53466,680,salaried,3,0.14,0
129769,424,student,0,0.49,1
122971,823,salaried,1,0.47,1
108779,427,salaried,3,0.59,1
144056,680,retired,3,0.56,1
73385,404,salaried,0,0.45,0
105104,445,retired,1,0.04,0
55341,828,salaried,4,0.45,1
147793,373,salaried,0,0.37,1
40454,880,salaried,1,0.38,1
124021,822,retired,3,0.3,1
58381,882,business,2,0.52,1
60950,396,salaried,3,0.54,0
33580,429,salaried,1,0.04,0
96621,553,student,3,0.32,0
70383,578,salaried,0,0.54,1
94876,671,business,1,0.29,1
129617,473,business,1,0.5,1
131229,562,retired,4,0.24,1
89796,385,student,3,0.22,0
113275,828,salaried,2,0.35,1
106400,438,business,2,0.01,1
48734,782,salaried,2,0.1,0
109823,862,salaried,3,0.18,1
130942,784,student,3,0.45,1
101629,801,business,0,0.51,1
30722,491,salaried,4,0.04,0
135492,313,salaried,4,0.16,0
65075,757,salaried,0,0.51,1
105071,650,salaried,0,0.36,1
22179,783,salaried,0,0.0,1
125309,304,retired,2,0.48,0
45851,521,retired,2,0.23,0
132702,706,salaried,0,0.47,1
35061,820,salaried,2,0.12,0
21917,760,salaried,3,0.05,0
80781,431,retired,4,0.24,0
98985,337,salaried,4,0.21,0
112014,881,retired,0,0.05,1
34493,887,salaried,2,0.17,1
125890,504,business,2,0.29,1
117364,389,student,2,0.18,0
104459,854,retired,4,0.34,1
49295,566,salaried,2,0.14,0
97512,370,student,0,0.52,0
98687,308,salaried,4,0.39,0
96785,629,retired,3,0.16,1
121052,418,business,3,0.28,1
91049,756,salaried,2,0.24,1
143382,566,salaried,0,0.39,1
81474,840,salaried,2,0.49,1
20259,353,student,2,0.45,0
76810,420,retired,4,0.38,0
149381,580,student,0,0.04,1
9532,782,student,2,0.6,0
143039,529,salaried,1,0.23,1
124015,873,salaried,2,0.59,1
142631,674,business,0,0.36,1
57673,559,business,4,0.22,0
70734,388,student,0,0.05,0
40899,797,salaried,2,0.59,1
94025,681,salaried,2,0.47,1
114769,517,salaried,2,0.09,1
63960,483,salaried,2,0.41,0
101461,873,student,0,0.07,1
28898,842,salaried,4,0.2,0
118171,449,salaried,1,0.29,1
34925,706,business,2,0.07,0
42779,369,business,0,0.04,0
34907,857,student,3,0.52,0
53346,777,business,2,0.17,1
14178,806,business,1,0.19,0
9194,771,business,2,0.11,0
144057,570,salaried,3,0.4,1
12813,861,business,0,0.1,1
10818,349,salaried,2,0.47,0
106010,560,business,2,0.31,1
149338,878,student,2,0.41,1
46662,435,salaried,2,0.13,0
35988,451,salaried,4,0.01,0
68145,343,business,0,0.29,1
130989,429,business,1,0.2,1
136036,396,salaried,2,0.13,1
94575,782,student,1,0.0,1
135335,501,business,3,0.01,1
101566,805,salaried,0,0.22,1
39632,603,business,2,0.22,0
137397,638,salaried,4,0.37,1
22873,587,business,2,0.4,0
141237,800,salaried,1,0.5,1
58324,720,salaried,4,0.51,1
81443,567,salaried,4,0.48,1
34111,849,student,4,0.19,0
62189,832,retired,2,0.17,1
72908,752,student,1,0.38,1
106494,338,business,2,0.17,1
50823,864,salaried,1,0.33,1
37159,427,salaried,1,0.0,0
107600,313,salaried,4,0.04,0
56922,765,salaried,1,0.58,1
124437,739,student,0,0.55,1
35509,419,business,2,0.59,0
79326,884,salaried,0,0.14,1
113637,804,business,0,0.07,1
89651,876,business,1,0.23,1
44909,393,salaried,3,0.05,0
88304,642,salaried,2,0.35,1
85798,742,student,4,0.47,0
13972,782,business,0,0.09,0
140144,683,business,0,0.41,1
54086,802,student,2,0.19,0
32476,488,retired,4,0.13,0
77546,528,salaried,4,0.0,0
24083,818,student,0,0.14,0
105287,697,salaried,0,0.24,1
85250,808,retired,2,0.33,1
50117,821,salaried,2,0.05,0
14934,752,student,0,0.27,0
59714,617,student,2,0.28,0
132740,434,salaried,3,0.31,1
114098,487,business,2,0.43,1
132932,894,business,4,0.08,1
55982,818,retired,0,0.26,1
57482,610,student,0,0.11,0
105295,630,business,1,0.45,1
31349,751,student,0,0.58,0
60104,341,salaried,1,0.15,0
17219,863,business,0,0.42,1
14292,469,student,1,0.26,0
95555,519,student,3,0.11,0
65920,369,business,4,0.32,0
43874,441,salaried,0,0.28,0
121949,827,student,3,0.52,1
50771,386,salaried,1,0.37,0
22133,766,salaried,4,0.27,0
53450,450,salaried,2,0.14,0
62939,438,salaried,3,0.39,0
40915,473,student,4,0.39,0
38289,646,student,1,0.42,0
16925,747,retired,4,0.56,0
12774,848,salaried,4,0.01,0
21273,824,business,1,0.17,1
86270,789,salaried,3,0.39,1
103194,460,salaried,0,0.46,1
95027,884,business,0,0.48,1
94993,424,business,2,0.13,1
65546,619,student,4,0.54,0
13905,477,retired,4,0.3,0
37712,729,salaried,0,0.44,1
86534,733,salaried,1,0.2,1
41217,875,business,1,0.16,1
116313,366,retired,2,0.34,0
102988,852,business,4,0.13,1
92963,784,salaried,3,0.13,1
25646,603,student,2,0.37,0
63602,638,salaried,4,0.51,0
119064,830,retired,2,0.11,1
41356,840,retired,2,0.58,1
16075,391,student,3,0.36,0
30257,508,student,4,0.13,0
52710,561,salaried,3,0.04,0
60857,776,student,4,0.03,0
140465,843,student,4,0.2,1
17687,879,student,3,0.37,0
146980,551,business,1,0.51,1
70404,312,business,2,0.03,0
45264,603,student,4,0.45,0
48259,531,student,1,0.52,0
65816,463,salaried,3,0.6,0
107757,684,business,3,0.36,1
11908,635,retired,1,0.02,0
100412,855,student,4,0.21,0
128935,380,retired,0,0.45,1
102151,642,salaried,2,0.2,1
134635,818,salaried,4,0.22,1
81687,566,salaried,0,0.27,1
126490,786,salaried,2,0.06,1
104182,815,business,3,0.04,1
9583,471,retired,2,0.32,0
66102,727,business,0,0.51,1
14532,410,student,4,0.58,0
36209,410,business,0,0.41,0
119482,629,salaried,0,0.13,1
12180,672,salaried,1,0.56,1
99825,305,student,1,0.17,0
111424,368,salaried,3,0.6,1
107301,857,business,4,0.32,1
38315,338,business,4,0.1,0
139793,409,business,0,0.52,1
131133,730,student,3,0.18,1
72084,424,business,2,0.51,1
9548,853,retired,1,0.37,0
131723,339,student,1,0.52,1
94198,591,salaried,3,0.04,0
91198,377,student,0,0.37,0
38465,390,business,2,0.39,0
26040,733,business,2,0.54,1
130048,781,student,4,0.52,1
23958,790,salaried,0,0.17,1
112278,432,salaried,2,0.35,1
95213,486,salaried,4,0.14,0
71880,859,student,0,0.54,1
94361,798,salaried,1,0.05,1
137076,757,student,2,0.49,1
113402,571,salaried,1,0.57,1
15911,390,salaried,4,0.28,0
38039,505,business,1,0.49,0
15837,638,student,3,0.37,0
143008,768,retired,3,0.46,1
138094,548,salaried,4,0.55,1
29089,507,salaried,2,0.27,0
27612,396,salaried,2,0.11,0
15685,339,business,1,0.12,0
128519,353,salaried,3,0.33,0
148147,329,salaried,0,0.33,1
69989,486,student,2,0.39,0
123966,430,business,0,0.54,1
101538,675,salaried,3,0.47,1
59847,603,business,3,0.5,0
67628,545,business,2,0.1,0
78208,374,student,1,0.41,0
9789,687,student,2,0.54,0
64747,689,salaried,4,0.2,0
93370,870,student,3,0.17,1
85563,553,salaried,1,0.47,1
25111,382,retired,3,0.14,0
91013,458,business,2,0.51,1
33887,414,student,0,0.25,0
118071,843,salaried,4,0.46,1
74196,813,salaried,4,0.14,0
78903,429,salaried,0,0.1,0
121080,358,salaried,2,0.44,1
55214,503,business,2,0.02,0
107283,671,salaried,2,0.58,1
80071,383,salaried,3,0.3,0
72835,766,salaried,3,0.12,0
95272,429,salaried,2,0.59,1
111135,428,salaried,3,0.31,0
97949,556,retired,3,0.04,0
90207,721,business,2,0.51,1
134821,474,salaried,2,0.23,1
60471,770,business,1,0.4,1
125543,518,business,3,0.39,1
27293,784,salaried,0,0.3,1
77719,450,business,3,0.35,0
13368,427,retired,1,0.37,0
106965,891,business,2,0.02,1
58966,465,student,3,0.41,0
20745,638,salaried,3,0.09,0
38696,625,student,3,0.34,0
111263,307,salaried,0,0.25,1
147896,391,salaried,4,0.06,0
82628,330,salaried,3,0.39,0
147177,447,salaried,0,0.21,1
137234,777,student,4,0.31,1
117990,561,business,2,0.13,1
136110,812,student,3,0.59,1
58866,806,salaried,2,0.44,1
146771,334,salaried,0,0.55,1
99313,503,salaried,1,0.54,1
38926,763,student,2,0.47,0
144836,807,salaried,3,0.42,1
28635,494,business,3,0.05,0
63737,551,student,2,0.25,0
86382,486,retired,1,0.48,0
49258,307,business,3,0.45,0
38667,316,business,2,0.58,0
94703,718,retired,4,0.13,0
131060,336,salaried,1,0.45,1
15667,359,student,2,0.35,0
118215,605,salaried,4,0.58,1
21004,886,student,2,0.11,0
29418,375,salaried,0,0.53,0
76896,753,salaried,2,0.08,1
30600,808,salaried,0,0.55,1
116624,326,business,2,0.1,0
120846,678,business,1,0.46,1
33673,636,retired,2,0.31,0
110380,612,business,0,0.21,1
29002,622,salaried,3,0.55,0
92210,750,salaried,2,0.0,1
51577,851,salaried,0,0.42,1
49554,349,salaried,2,0.02,0
22253,742,salaried,3,0.45,0
29939,469,salaried,4,0.12,0
141567,438,business,0,0.45,1
98138,741,business,4,0.6,1
37389,490,student,1,0.54,0
26080,316,salaried,2,0.15,0
130029,871,student,4,0.3,1
98072,302,business,4,0.23,0
17368,641,student,0,0.57,0
97601,565,salaried,1,0.19,1
118750,708,salaried,1,0.39,1
99823,672,student,2,0.29,0
113037,839,salaried,4,0.03,1
120155,590,business,2,0.06,1
104562,624,salaried,1,0.49,1
104423,314,business,4,0.25,0
106401,371,salaried,4,0.43,0
58331,397,salaried,1,0.39,0
24086,395,student,2,0.15,0
102137,727,business,3,0.28,1
69249,883,retired,0,0.52,1
76404,749,salaried,1,0.49,1
16371,351,retired,2,0.11,0
146333,519,salaried,0,0.06,1
133357,771,business,2,0.1,1
138059,496,salaried,3,0.53,1
13654,844,salaried,1,0.22,0
48191,867,retired,2,0.2,1
51696,682,business,1,0.34,1
101931,487,salaried,3,0.32,0
94068,587,retired,4,0.55,0
86434,623,retired,0,0.6,1
64220,806,salaried,4,0.23,0
44821,897,salaried,3,0.4,1
128365,317,salaried,2,0.55,1
98081,434,student,3,0.41,0
101765,542,salaried,0,0.56,1
89250,340,salaried,0,0.33,1
42202,892,salaried,2,0.37,1
99881,686,salaried,4,0.03,0
77122,762,salaried,4,0.16,0
84590,666,student,4,0.43,0
79990,547,salaried,3,0.12,0
145415,418,retired,4,0.24,1
94636,624,salaried,2,0.27,1
130341,419,salaried,4,0.27,1
31665,479,salaried,1,0.34,0
121756,887,business,4,0.36,1
10206,589,business,4,0.18,0
27111,760,salaried,0,0.41,1
75630,783,student,4,0.14,0
65919,329,retired,0,0.29,0
34230,534,student,1,0.28,0
107475,742,student,0,0.33,1
147946,590,student,2,0.09,1
25050,582,student,0,0.46,0
97063,685,salaried,0,0.53,1
42107,804,business,0,0.06,1
120660,607,student,0,0.54,1
67523,319,business,0,0.39,1
33449,429,business,4,0.19,0
103908,413,student,4,0.15,0
49410,808,salaried,2,0.19,0
21487,384,salaried,2,0.08,0
106879,788,student,3,0.42,1
121577,676,retired,0,0.29,1
15243,758,student,3,0.31,0
18401,711,business,4,0.05,0
98615,322,salaried,1,0.49,1
142606,408,business,0,0.38,1
13073,426,salaried,4,0.4,0
39476,769,retired,2,0.14,0
35357,764,retired,3,0.02,0
73281,745,business,1,0.42,1
19290,602,salaried,3,0.32,0
110370,891,salaried,1,0.51,1
129711,866,salaried,4,0.58,1
103785,420,student,3,0.3,0
80413,335,salaried,0,0.47,1
118635,725,student,2,0.58,1
75487,779,salaried,0,0.22,1
101203,866,salaried,0,0.11,1
54452,519,salaried,2,0.21,0
131514,538,salaried,3,0.24,1
120194,653,business,4,0.14,1
40703,373,salaried,1,0.11,0
68941,465,student,1,0.13,0
76714,557,salaried,2,0.51,1
131423,352,retired,4,0.05,0
86865,660,salaried,2,0.11,1
70223,460,business,3,0.33,0
77160,575,salaried,2,0.24,0
13928,336,salaried,4,0.3,0
14505,710,salaried,3,0.19,0
126966,474,salaried,2,0.36,1
147061,516,salaried,2,0.22,1
120220,452,student,4,0.39,0
11985,346,business,1,0.47,0
71767,841,salaried,1,0.44,1
77342,354,student,1,0.6,0
46489,838,business,2,0.4,1
58380,692,student,3,0.37,0
11648,878,retired,2,0.2,0
71588,767,salaried,0,0.57,1
108760,502,retired,2,0.32,1
113389,300,salaried,2,0.17,0
148254,695,salaried,3,0.08,1
143325,796,salaried,4,0.29,1
143018,581,student,1,0.07,1
99294,826,business,0,0.34,1
141447,668,business,3,0.1,1
145572,663,business,1,0.14,1
34963,737,salaried,2,0.49,1
110015,806,salaried,4,0.28,1
102288,481,student,0,0.01,0
87518,778,salaried,0,0.51,1
84168,378,business,0,0.25,1
94060,485,student,3,0.44,0
86151,891,business,0,0.13,1
46599,587,business,0,0.11,1
105665,637,retired,1,0.25,1
40328,558,retired,4,0.47,0
126257,812,salaried,2,0.21,1
20935,844,retired,1,0.41,1
45972,861,salaried,2,0.4,1
149826,416,salaried,1,0.08,1
71783,404,business,2,0.45,0
63123,342,salaried,2,0.4,0
131775,883,student,3,0.33,1
81347,859,salaried,3,0.42,1
77029,417,student,3,0.02,0
147175,367,retired,0,0.23,1
142401,815,salaried,3,0.05,1
119261,694,business,4,0.39,1
59805,771,business,0,0.5,1
95254,416,salaried,4,0.57,0
81882,682,student,1,0.11,0
42967,806,salaried,4,0.35,0
133060,752,salaried,2,0.25,1
104372,321,student,3,0.29,0
46098,782,salaried,0,0.23,1
86807,645,student,4,0.04,0
93355,375,salaried,1,0.47,0
26317,830,salaried,0,0.19,1
27476,849,business,0,0.18,1
10605,861,student,4,0.08,0
47567,490,salaried,1,0.56,0
127358,420,student,4,0.42,0
12335,531,business,3,0.11,0
41460,636,student,1,0.6,0
10389,733,student,2,0.06,0
63100,479,salaried,3,0.05,0
98342,308,business,0,0.5,1
49562,833,salaried,2,0.11,1
138003,810,salaried,3,0.19,1
94067,504,salaried,2,0.56,1
43627,364,business,1,0.59,0
44086,576,business,4,0.09,0
30656,527,student,0,0.39,0
128257,662,student,3,0.01,0
19357,394,business,0,0.32,0
104778,843,business,4,0.28,1
99885,896,salaried,0,0.31,1
15189,754,business,4,0.02,0
55187,813,salaried,2,0.35,1
41533,569,business,2,0.45,0
88574,648,business,2,0.25,1
57644,304,salaried,2,0.33,0
97120,457,salaried,3,0.19,0
79587,374,salaried,3,0.42,0
54015,565,salaried,0,0.01,0
133811,552,student,0,0.57,1
140138,401,business,3,0.22,1
105339,897,business,0,0.16,1
104934,816,student,1,0.47,1
13637,857,salaried,0,0.06,1
106172,564,salaried,1,0.49,1
38184,789,business,4,0.54,1
83742,533,salaried,1,0.25,0
96352,608,salaried,2,0.29,1
119782,495,student,0,0.11,1
34651,345,business,3,0.39,0
54196,853,student,1,0.35,1
49513,704,student,3,0.49,0
39362,552,business,3,0.34,0
134961,839,student,1,0.45,1
146992,413,salaried,4,0.06,0
14270,560,business,4,0.33,0
40582,452,business,4,0.04,0
137538,477,retired,4,0.09,0
136824,494,salaried,2,0.13,1
39918,359,business,2,0.11,0
47728,843,student,1,0.07,0
79186,467,salaried,4,0.24,0
132784,425,student,1,0.44,1
22290,542,business,1,0.04,0
116450,410,salaried,0,0.41,1
124844,868,student,4,0.47,1
112177,758,salaried,4,0.43,1
118708,700,student,0,0.15,1
18861,659,salaried,3,0.29,0
139284,786,salaried,3,0.2,1
141599,882,salaried,3,0.07,1
128562,723,business,3,0.03,1
60986,331,student,4,0.51,0
52545,382,salaried,3,0.26,0
36854,479,student,1,0.55,0
132976,476,retired,2,0.18,1
114260,528,salaried,4,0.4,1
77422,790,salaried,0,0.57,1
40040,784,student,3,0.53,0
148456,392,retired,3,0.01,0
38713,584,student,4,0.07,0
48027,453,salaried,2,0.23,0
87762,560,salaried,4,0.06,0
14124,899,student,3,0.16,0
111788,619,salaried,1,0.58,1
133101,467,salaried,1,0.14,1
132908,457,salaried,0,0.51,1
37107,505,business,3,0.57,0
13695,828,business,2,0.12,0
75434,867,salaried,1,0.38,1
52747,791,retired,1,0.39,1
87360,454,student,3,0.19,0
29891,524,salaried,3,0.41,0
65117,576,salaried,3,0.15,0
45796,735,salaried,4,0.39,0
110275,864,business,3,0.37,1
79252,438,student,4,0.02,0
58908,409,retired,4,0.39,0
122337,700,salaried,1,0.09,1
24225,799,business,0,0.48,1
25787,392,salaried,4,0.11,0
146060,456,salaried,4,0.42,1
118447,863,business,2,0.26,1
107157,389,student,0,0.02,0
22662,459,salaried,4,0.13,0
75629,423,retired,3,0.37,0
61688,875,salaried,0,0.19,1
80706,836,salaried,0,0.26,1
149057,637,salaried,3,0.1,1
40777,723,salaried,1,0.39,1
31476,404,student,4,0.32,0
134038,815,business,1,0.22,1
44801,759,business,2,0.29,1
122615,664,salaried,0,0.38,1
20199,671,student,1,0.02,0
98086,610,salaried,0,0.09,1
26885,303,business,3,0.49,0
146892,579,salaried,0,0.24,1
101054,402,salaried,3,0.5,0
46011,648,business,1,0.2,1
85580,341,retired,0,0.46,0
34966,717,salaried,0,0.51,1
46837,836,salaried,4,0.12,0
22949,330,student,3,0.3,0
68486,832,business,3,0.46,1
137872,710,business,4,0.52,1
45249,758,salaried,0,0.42,1
43800,698,salaried,4,0.05,0
29503,668,student,0,0.56,0
52156,558,retired,4,0.33,0
102763,531,retired,4,0.39,0
19772,842,business,2,0.34,1
57123,493,salaried,4,0.26,0
149310,601,salaried,2,0.18,1
57673,800,business,3,0.4,1
9173,670,business,1,0.1,0
51967,739,business,2,0.1,0
68259,330,student,3,0.45,0
14208,591,student,3,0.02,0
80182,860,retired,3,0.38,1
90780,821,business,4,0.21,1
83325,735,business,1,0.38,1
52018,803,business,3,0.54,1
59081,745,student,4,0.34,0
12216,641,salaried,4,0.53,0
37534,813,student,1,0.48,0
72835,495,retired,3,0.27,0
104518,670,salaried,0,0.24,1
135163,806,salaried,0,0.31,1
93184,717,salaried,2,0.49,1
110004,387,salaried,1,0.55,1
108985,716,student,4,0.53,1
29378,503,salaried,2,0.41,0
70436,814,salaried,4,0.48,1
140311,330,salaried,4,0.18,0
37407,655,salaried,1,0.14,0
17055,879,business,1,0.59,1
22493,866,salaried,4,0.08,0
145463,610,student,2,0.34,1
41389,598,business,2,0.27,0
11954,623,business,2,0.29,0
26673,692,retired,1,0.04,0
50835,503,business,3,0.37,0
98203,624,student,3,0.56,1
64389,856,business,0,0.45,1
35555,571,salaried,3,0.57,0
135159,756,student,3,0.47,1
149268,742,salaried,2,0.29,1
27382,463,student,3,0.17,0
18081,665,retired,2,0.55,0
89840,303,salaried,2,0.12,0
53888,351,student,0,0.45,0
136166,734,retired,0,0.53,1
121838,452,student,0,0.12,0
72990,429,salaried,3,0.22,0
79191,372,student,4,0.43,0
129068,613,salaried,0,0.47,1
46893,376,salaried,3,0.23,0
79278,617,business,4,0.15,0
19096,597,retired,1,0.58,0
88638,418,salaried,1,0.16,0
57061,337,business,4,0.18,0
43133,474,salaried,3,0.42,0
67976,624,salaried,2,0.24,1
27253,673,retired,2,0.11,0
70681,652,student,4,0.21,0
131163,372,salaried,3,0.05,0
95814,424,business,0,0.05,1
108516,323,student,1,0.05,0
120662,839,salaried,2,0.23,1
46036,362,student,2,0.18,0
24262,689,retired,0,0.54,0
50692,865,business,1,0.25,1
42742,600,business,1,0.51,1
91818,412,salaried,4,0.42,0
39550,590,salaried,3,0.03,0
148539,781,business,2,0.25,1
119736,529,retired,0,0.51,1
36243,568,student,4,0.16,0
118080,619,business,1,0.12,1
80892,731,business,1,0.54,1
126937,630,business,3,0.59,1
125708,756,business,0,0.14,1
114795,383,salaried,0,0.18,1
136704,454,student,0,0.48,1
82176,859,retired,2,0.12,1
111992,775,business,1,0.11,1
45869,427,student,4,0.32,0
29982,446,salaried,0,0.48,0
52503,356,student,4,0.03,0
23217,656,salaried,0,0.54,1
23786,444,salaried,0,0.58,0
14095,747,salaried,4,0.47,0
80642,733,student,0,0.01,0
144137,655,retired,3,0.44,1
106186,397,business,3,0.31,1
37343,876,salaried,4,0.07,0
26848,712,student,4,0.47,0
90135,597,business,3,0.4,1
68653,495,student,1,0.31,0
123715,549,student,0,0.24,1
71105,401,salaried,4,0.32,0
137186,788,salaried,3,0.34,1
144973,384,retired,4,0.04,0
15552,632,retired,0,0.6,0
141150,480,business,0,0.56,1
57621,490,business,0,0.21,1
114493,809,salaried,3,0.1,1
36829,358,business,0,0.59,0
99460,526,salaried,3,0.47,1
130193,335,business,3,0.32,1
124103,803,retired,0,0.29,1
147124,700,retired,1,0.01,1
122317,402,salaried,3,0.15,1
52897,829,business,0,0.02,1
122864,583,salaried,2,0.31,1
138861,613,salaried,3,0.3,1
47325,566,salaried,0,0.56,1
108095,635,salaried,1,0.4,1
141493,703,salaried,0,0.37,1
66453,551,business,1,0.51,1
19674,593,student,4,0.03,0
84026,457,salaried,4,0.47,0
84814,496,student,0,0.57,0
54167,468,business,1,0.28,0
132528,630,salaried,0,0.14,1
112787,346,salaried,1,0.1,0
48231,556,student,1,0.15,0
24300,541,business,2,0.29,0
106559,570,salaried,0,0.18,1
37117,356,business,1,0.06,0
72917,466,retired,2,0.09,0
134000,631,business,2,0.0,1
107661,739,business,0,0.2,1
91302,655,student,2,0.21,0
119009,514,salaried,3,0.42,1
41183,838,business,3,0.48,1
70324,613,salaried,2,0.46,0
21609,370,salaried,4,0.49,0
133664,590,student,1,0.34,1
134766,405,salaried,3,0.38,1
68341,352,student,0,0.09,0
15421,886,student,2,0.1,0
64391,639,salaried,3,0.57,1
81255,795,salaried,2,0.12,1
57623,370,business,4,0.01,0
62243,683,student,3,0.11,0
98459,309,salaried,3,0.36,0
106962,788,salaried,3,0.55,1
22415,342,salaried,2,0.5,0
75024,734,business,3,0.31,1
62154,521,business,0,0.45,1
95633,516,salaried,2,0.13,0
23008,855,business,0,0.35,1
115861,811,salaried,2,0.45,1
133873,456,salaried,3,0.11,1
13483,794,business,1,0.06,1
146877,850,salaried,1,0.56,1
42885,555,business,2,0.12,0
92442,465,retired,2,0.42,0
135652,765,business,1,0.1,1
12256,336,salaried,4,0.19,0
10268,895,salaried,3,0.05,0
65761,752,salaried,3,0.46,1
108751,651,salaried,4,0.37,1
106825,772,business,0,0.28,1
82751,584,student,2,0.22,0
103686,422,salaried,1,0.34,1
36144,411,business,1,0.45,0
45810,348,salaried,4,0.26,0
16615,754,salaried,3,0.31,0
94217,529,business,2,0.01,0
75150,589,salaried,1,0.29,1
84959,643,salaried,4,0.55,0
143595,568,salaried,2,0.4,1
78914,813,retired,1,0.59,1
61395,875,salaried,2,0.34,1
98932,811,retired,3,0.03,0
74269,620,salaried,1,0.1,1
56252,711,student,4,0.09,0
146710,550,business,4,0.59,1
88210,811,student,3,0.07,0
132681,311,salaried,3,0.12,0
62974,323,student,4,0.29,0
17854,372,student,0,0.36,0
112657,306,salaried,4,0.28,0
77013,628,salaried,3,0.08,0
83137,594,business,0,0.31,1
89620,417,salaried,4,0.16,0
25294,663,student,3,0.11,0
24728,824,salaried,3,0.42,1
41118,645,student,0,0.37,0
66785,561,business,3,0.43,1
124427,472,business,0,0.43,1
77599,359,student,2,0.51,0
60993,690,student,3,0.29,0
93749,889,salaried,2,0.42,1
117339,488,business,4,0.37,1
35650,720,student,2,0.29,0
130876,333,salaried,3,0.3,0
39424,859,salaried,0,0.34,1
130061,463,salaried,1,0.1,1
102124,664,business,4,0.01,1
16029,654,retired,4,0.34,0
140933,496,salaried,1,0.23,1
84456,840,salaried,3,0.2,1
93707,762,student,4,0.58,0
13055,841,salaried,1,0.36,1
108061,699,student,1,0.21,1
81332,608,salaried,0,0.22,1
103956,379,student,4,0.14,0
53431,581,retired,4,0.08,0
134460,538,salaried,4,0.23,1
132943,674,salaried,1,0.52,1
141598,718,salaried,3,0.14,1
30725,587,retired,0,0.57,0
81483,522,student,1,0.17,0
57095,611,business,3,0.34,0
64946,802,student,2,0.14,0
12651,748,salaried,0,0.02,0
9825,899,student,1,0.42,0
102197,513,salaried,0,0.21,1
11834,721,salaried,3,0.35,0
12473,309,student,0,0.4,0
9257,524,business,4,0.28,0
20296,598,salaried,2,0.0,0
138583,856,retired,3,0.13,1
77350,353,retired,3,0.51,0
88765,897,salaried,3,0.15,1
98274,541,student,1,0.35,0
137079,374,business,1,0.52,1
74932,815,retired,2,0.33,1
143165,613,salaried,1,0.48,1
134136,822,retired,3,0.27,1
108864,445,student,1,0.43,0
12344,306,retired,2,0.17,0
59180,619,student,1,0.22,0
84749,808,salaried,3,0.15,1
26435,378,business,0,0.45,0
134183,876,student,2,0.53,1
128059,412,business,4,0.42,1
102636,718,business,4,0.09,1
133223,875,student,2,0.03,1
145299,504,student,1,0.24,1
135459,431,retired,0,0.08,1
44401,877,student,3,0.38,0
73372,437,student,0,0.32,0
8976,401,business,1,0.25,0
52083,363,salaried,2,0.46,0
61029,475,student,1,0.43,0
20149,821,salaried,3,0.02,0
79580,388,salaried,0,0.25,0
59810,635,retired,4,0.08,0
149722,380,salaried,1,0.01,1
103635,796,student,3,0.31,1
19738,660,salaried,0,0.6,1
48390,553,salaried,3,0.19,0
78357,396,business,3,0.38,0
148831,841,student,0,0.51,1
23286,329,salaried,4,0.02,0
51817,788,salaried,2,0.22,1
126195,815,student,3,0.54,1
111419,730,salaried,4,0.14,1
119614,467,salaried,1,0.53,1
128300,730,student,0,0.02,1
57438,643,business,4,0.22,0
55513,800,business,1,0.04,1
111807,317,salaried,2,0.47,1
86637,597,business,1,0.08,1
39906,462,salaried,2,0.46,0
102093,675,business,4,0.2,1
138369,582,salaried,2,0.1,1
93068,332,retired,1,0.23,0
144592,416,student,0,0.24,1
136620,823,retired,2,0.1,1
97988,883,salaried,0,0.31,1
129777,415,business,3,0.42,1
85164,659,business,1,0.24,1
25493,521,business,1,0.09,0
100383,565,retired,1,0.24,1
83447,651,business,2,0.36,1
53878,716,salaried,1,0.07,1
67750,376,retired,3,0.38,0
57936,422,salaried,1,0.01,0
12406,505,business,4,0.21,0
136543,482,salaried,2,0.01,1
73842,784,student,1,0.42,1
77772,637,student,2,0.15,0
20555,574,salaried,3,0.46,0
104796,530,business,2,0.18,1
19251,624,salaried,1,0.12,0
61937,438,business,1,0.08,0
62574,863,retired,0,0.05,1
29353,372,business,0,0.12,0
97307,658,salaried,2,0.48,1
34869,521,student,4,0.35,0
97121,634,business,3,0.0,1
11061,812,salaried,2,0.19,0
69644,341,student,4,0.48,0
122714,375,retired,1,0.2,0
113749,363,student,0,0.29,0
67022,368,salaried,2,0.35,0
10088,717,student,2,0.51,0
102875,695,salaried,1,0.45,1
137766,312,salaried,3,0.48,0
36830,832,business,3,0.57,1
85634,676,salaried,1,0.33,1
49800,542,salaried,2,0.06,0
11447,501,salaried,0,0.1,0
148201,334,student,4,0.6,0
37232,615,business,4,0.03,0
37654,678,salaried,3,0.22,0
28621,666,salaried,0,0.15,0
115912,855,student,0,0.48,1
9254,392,salaried,0,0.2,0
148255,793,business,3,0.2,1
26604,469,business,4,0.42,0
106613,597,student,4,0.45,0
16218,510,business,0,0.39,0
119701,374,business,3,0.37,0
140639,425,student,1,0.22,0
86993,353,business,4,0.39,0
13010,569,salaried,2,0.49,0
65979,704,salaried,3,0.19,1
98568,450,retired,0,0.57,1
149442,631,salaried,0,0.45,1
44130,516,business,3,0.39,0
125192,355,business,2,0.46,1
71445,517,salaried,4,0.1,0
33728,802,business,3,0.1,1
135824,793,student,1,0.14,1
93243,726,salaried,3,0.07,1
68571,544,retired,0,0.36,1
76505,482,salaried,4,0.26,0
128121,752,salaried,0,0.27,1
107367,505,business,2,0.32,1
128368,418,salaried,3,0.06,0
103608,511,salaried,0,0.43,1
141765,779,salaried,4,0.29,1
128404,800,student,2,0.52,1
117784,330,salaried,2,0.51,0
134539,748,salaried,4,0.41,1
102812,365,student,2,0.06,0
20247,396,student,0,0.0,0
116646,566,student,3,0.09,0
57592,693,student,2,0.48,0
35548,666,salaried,2,0.23,0
143140,644,retired,1,0.49,1
23849,351,student,0,0.31,0
115885,713,business,0,0.01,1
61907,644,student,0,0.26,0
76119,810,business,1,0.16,1
65389,741,student,1,0.46,0
83679,748,salaried,2,0.14,1
85658,531,student,1,0.59,0
36955,348,student,2,0.3,0
94263,595,student,3,0.47,0
14248,415,business,0,0.38,0
64467,580,retired,0,0.57,1
101670,315,salaried,2,0.23,0
144059,792,salaried,3,0.23,1
125369,468,salaried,4,0.55,1
10354,732,student,1,0.57,0
66719,537,business,3,0.52,1
17765,821,student,1,0.57,0
47420,327,business,1,0.23,0
128318,485,salaried,3,0.48,1
57850,398,salaried,1,0.17,0
109820,351,student,1,0.44,0
60314,834,salaried,4,0.14,0
28536,799,salaried,4,0.35,0
39416,617,business,4,0.2,0
93173,408,salaried,0,0.02,0
36698,418,student,4,0.51,0
110504,790,student,2,0.29,1
24664,773,retired,3,0.56,0
24553,577,business,0,0.02,0
67639,774,business,1,0.17,1
9070,831,salaried,3,0.08,0
74540,515,salaried,1,0.24,0
105008,524,student,0,0.34,0
122931,653,student,2,0.46,1
15720,629,salaried,0,0.52,0
74551,490,salaried,2,0.46,0
144784,521,student,2,0.34,1
55487,598,student,1,0.17,0
36025,533,student,1,0.28,0
124379,519,salaried,4,0.26,1
108861,642,retired,1,0.16,1
51906,714,business,2,0.18,0
22237,802,business,3,0.38,0
128279,811,business,4,0.12,1
57616,637,salaried,1,0.21,1
24153,882,salaried,4,0.24,0
128279,720,business,2,0.1,1
119237,506,student,2,0.17,0
58258,570,salaried,3,0.23,0
30568,787,retired,1,0.23,1
98672,398,salaried,1,0.39,1
33782,486,salaried,1,0.58,0
55198,545,business,1,0.42,0
114483,793,student,0,0.12,1
144306,819,student,3,0.23,1
82673,475,salaried,0,0.07,1
101473,575,salaried,1,0.57,1
142036,422,salaried,2,0.44,1
94505,806,salaried,1,0.46,1
72600,316,student,4,0.59,0
106661,824,business,3,0.38,1
93964,465,salaried,4,0.01,0
81834,855,student,2,0.52,1
34858,385,business,2,0.51,0
29312,805,salaried,4,0.12,0
100095,867,salaried,0,0.23,1
108936,865,salaried,2,0.46,1
65879,411,salaried,3,0.48,0
63989,456,business,4,0.45,0
138903,339,salaried,0,0.29,1
39533,730,salaried,3,0.59,1
45707,736,business,3,0.08,0
99208,633,business,2,0.19,1
99900,836,retired,2,0.58,1
119747,359,student,1,0.19,0
95756,492,business,1,0.51,1
20504,320,salaried,2,0.08,0
42922,522,student,4,0.23,0
77725,798,retired,1,0.2,1
133725,688,salaried,3,0.42,1
28127,569,business,0,0.34,0
79604,460,business,2,0.54,1
110951,578,salaried,0,0.42,1
33882,382,business,3,0.53,0
42831,480,business,0,0.11,0
43560,884,salaried,4,0.39,1
107078,491,business,2,0.48,1
42165,621,salaried,1,0.54,1
117043,398,salaried,4,0.39,0
130395,543,business,0,0.08,1
8374,721,business,2,0.37,0
27457,387,retired,2,0.4,0
21636,360,salaried,4,0.56,0
57165,440,retired,0,0.37,0
67700,785,student,1,0.56,1
51728,858,student,2,0.51,0
86315,406,salaried,2,0.03,0
30751,771,business,2,0.17,1
120152,715,business,2,0.26,1
28667,540,salaried,4,0.07,0
51037,831,salaried,4,0.28,0
21008,795,retired,3,0.13,0
102731,826,salaried,2,0.2,1
46743,464,salaried,0,0.44,1
28628,828,salaried,0,0.29,1
59689,863,salaried,1,0.26,1
81824,710,business,2,0.57,1
127110,342,salaried,1,0.36,1
116664,539,retired,1,0.21,1
131542,739,retired,3,0.22,1
126640,389,student,1,0.18,0
106474,838,business,3,0.25,1
42135,304,retired,2,0.37,0
86935,810,retired,4,0.55,1
111466,371,salaried,2,0.04,0
107414,697,student,4,0.11,0
27979,681,retired,4,0.09,0
146483,446,retired,2,0.36,1
149069,695,salaried,0,0.07,1
12266,796,student,2,0.25,0
124368,681,business,0,0.11,1
24242,653,salaried,3,0.19,0
51320,429,business,0,0.13,0
59019,579,salaried,4,0.49,0
9140,779,business,4,0.54,0
52715,816,business,1,0.24,1
55161,675,business,0,0.11,1
95746,882,salaried,0,0.34,1
22098,657,business,0,0.6,1
127262,478,salaried,3,0.04,0
125444,792,student,2,0.15,1
62745,858,salaried,2,0.46,1
55321,428,student,3,0.32,0
57860,882,business,0,0.15,1
111027,486,salaried,2,0.14,1
52154,679,salaried,4,0.54,0
111778,638,business,4,0.15,1
148695,493,salaried,2,0.05,1
45393,877,salaried,0,0.5,1
68696,840,salaried,4,0.57,1
18985,797,business,1,0.36,1
79298,595,business,2,0.09,1
60548,345,salaried,0,0.11,0
28428,660,salaried,3,0.49,0
131779,620,salaried,4,0.37,1
109784,310,student,1,0.13,0
110770,494,retired,3,0.33,0
115843,394,salaried,0,0.24,1
94935,634,student,4,0.54,0
124089,473,business,0,0.45,1
147160,838,salaried,4,0.47,1
103377,535,salaried,3,0.25,1
56030,500,student,2,0.24,0
49702,350,business,3,0.1,0
113191,453,business,0,0.38,1
137883,739,salaried,2,0.32,1
91902,504,salaried,4,0.52,0
95989,330,retired,4,0.01,0
27836,519,student,1,0.14,0
100858,754,business,2,0.0,1
99715,508,business,3,0.41,1
81191,553,student,4,0.54,0
25950,645,salaried,0,0.37,0
62853,702,salaried,3,0.31,0
72632,330,salaried,1,0.2,0
29480,637,business,2,0.12,0
32123,653,salaried,2,0.33,0
106095,551,business,3,0.56,1
80890,323,business,4,0.28,0
29713,364,retired,1,0.51,0
130933,711,salaried,1,0.28,1
28281,358,salaried,0,0.49,0
127337,753,business,1,0.39,1
107628,617,retired,3,0.25,0
30157,562,salaried,3,0.57,0
47990,490,salaried,0,0.05,0
23013,853,salaried,3,0.45,1
51028,791,student,1,0.06,0
131645,640,student,4,0.31,0
101735,800,salaried,3,0.23,1
92728,633,salaried,1,0.55,1
149187,878,retired,3,0.03,1
16912,332,student,4,0.46,0
32523,844,salaried,3,0.51,1
101803,316,business,0,0.36,1
42800,548,business,3,0.12,0
38022,706,salaried,4,0.43,0
121174,337,salaried,4,0.14,0
122003,319,salaried,1,0.43,1
115579,786,student,3,0.17,1
98426,476,salaried,0,0.01,1
67698,477,student,4,0.53,0
16003,748,salaried,0,0.39,1
9035,870,salaried,3,0.42,0
89901,417,salaried,4,0.35,0
111512,307,salaried,3,0.47,0
13018,820,salaried,4,0.51,0
105345,663,salaried,4,0.09,1
148674,316,salaried,3,0.38,1
96064,752,student,0,0.1,1
144482,399,business,1,0.48,1
144634,575,salaried,4,0.39,1
14513,694,student,1,0.19,0
105676,552,salaried,1,0.01,1
135836,741,salaried,3,0.5,1
79735,577,salaried,0,0.09,1
49291,774,salaried,4,0.6,1
14274,743,salaried,4,0.21,0
146738,333,salaried,4,0.53,1
132012,519,retired,4,0.22,0
54046,442,salaried,4,0.28,0
75339,728,business,4,0.39,1
75673,636,business,1,0.54,1
123667,713,salaried,3,0.25,1
47001,726,salaried,0,0.36,1
106459,767,student,0,0.4,1
123855,517,salaried,2,0.16,1
135104,422,salaried,1,0.04,1
76122,336,student,1,0.17,0
68740,425,salaried,3,0.32,0
145362,408,business,1,0.47,1
21578,813,salaried,1,0.24,1
147500,422,salaried,0,0.32,1
86918,800,salaried,1,0.35,1
115844,751,salaried,0,0.31,1
64890,487,salaried,0,0.51,1
145309,754,student,4,0.02,1
116425,643,business,2,0.14,1
131179,756,salaried,0,0.19,1
66623,748,business,1,0.57,1
128636,346,salaried,2,0.03,0
147781,787,salaried,1,0.04,1
9511,618,salaried,4,0.02,0
25397,696,business,1,0.16,1
60108,685,business,0,0.12,1
41192,651,salaried,0,0.01,0
30422,817,salaried,3,0.19,0
81561,416,salaried,3,0.14,0
84475,671,salaried,1,0.45,1
58356,833,student,3,0.35,0
18256,773,salaried,3,0.11,0
88605,468,retired,0,0.07,0
9613,773,student,4,0.03,0
111723,333,salaried,1,0.56,1
17004,491,salaried,1,0.33,0
23779,478,student,4,0.03,0
55920,807,retired,3,0.09,0
104844,743,business,4,0.22,1
81343,369,salaried,2,0.17,0
145316,434,salaried,4,0.33,1
66018,307,student,3,0.57,0
9222,822,retired,2,0.24,0
61355,326,salaried,3,0.38,0
11010,430,student,2,0.3,0
119279,337,salaried,1,0.27,1
132376,450,student,4,0.08,0
11699,718,business,2,0.12,0
33151,853,salaried,1,0.15,1
143576,667,salaried,0,0.08,1
38333,557,business,1,0.34,0
141078,728,salaried,1,0.44,1
45021,728,student,4,0.56,0
79626,557,student,2,0.52,0
122551,524,business,0,0.29,1
37760,638,retired,4,0.37,0
118343,493,student,4,0.25,0
56774,607,retired,3,0.55,0
12901,582,salaried,2,0.56,0
119282,676,salaried,3,0.39,1
35145,732,salaried,3,0.48,0
148190,808,business,3,0.58,1
20927,501,business,4,0.15,0
49640,430,student,4,0.44,0
61522,565,retired,3,0.12,0
90044,619,business,4,0.36,1
31234,598,business,4,0.43,0
139899,790,student,3,0.28,1
110020,333,salaried,3,0.26,0
137615,634,business,3,0.21,1
110639,872,business,0,0.53,1
26457,619,salaried,2,0.42,0
141769,886,salaried,3,0.35,1
29312,899,salaried,4,0.46,1
19245,379,salaried,1,0.33,0
93744,810,salaried,4,0.59,1
92147,354,salaried,0,0.32,0
56155,548,salaried,2,0.09,0
89058,378,salaried,3,0.15,0
146713,308,business,0,0.08,1
60564,482,student,2,0.28,0
23286,426,salaried,2,0.19,0
81910,669,salaried,3,0.56,1
87873,728,salaried,4,0.18,0
66543,451,student,3,0.06,0
146398,375,student,2,0.37,0
55276,665,salaried,3,0.13,0
97023,598,student,1,0.28,0
32848,882,salaried,4,0.15,0
20551,784,business,1,0.33,1
90006,504,salaried,3,0.03,0
34422,581,salaried,4,0.58,0
137900,582,salaried,0,0.6,1
97488,795,business,2,0.4,1
131780,363,salaried,1,0.09,1
113397,663,salaried,1,0.4,1
140845,784,student,1,0.14,1
68717,844,student,1,0.59,1
88803,821,business,2,0.14,1
63724,506,business,4,0.46,0
144870,897,salaried,1,0.14,1
57427,543,retired,2,0.43,0
16620,676,business,3,0.16,0
8386,315,salaried,1,0.27,0
125152,523,salaried,3,0.31,1
78425,465,salaried,1,0.31,1
32819,645,business,0,0.19,0
49355,883,business,3,0.51,1
14795,385,retired,2,0.31,0
112844,619,salaried,3,0.18,1
23625,555,business,4,0.39,0
78231,349,student,0,0.59,0
125195,703,business,1,0.56,1
90872,602,salaried,3,0.53,1
86431,606,business,4,0.14,0
67840,638,retired,4,0.06,0
79256,770,business,4,0.12,1
79188,740,salaried,2,0.5,1
134289,522,student,4,0.05,0
90809,645,business,2,0.2,1
28553,725,business,2,0.17,0
93193,516,retired,3,0.47,0
82865,651,salaried,1,0.3,1
107819,325,salaried,4,0.49,0
34331,325,business,3,0.1,0
102215,753,student,2,0.07,0
51032,743,business,1,0.11,1
11039,587,salaried,3,0.46,0
140353,395,salaried,1,0.12,1
66368,301,salaried,4,0.32,0
24752,582,business,4,0.33,0
28889,604,student,2,0.55,0
103013,397,salaried,2,0.38,1
74449,753,salaried,1,0.57,1
118598,620,student,3,0.48,1
49421,655,business,3,0.08,0
38769,784,salaried,2,0.36,1
73044,415,salaried,0,0.17,0
16250,697,business,3,0.55,0
103387,398,salaried,1,0.1,1
69722,687,salaried,0,0.34,1
77518,318,business,3,0.12,0
62917,758,business,1,0.18,1
115271,856,retired,4,0.43,1
39602,495,salaried,1,0.33,0
42538,549,salaried,4,0.1,0
55530,857,business,2,0.51,1
77586,756,student,0,0.39,1
27491,671,business,3,0.22,0
114891,814,salaried,3,0.39,1
71718,518,student,3,0.19,0
16665,554,salaried,3,0.29,0
52637,887,business,0,0.37,1
75584,839,business,3,0.31,1
80157,847,student,4,0.31,0
34830,634,salaried,2,0.41,0
128752,446,student,2,0.13,0
88910,388,business,3,0.58,1
37718,530,business,3,0.57,0
33364,884,business,0,0.28,1
104806,838,salaried,2,0.11,1
71926,392,business,0,0.25,0
139177,484,salaried,4,0.16,0
148814,738,student,1,0.32,1
39889,697,salaried,0,0.13,1
49353,413,business,2,0.34,0
126617,704,student,2,0.57,1
81085,503,student,1,0.33,0
44358,385,business,4,0.56,0
61662,622,student,0,0.17,0
113095,880,student,2,0.06,1
141899,509,business,3,0.4,1
112497,701,salaried,3,0.42,1
33249,475,salaried,0,0.15,0
133863,759,salaried,0,0.29,1
142727,755,student,4,0.22,1
106371,848,student,0,0.28,1
65864,775,business,2,0.26,1
130284,832,salaried,4,0.21,1
106381,764,student,1,0.27,1
83966,595,salaried,0,0.12,1
96900,465,student,2,0.2,0
17851,893,retired,2,0.29,0
130217,696,business,4,0.19,1
77472,820,business,4,0.0,1
100836,750,salaried,3,0.13,1
108559,783,salaried,4,0.23,1
18420,633,salaried,4,0.58,0
33480,758,salaried,2,0.22,0
97875,427,student,1,0.56,0
80535,826,business,3,0.34,1
123211,605,retired,1,0.55,1
52962,302,salaried,1,0.01,0
126050,647,salaried,3,0.08,1
104970,382,business,2,0.49,1
145924,471,salaried,3,0.57,1
145397,796,salaried,1,0.01,1
13043,362,salaried,1,0.47,0
20512,516,student,2,0.34,0
126113,570,business,0,0.16,1
120743,699,salaried,2,0.55,1
65066,657,student,2,0.27,0
43209,411,student,2,0.57,0
108522,682,student,3,0.58,1
39849,416,salaried,1,0.55,0
103731,322,salaried,4,0.3,0
49618,892,business,4,0.53,1
39186,617,salaried,3,0.36,0
139620,655,retired,4,0.41,1
96765,313,salaried,1,0.49,1
42651,688,salaried,2,0.39,1
69303,556,salaried,1,0.47,1
86985,581,business,4,0.27,0
41718,343,business,3,0.11,0
79101,607,business,4,0.2,0
59260,768,student,3,0.06,0
119801,346,salaried,0,0.59,1
26359,718,business,3,0.16,0
15359,329,salaried,1,0.04,0
43527,430,business,0,0.52,0
61983,678,retired,0,0.37,1
69205,316,salaried,0,0.48,0
68674,340,business,4,0.35,0
63026,874,salaried,1,0.56,1
13243,666,student,2,0.48,0
60915,467,salaried,2,0.11,0
45853,894,business,1,0.23,1
56290,640,salaried,3,0.6,1
16639,544,student,2,0.46,0
27545,641,business,4,0.31,0
129383,369,salaried,2,0.27,1
98654,436,retired,4,0.43,0
112798,893,student,4,0.12,1
56678,683,business,1,0.58,1
123324,437,salaried,0,0.26,1
138239,605,salaried,2,0.5,1
92644,620,retired,0,0.45,1
49324,894,salaried,1,0.31,1
111344,533,salaried,3,0.26,1
99718,771,salaried,4,0.44,1
128567,612,student,2,0.18,0
106941,626,salaried,2,0.39,1
8375,379,student,0,0.29,0
145522,892,retired,2,0.26,1
114338,700,salaried,3,0.51,1
13975,845,student,0,0.34,0
70959,449,retired,0,0.43,0
55438,473,business,1,0.03,0
73637,815,salaried,1,0.18,1
35444,504,salaried,4,0.46,0
115844,705,salaried,4,0.2,1
74601,527,salaried,1,0.34,1
58611,501,salaried,3,0.13,0
141660,413,business,1,0.01,1
106929,593,salaried,0,0.6,1
109517,772,student,3,0.24,0
98898,473,business,2,0.52,1
79282,543,student,3,0.23,0
105937,550,business,4,0.48,1
54535,655,student,4,0.44,0
122341,788,salaried,0,0.45,1
143332,422,business,3,0.31,1
115786,625,salaried,4,0.25,1
34077,833,retired,2,0.14,0
10363,737,salaried,3,0.26,0
115987,581,business,3,0.56,1
31468,461,student,0,0.59,0
102806,512,salaried,3,0.47,1
146913,804,salaried,1,0.29,1
145611,704,student,0,0.23,1
14640,761,student,1,0.51,0
106202,449,retired,4,0.46,0
30151,548,business,4,0.24,0
120943,550,business,3,0.38,1
93245,587,student,0,0.28,0
29997,355,business,3,0.36,0
132947,820,business,2,0.22,1
8422,400,retired,2,0.32,0
90935,742,salaried,3,0.22,1
104257,426,student,0,0.47,1
36501,650,salaried,1,0.3,0
90448,704,student,3,0.1,0
68796,400,business,1,0.16,0
126512,884,student,2,0.23,1
19436,736,salaried,3,0.16,0
130798,751,business,2,0.17,1
99474,773,student,1,0.39,1
51880,812,salaried,1,0.52,1
35457,732,salaried,4,0.29,0
17191,403,student,3,0.43,0
15880,335,salaried,4,0.05,0
40717,523,salaried,0,0.5,1
40628,312,salaried,2,0.24,0
116218,704,student,0,0.22,1
45375,468,student,0,0.32,0
137424,429,salaried,0,0.22,1
112877,663,retired,2,0.36,1
55545,632,student,3,0.13,0
95717,803,student,1,0.2,1
9361,898,salaried,2,0.2,1
43255,722,salaried,2,0.3,0
38347,720,salaried,4,0.04,0
129180,407,business,3,0.57,1
18872,427,retired,4,0.17,0
80407,304,student,0,0.42,0
66809,895,student,4,0.23,0
97248,364,business,1,0.08,0
108623,604,retired,2,0.5,1
148579,491,business,1,0.54,1
92069,468,business,3,0.4,1
89105,501,salaried,0,0.55,1
53170,380,salaried,2,0.55,0
56339,736,business,1,0.11,1
63284,593,salaried,1,0.42,1
134258,631,retired,4,0.23,1
9954,896,retired,3,0.4,0
141522,620,salaried,2,0.5,1
18349,499,student,4,0.49,0
124381,803,salaried,4,0.07,1
127896,553,student,0,0.47,1
93434,715,salaried,4,0.49,1
129350,893,student,1,0.17,1
78869,486,salaried,2,0.46,0
77022,579,student,1,0.21,0
117573,484,salaried,4,0.37,0
62922,721,retired,3,0.42,0
58999,429,student,1,0.2,0
105403,790,salaried,0,0.14,1
60445,798,retired,1,0.13,1
139682,615,salaried,0,0.32,1
40053,689,student,1,0.36,0
45054,773,business,0,0.11,1
118147,642,student,3,0.25,0
36286,843,salaried,1,0.29,1
22785,381,salaried,1,0.01,0
44587,464,business,0,0.35,1
77052,366,business,4,0.55,0
118275,471,retired,3,0.34,1
11344,461,student,1,0.6,0
31033,722,student,4,0.55,0
59734,788,salaried,2,0.43,1
122562,322,salaried,3,0.03,0
11597,896,student,0,0.47,1
25544,688,business,1,0.34,0
20319,885,student,0,0.29,0
101203,564,salaried,4,0.27,0
44592,758,salaried,0,0.24,1
131914,853,business,0,0.02,1
39977,467,student,4,0.49,0
89160,791,student,3,0.07,0
103304,686,salaried,3,0.22,1
68182,477,student,3,0.25,0
19545,768,salaried,2,0.12,0
84541,352,business,2,0.36,0
57046,586,salaried,1,0.43,1
12033,672,business,1,0.05,0
23273,880,student,2,0.04,0
148215,327,student,1,0.1,0
