cement_kg,water_kg,age_days,mix_type,aggregate_kg,compressive_strength
367.5,238.4,166,highperf,801.6,60.15
288.3,224.0,159,highperf,756.6,54.87
204.8,138.9,106,standard,1004.7,44.91
248.8,167.2,303,standard,900.2,46.6
190.1,236.2,308,standard,845.1,42.55
265.9,134.5,359,lightweight,1114.3,49.33
467.4,198.8,181,lightweight,1063.3,55.33
379.4,150.0,328,standard,891.9,53.07
198.8,161.7,18,standard,943.3,31.45
353.8,235.4,326,standard,727.3,52.76
137.5,196.7,69,lightweight,955.8,32.76
111.1,136.0,42,lightweight,1054.6,25.52
221.0,151.9,48,standard,854.8,38.45
296.8,100.7,151,standard,1102.4,58.17
252.4,153.1,36,standard,842.3,44.92
160.3,109.0,82,lightweight,1032.3,34.44
238.3,156.6,263,standard,1068.7,40.49
445.6,130.0,327,standard,739.6,63.13
268.9,199.7,204,lightweight,1192.6,40.15
188.4,160.6,227,lightweight,976.3,38.31
172.5,233.7,87,standard,771.7,37.02
456.9,215.9,203,lightweight,1028.7,56.45
143.8,200.2,355,standard,926.3,37.97
460.0,163.9,173,lightweight,1128.1,60.51
164.8,179.7,169,lightweight,749.9,31.33
252.2,102.2,99,standard,711.8,42.46
151.4,105.3,35,highperf,907.4,43.62
407.8,100.4,78,highperf,1025.7,72.14
405.7,151.2,363,standard,1060.4,64.62
131.5,123.8,311,standard,814.2,42.01
115.9,134.2,197,standard,1182.6,41.69
228.6,163.5,345,lightweight,838.9,39.82
308.6,232.0,237,highperf,734.8,50.54
490.7,127.1,237,highperf,769.9,74.35
236.4,145.4,89,highperf,959.3,56.24
358.2,176.1,74,highperf,1066.1,59.74
421.4,207.3,250,standard,1057.2,61.29
232.2,115.8,55,highperf,980.2,51.82
449.0,212.9,132,lightweight,957.1,54.85
258.4,139.3,3,standard,1120.0,39.37
172.7,135.2,276,standard,1068.7,41.01
105.9,139.5,155,standard,824.4,35.48
162.2,233.5,263,highperf,919.3,42.51
364.1,208.8,280,highperf,897.9,66.97
291.9,179.6,221,standard,1071.7,45.66
164.8,179.0,304,standard,1189.4,42.82
224.1,135.1,340,standard,996.1,45.03
316.2,158.3,305,highperf,1029.1,58.67
466.3,207.0,62,highperf,917.6,61.87
439.8,163.0,227,standard,1041.3,64.63
179.3,189.6,187,highperf,1104.9,48.63
230.6,207.7,303,highperf,888.0,48.04
159.6,126.4,12,standard,798.5,27.57
441.7,110.4,253,lightweight,1090.1,66.99
278.2,203.6,150,lightweight,796.9,36.92
172.4,105.0,56,highperf,832.1,46.82
436.7,174.2,305,highperf,1084.3,77.32
279.7,171.1,179,highperf,911.3,53.48
413.1,163.8,211,highperf,741.6,66.53
406.7,161.4,294,highperf,927.4,68.99
292.3,250.0,141,standard,1164.7,46.17
366.8,220.7,194,highperf,804.3,60.25
451.3,134.4,110,standard,811.3,58.18
169.4,164.0,155,lightweight,744.7,33.17
231.0,142.4,7,standard,1020.9,43.88
232.7,235.3,45,standard,1038.3,39.52
304.1,236.5,344,lightweight,936.0,45.54
296.2,134.1,272,standard,1098.5,51.23
478.9,161.4,89,standard,1135.6,63.41
451.0,249.1,88,lightweight,1138.4,57.37
210.8,209.0,207,standard,843.1,40.1
470.7,128.3,202,lightweight,762.2,53.51
211.8,119.3,155,highperf,864.7,55.3
177.6,147.8,234,standard,748.5,37.55
339.7,194.5,33,standard,1136.4,49.92
247.7,169.1,280,highperf,849.4,53.59
341.4,161.3,228,standard,1104.5,57.93
373.8,184.9,333,standard,1080.2,61.99
252.5,147.0,308,highperf,882.1,57.55
370.1,102.0,121,lightweight,809.1,50.3
341.7,236.3,51,standard,1061.8,49.22
121.7,148.0,337,standard,702.3,39.72
203.1,218.0,63,standard,1193.8,40.43
339.7,137.9,60,standard,1028.9,53.03
294.1,236.2,294,standard,982.2,50.31
484.3,132.4,308,standard,730.4,66.65
382.6,126.9,259,standard,828.1,57.05
432.7,112.2,187,highperf,806.9,70.68
409.9,150.7,204,highperf,926.3,63.73
205.6,189.9,196,lightweight,853.8,37.33
446.4,135.8,55,standard,764.7,60.24
385.6,247.9,148,standard,998.4,51.61
106.6,139.7,230,standard,803.2,34.47
245.4,124.0,47,lightweight,1128.5,44.49
473.7,150.7,189,standard,762.0,65.57
330.4,218.7,77,lightweight,1069.8,44.77
243.2,183.3,152,standard,918.1,49.33
454.0,179.7,188,standard,1184.4,61.93
292.5,227.9,327,standard,791.0,47.3
430.4,228.6,323,highperf,1071.6,67.72
328.3,103.3,254,highperf,840.5,63.19
322.9,189.9,105,standard,1153.6,51.74
447.7,100.3,58,standard,995.3,64.97
297.0,214.2,188,lightweight,976.2,44.18
368.7,125.4,220,standard,1114.0,63.35
171.3,116.4,17,highperf,966.2,44.81
163.7,157.7,246,standard,874.2,43.86
314.3,200.8,166,highperf,1036.6,64.36
497.0,217.5,3,highperf,944.6,53.63
351.1,194.7,128,lightweight,1038.1,51.35
328.3,177.2,321,standard,848.3,52.09
339.6,204.6,181,highperf,817.7,60.8
300.8,211.2,294,lightweight,1055.4,41.64
231.3,132.9,160,standard,1139.9,50.98
347.0,161.6,95,lightweight,930.9,44.56
175.0,222.9,182,standard,1158.9,34.89
327.5,110.4,92,standard,800.6,53.66
205.4,211.6,15,standard,1164.3,34.87
234.0,245.8,135,highperf,933.7,46.73
338.9,230.5,348,standard,1121.2,49.27
199.1,165.4,323,lightweight,1101.9,39.26
131.1,136.7,196,highperf,1031.8,49.66
400.7,239.9,45,highperf,1113.3,58.84
267.1,231.7,250,standard,1119.3,49.98
388.2,184.0,82,standard,868.0,48.25
108.1,200.1,287,standard,1142.6,36.04
132.5,159.4,169,lightweight,1118.5,38.47
352.1,183.5,58,highperf,927.8,63.43
157.2,152.2,191,highperf,706.8,50.14
382.3,189.7,115,highperf,802.2,64.31
411.5,243.8,31,standard,996.4,55.82
357.7,131.4,356,lightweight,736.6,51.74
193.0,115.2,75,highperf,926.8,49.24
491.8,105.6,52,lightweight,1181.9,64.17
280.5,219.6,55,standard,1104.6,45.22
348.5,173.8,335,standard,737.1,49.42
312.5,232.9,30,highperf,1036.6,51.51
347.4,224.9,157,lightweight,757.2,45.72
392.5,128.0,82,standard,1153.5,56.2
204.3,160.1,27,standard,902.3,39.09
191.1,126.1,82,standard,753.7,37.0
174.3,146.6,252,highperf,902.6,54.64
444.4,113.4,101,highperf,1097.5,76.67
129.3,183.6,5,lightweight,914.3,20.06
408.2,249.8,196,standard,1158.6,57.35
204.5,128.9,156,standard,1085.8,45.75
288.9,169.6,354,lightweight,1093.3,48.55
456.5,207.4,5,standard,1147.0,54.01
400.7,164.5,245,lightweight,1083.0,56.22
470.5,154.3,289,lightweight,798.7,57.75
388.3,143.9,320,standard,895.0,57.88
428.2,215.7,247,highperf,756.0,66.41
362.9,164.0,96,highperf,960.5,57.7
211.7,181.5,321,lightweight,968.7,41.39
362.4,250.0,272,standard,1122.9,59.22
167.5,128.0,87,standard,1027.0,44.26
327.9,232.2,245,standard,898.8,48.15
477.1,109.9,320,highperf,809.0,76.89
189.4,162.8,203,standard,1048.7,40.56
444.5,103.4,334,lightweight,912.6,61.5
319.4,173.7,124,standard,1154.1,55.64
211.8,168.9,132,highperf,1118.5,54.82
270.3,118.3,139,standard,727.4,47.7
476.3,169.0,357,standard,781.2,63.15
348.7,134.5,230,highperf,1194.4,63.24
419.5,187.5,282,standard,1194.1,61.94
317.7,229.6,239,standard,859.5,51.15
444.0,152.9,220,lightweight,1142.7,52.81
311.0,208.3,102,lightweight,1139.7,44.86
302.1,135.2,293,standard,1126.6,54.94
346.9,147.1,217,highperf,857.2,64.29
276.9,180.5,25,lightweight,714.1,36.44
442.6,173.8,92,highperf,915.6,75.42
303.5,206.2,327,highperf,861.2,54.53
422.1,106.4,161,lightweight,883.4,54.66
478.5,100.3,123,standard,870.4,68.45
467.3,164.3,55,standard,1131.3,62.59
152.4,211.4,16,highperf,1100.0,35.62
261.8,170.9,62,standard,1170.5,47.48
287.2,246.1,333,standard,1076.8,42.46
258.5,191.0,196,standard,1134.3,46.87
167.6,141.7,182,standard,1043.6,43.04
206.8,118.2,45,highperf,842.8,46.92
374.8,158.3,214,standard,981.6,60.27
485.5,222.9,271,highperf,1010.7,68.35
325.2,244.3,310,highperf,868.7,53.01
117.4,109.2,13,highperf,941.2,33.69
397.0,190.6,66,highperf,896.3,60.11
156.1,163.6,119,highperf,940.6,46.18
423.5,154.1,132,highperf,1079.7,74.51
190.8,220.9,362,lightweight,1129.7,40.01
371.2,138.7,183,standard,839.3,51.9
286.5,103.2,165,standard,974.8,54.52
119.3,182.0,87,lightweight,931.0,27.87
464.6,221.5,249,standard,789.9,56.46
399.1,126.7,347,lightweight,995.5,54.89
138.4,201.7,355,lightweight,1096.0,32.66
376.6,247.7,166,lightweight,1099.2,43.68
229.5,155.1,104,standard,950.9,47.53
335.2,151.1,156,highperf,1067.7,61.95
417.8,233.1,19,lightweight,1172.1,44.77
239.0,209.5,157,standard,1113.7,42.4
308.9,245.5,187,highperf,941.8,58.99
147.1,180.0,153,standard,1077.0,37.86
316.3,134.3,221,standard,787.7,52.85
103.6,161.4,315,standard,775.2,41.12
349.9,183.2,98,standard,893.2,55.67
472.1,214.6,117,standard,832.5,59.39
112.0,186.2,70,standard,1174.2,35.62
197.5,221.6,184,lightweight,904.7,34.18
473.3,169.6,344,highperf,709.8,74.33
135.7,196.6,146,standard,934.5,35.33
341.0,103.8,324,standard,1010.1,59.29
334.0,117.4,271,standard,1058.8,57.9
475.4,249.8,150,highperf,721.7,63.08
426.4,238.7,88,lightweight,969.3,50.73
417.2,202.2,189,highperf,902.4,67.84
248.4,247.4,254,highperf,966.0,49.86
381.2,127.9,122,standard,865.9,64.93
104.0,206.1,261,highperf,939.1,41.97
345.4,110.0,199,highperf,929.3,64.31
415.0,152.9,136,standard,878.5,61.37
219.6,137.3,140,lightweight,1150.3,39.89
198.1,145.6,295,lightweight,981.6,39.64
355.3,243.0,341,lightweight,1157.2,49.75
120.0,108.1,1,standard,983.5,22.4
257.6,138.8,80,standard,1052.6,52.65
415.8,103.1,228,standard,969.3,62.89
318.2,168.9,324,standard,879.3,52.27
484.1,197.2,343,standard,1107.1,66.06
333.1,121.7,145,standard,759.9,51.89
334.8,238.2,269,standard,964.4,48.09
376.6,248.4,126,lightweight,1070.9,46.54
365.8,180.9,125,standard,1089.3,51.61
345.1,247.2,77,highperf,702.0,54.18
354.5,160.9,261,standard,1049.4,61.05
358.8,118.7,242,highperf,864.4,60.87
492.4,140.0,178,highperf,1036.6,75.81
163.7,109.0,302,highperf,1079.4,55.06
371.7,113.7,58,standard,1019.4,52.04
150.2,205.7,43,lightweight,994.1,31.2
128.5,155.7,253,standard,1170.4,38.2
161.5,246.3,62,highperf,884.9,40.31
293.2,100.4,333,standard,775.6,48.44
493.9,108.1,299,highperf,1127.3,82.31
254.4,187.6,95,highperf,845.1,54.37
287.4,150.5,200,highperf,871.8,54.67
273.5,139.6,80,highperf,1134.0,60.57
352.1,155.9,244,highperf,991.9,61.33
438.2,146.7,198,highperf,868.3,66.6
362.6,166.0,20,highperf,1130.6,66.15
326.6,230.6,299,lightweight,736.4,45.74
386.0,235.5,5,highperf,1026.7,54.48
450.4,229.8,111,lightweight,792.7,53.19
421.0,168.2,208,lightweight,783.0,54.9
162.9,239.2,28,standard,734.3,27.95
234.9,137.0,105,standard,963.0,44.56
323.3,247.2,293,standard,820.6,48.71
201.0,186.2,138,standard,823.3,39.49
205.4,196.6,113,highperf,1063.6,48.76
123.6,232.2,285,highperf,1099.1,44.63
174.8,101.2,272,standard,1069.6,50.6
353.5,236.7,224,highperf,785.2,59.05
258.2,160.0,194,highperf,1086.6,61.63
443.8,190.0,262,highperf,956.3,72.39
215.1,143.4,265,standard,803.3,45.61
249.1,191.2,278,standard,897.9,45.1
357.0,225.7,315,standard,851.9,52.13
300.2,197.9,162,highperf,896.8,49.9
151.8,167.1,263,lightweight,834.3,30.99
189.7,132.5,111,standard,1045.7,38.7
171.2,130.1,210,standard,782.7,42.22
236.0,203.3,353,lightweight,971.1,40.53
244.8,148.8,259,lightweight,923.8,46.6
324.4,188.6,26,highperf,1051.1,58.06
248.3,185.9,267,highperf,1190.7,58.78
197.5,165.5,256,highperf,1056.3,53.39
189.9,101.8,341,highperf,1029.9,57.9
299.8,229.6,215,standard,1050.5,42.16
246.7,122.4,61,highperf,988.0,53.2
395.8,128.6,19,highperf,851.1,61.36
115.5,246.1,233,standard,832.8,26.9
136.9,119.4,310,standard,983.7,38.78
477.7,125.9,56,standard,1129.0,64.5
237.6,179.4,297,standard,1117.1,48.76
415.1,191.0,6,standard,1091.1,51.84
188.4,157.5,15,lightweight,1033.0,30.69
440.1,197.2,39,highperf,826.7,64.4
306.0,100.2,198,highperf,1039.4,61.08
134.2,242.3,108,highperf,716.9,41.11
372.6,174.9,28,highperf,960.3,57.66
139.8,144.3,6,standard,910.3,32.07
201.9,233.3,12,standard,795.6,26.52
366.0,121.5,288,highperf,926.4,69.88
249.3,186.7,34,standard,1026.5,41.56
322.8,109.2,67,standard,958.5,53.19
327.0,241.1,169,standard,883.6,49.67
325.2,165.6,26,standard,905.2,41.37
243.8,152.6,341,highperf,1176.0,59.91
459.4,199.2,193,standard,774.7,56.13
492.6,216.7,239,standard,1155.5,69.1
182.9,162.8,291,highperf,1072.5,48.9
475.9,202.3,29,highperf,883.0,65.43
225.3,148.8,134,standard,839.4,46.46
121.3,180.0,66,standard,822.8,36.75
466.6,127.4,128,standard,947.3,66.9
242.1,191.7,136,standard,975.7,46.19
487.3,195.3,227,lightweight,1015.2,56.8
195.9,186.0,195,standard,845.3,38.76
448.1,245.4,321,highperf,799.0,69.04
223.5,197.6,98,highperf,831.9,50.57
375.6,138.2,119,highperf,1010.1,62.13
266.8,180.4,15,standard,727.6,40.2
307.0,243.1,47,lightweight,1027.7,40.0
289.7,219.2,274,highperf,956.7,53.82
149.4,157.8,232,highperf,1169.5,51.42
418.1,203.4,37,standard,1024.2,50.93
355.7,182.0,65,highperf,1102.3,59.92
302.6,112.8,135,highperf,890.5,60.04
297.6,232.4,294,highperf,977.7,53.76
343.5,201.9,179,lightweight,920.6,45.32
234.4,243.1,71,standard,894.2,39.34
372.6,139.4,21,standard,877.6,50.89
334.7,173.9,192,standard,970.1,56.76
299.2,180.4,243,standard,818.8,50.9
217.8,105.3,186,standard,864.8,48.91
382.7,114.6,7,highperf,1154.9,59.99
181.0,119.2,7,lightweight,1117.4,29.58
411.8,184.7,308,standard,841.5,60.34
247.3,249.0,295,highperf,736.3,48.41
198.0,100.8,49,lightweight,944.1,38.3
251.8,119.3,214,highperf,1190.2,57.1
266.2,103.1,99,highperf,1049.6,58.87
153.9,170.3,57,lightweight,1088.3,29.64
368.1,189.4,341,standard,812.5,54.9
148.6,223.9,286,lightweight,1147.6,31.17
230.9,155.3,361,highperf,814.5,56.84
171.4,109.5,342,highperf,1171.4,55.28
494.6,170.9,139,lightweight,1166.3,59.09
381.9,124.3,72,lightweight,1123.6,49.7
138.1,199.7,12,standard,750.6,26.11
110.3,123.7,36,standard,1129.8,36.45
450.3,110.9,143,standard,1059.5,67.85
400.6,144.1,308,highperf,826.5,67.64
309.7,206.0,80,highperf,1117.9,53.18
224.5,136.9,281,standard,807.2,46.55
288.5,207.7,174,lightweight,852.3,47.34
320.0,110.3,325,highperf,756.7,68.26
343.6,180.8,325,lightweight,1152.2,48.23
240.0,148.8,327,highperf,875.5,50.08
493.0,192.7,88,lightweight,875.0,59.38
331.8,207.5,100,lightweight,1093.9,43.99
350.9,164.5,181,lightweight,980.2,45.72
196.3,170.2,256,standard,1123.9,44.33
120.6,225.5,58,standard,940.1,27.72
302.1,129.4,153,highperf,1150.2,63.94
427.1,134.3,128,standard,1112.6,54.2
101.0,154.2,359,standard,963.7,41.75
348.1,183.4,316,lightweight,898.0,48.34
348.1,218.2,218,standard,1164.0,52.58
405.3,198.4,5,standard,741.4,39.45
370.5,245.8,3,highperf,1122.1,49.13
392.1,175.5,329,lightweight,1176.2,53.42
398.3,209.0,333,highperf,1044.0,62.67
319.7,144.5,147,lightweight,1133.4,54.41
208.7,166.8,137,lightweight,870.4,39.34
156.6,209.6,12,standard,883.4,29.61
272.4,114.4,302,standard,991.8,51.29
106.1,190.5,290,standard,707.0,37.9
436.7,165.5,351,standard,955.0,67.13
461.5,123.0,218,lightweight,1184.3,64.49
114.7,171.4,173,standard,808.3,39.48
399.9,187.0,198,standard,902.3,60.82
209.4,249.5,150,standard,1181.3,45.19
146.0,125.3,45,highperf,750.7,46.98
290.2,109.3,330,highperf,1107.2,66.23
466.7,175.0,153,standard,1005.1,62.25
270.3,120.3,259,standard,725.3,49.31
387.6,169.8,87,highperf,1010.8,66.25
311.7,107.4,347,lightweight,832.5,49.55
419.3,236.3,59,standard,1047.2,52.66
344.0,206.2,59,standard,897.1,50.2
206.2,206.5,270,lightweight,937.0,36.02
169.8,202.8,266,highperf,1035.9,44.81
109.2,203.6,63,highperf,1048.7,34.46
240.9,169.3,221,standard,884.6,42.72
334.8,186.2,199,standard,961.3,51.12
294.8,122.3,19,standard,1082.9,49.25
422.2,239.0,179,highperf,720.3,63.12
116.9,194.2,236,highperf,933.9,42.09
179.1,143.4,153,lightweight,1085.1,39.95
328.0,201.8,24,standard,960.4,47.38
199.4,134.0,220,lightweight,936.6,42.56
470.3,101.1,329,highperf,1003.9,83.44
392.3,116.9,226,lightweight,1006.8,56.69
303.7,164.1,140,standard,811.4,53.98
257.5,201.1,227,lightweight,892.5,39.54
263.1,124.1,156,standard,1133.1,49.01
489.4,198.6,217,lightweight,868.9,60.06
212.4,147.8,236,standard,1076.3,44.9
495.3,211.1,291,standard,800.1,67.13
251.9,129.2,78,standard,707.3,41.12
215.3,121.3,277,highperf,714.9,58.4
353.3,238.6,87,standard,839.2,46.63
221.0,174.9,77,standard,870.9,39.24
318.6,126.0,169,standard,765.3,49.06
163.7,221.3,193,standard,889.9,34.69
172.9,128.2,5,lightweight,857.7,25.85
450.4,145.5,154,standard,1118.7,66.25
310.0,191.9,278,standard,861.9,46.09
288.0,236.2,53,standard,1163.5,45.93
175.1,206.1,83,lightweight,1162.1,33.68
408.3,120.7,74,standard,801.7,65.19
356.1,144.4,89,lightweight,1060.5,46.32
191.3,231.9,280,standard,1079.6,45.88
475.4,180.6,338,highperf,977.7,73.74
162.8,173.3,242,standard,1194.4,45.09
446.6,154.5,105,standard,735.2,56.67
170.7,140.9,177,highperf,1108.7,54.34
294.2,228.0,334,highperf,742.6,54.38
282.8,175.0,41,standard,766.5,43.71
479.5,200.9,113,standard,1149.9,61.55
259.9,231.6,204,highperf,1064.6,56.32
285.3,159.7,9,standard,1179.3,41.76
315.3,235.5,257,highperf,892.2,55.35
499.0,202.0,126,lightweight,891.7,54.23
481.0,179.4,285,standard,984.6,66.54
380.7,142.1,55,lightweight,785.3,43.83
319.9,118.5,217,standard,966.1,54.13
304.8,212.6,267,standard,732.5,48.67
290.2,125.6,138,lightweight,729.8,42.26
334.3,204.2,239,lightweight,1175.4,48.4
114.2,225.3,195,lightweight,953.6,28.17
445.8,150.7,255,highperf,973.1,71.11
402.0,213.9,91,highperf,837.4,58.44
130.9,163.8,99,standard,767.5,34.95
364.2,133.7,169,standard,1016.4,54.61
480.0,230.4,244,standard,1077.0,66.97
498.6,181.8,219,highperf,1195.9,68.13
419.6,174.2,197,standard,1079.8,61.15
305.7,217.3,125,lightweight,1048.6,41.07
343.0,178.1,351,standard,814.3,58.1
322.1,219.7,149,standard,1034.4,46.75
365.7,166.0,358,standard,872.4,59.28
274.7,248.1,29,lightweight,841.5,37.11
171.6,143.7,218,standard,1079.1,41.2
431.5,183.4,162,lightweight,1189.2,54.98
214.8,108.4,37,standard,974.3,36.76
387.5,107.5,199,standard,869.1,65.05
412.1,215.7,201,standard,989.5,61.52
243.7,225.3,292,highperf,1029.2,54.23
348.3,213.0,219,lightweight,716.0,43.13
376.6,231.1,128,standard,717.0,49.18
400.8,187.4,271,lightweight,1158.2,58.74
194.9,157.6,235,standard,1003.1,45.11
339.0,198.0,110,highperf,939.9,58.76
369.8,121.1,143,standard,1112.7,60.56
388.4,183.8,299,standard,1083.9,55.15
100.7,139.0,271,standard,997.0,34.0
112.3,209.1,206,highperf,963.7,39.13
423.3,108.6,129,lightweight,1024.1,58.2
475.5,170.4,213,standard,1096.8,69.14
137.3,103.3,68,standard,1084.9,41.87
432.3,117.6,91,highperf,1152.1,76.71
142.8,130.7,219,highperf,950.1,54.57
150.7,239.1,55,lightweight,836.9,27.46
185.6,213.6,129,highperf,800.9,40.73
450.6,135.4,65,highperf,779.3,69.07
455.1,224.4,141,lightweight,1191.5,55.38
452.4,165.9,321,standard,716.8,65.48
439.6,181.4,207,highperf,1024.5,72.11
294.0,117.5,215,standard,866.3,52.02
287.7,141.4,74,standard,1142.1,53.8
464.3,134.1,342,lightweight,1186.9,66.51
449.3,221.2,295,standard,832.8,56.79
269.5,168.8,160,highperf,735.7,52.65
263.9,241.5,344,highperf,908.2,50.13
376.9,163.8,258,standard,1046.5,63.66
118.1,111.2,254,highperf,985.4,48.28
360.8,106.8,278,lightweight,701.9,54.04
462.3,131.4,42,lightweight,827.8,57.8
267.7,173.5,224,highperf,874.4,57.31
416.0,114.4,304,lightweight,1100.2,56.2
468.9,183.6,194,standard,1046.1,66.33
354.7,221.9,150,lightweight,912.7,45.34
110.5,230.4,17,standard,745.5,22.52
291.4,219.2,55,highperf,1069.9,53.91
209.6,162.6,359,highperf,966.0,54.89
185.8,150.3,3,lightweight,994.4,30.75
166.0,166.5,140,standard,961.0,39.64
290.4,179.4,183,standard,779.5,46.32
458.5,194.9,64,lightweight,1052.1,50.73
459.8,127.1,218,highperf,1193.4,79.87
205.7,248.6,315,highperf,1127.9,53.03
125.8,184.1,18,highperf,1159.5,44.62
227.4,102.6,140,lightweight,1111.9,37.31
299.9,119.7,212,lightweight,807.8,46.72
311.9,115.3,229,standard,948.3,53.34
313.0,201.2,331,highperf,1063.0,64.5
260.6,116.5,254,standard,1040.4,56.19
133.8,228.2,30,highperf,818.5,33.96
472.1,238.5,258,highperf,1153.0,70.99
388.9,208.5,346,lightweight,1000.1,56.88
454.8,140.8,137,highperf,1025.9,80.08
159.3,164.7,348,lightweight,839.3,38.21
302.3,150.8,272,standard,781.4,56.23
347.2,221.3,223,lightweight,1148.9,54.25
117.9,245.0,328,lightweight,734.8,27.56
213.5,139.3,223,standard,1195.3,48.68
198.4,238.6,185,highperf,753.4,40.47
151.7,234.4,305,standard,1104.5,32.41
140.1,151.8,150,standard,1010.3,41.6
198.4,237.8,54,highperf,832.2,41.67
327.6,166.6,14,highperf,832.3,51.21
491.2,168.3,9,highperf,907.2,57.78
284.1,192.1,70,highperf,885.7,52.15
247.0,229.6,27,lightweight,1183.7,28.6
352.2,123.1,312,standard,812.2,56.93
447.9,155.9,268,standard,1178.2,62.98
378.1,237.0,120,standard,726.1,47.36
227.5,108.1,356,standard,759.4,50.07
168.4,114.6,18,standard,734.9,32.8
499.1,232.9,96,highperf,961.2,72.28
385.0,180.1,238,lightweight,772.3,51.03
393.0,227.6,53,lightweight,1189.2,47.97
413.8,201.8,276,lightweight,980.8,56.52
443.3,226.3,116,lightweight,1038.2,59.76
265.1,148.5,270,standard,754.3,46.55
362.8,194.5,364,standard,724.0,54.05
447.3,105.5,45,standard,712.4,64.92
235.6,200.9,72,lightweight,901.7,34.17
235.6,152.5,142,standard,1079.2,45.21
447.9,234.3,151,highperf,1165.1,66.58
328.8,182.0,17,highperf,1018.5,53.98
444.0,226.6,76,standard,1115.2,51.85
352.5,228.0,117,highperf,765.0,59.87
376.9,177.1,66,lightweight,1145.2,52.5
160.9,193.3,90,lightweight,764.1,29.56
484.8,137.8,266,lightweight,786.4,57.18
258.0,175.3,278,standard,1160.4,43.69
335.8,130.0,351,lightweight,1156.6,56.0
269.3,206.1,182,highperf,807.4,53.51
263.7,115.5,185,lightweight,1058.3,46.84
341.1,163.3,291,standard,761.9,49.18
336.3,124.8,124,standard,929.6,57.09
328.4,132.6,294,highperf,966.9,63.37
325.8,213.1,48,standard,900.9,49.75
395.7,133.0,208,standard,832.2,54.61
486.9,233.0,60,standard,1036.8,64.54
170.7,241.8,141,highperf,1133.1,42.33
119.0,182.7,234,standard,1106.2,35.89
436.8,129.8,275,standard,1199.1,72.34
146.9,198.5,50,standard,954.4,39.95
372.3,135.1,191,standard,700.7,54.86
247.2,213.5,24,lightweight,770.1,28.91
234.8,248.5,109,highperf,1123.7,54.34
135.8,206.7,292,standard,850.3,33.1
496.4,214.7,33,standard,887.7,63.87
159.0,215.5,198,standard,985.5,39.15
313.2,140.7,357,highperf,1175.3,68.7
472.5,246.3,116,standard,974.1,58.94
457.9,144.3,354,highperf,995.8,72.44
372.0,215.1,114,lightweight,1048.5,43.58
350.3,124.7,117,highperf,954.2,63.49
317.0,138.7,20,highperf,742.6,57.6
459.5,167.2,313,standard,1024.1,65.78
403.0,115.8,97,standard,1108.8,64.46
259.2,155.2,344,standard,984.5,46.68
315.8,139.5,133,standard,941.3,55.8
139.3,107.4,93,lightweight,1169.9,44.1
422.6,124.6,94,lightweight,730.4,60.43
171.9,210.5,215,standard,1185.2,39.78
330.9,219.5,295,standard,855.6,58.98
312.4,201.0,73,highperf,994.6,56.86
214.1,237.6,191,standard,762.7,37.13
195.3,104.9,212,highperf,1056.1,56.83
328.3,177.4,42,lightweight,739.3,40.61
439.3,246.1,178,standard,920.2,53.93
243.0,225.6,73,highperf,1195.8,46.02
266.4,210.3,119,highperf,1182.9,59.81
449.7,104.0,64,standard,741.1,64.36
138.2,183.1,16,highperf,755.7,37.4
378.8,205.8,172,lightweight,1196.4,52.52
437.0,168.0,70,standard,905.2,58.47
429.9,164.5,149,standard,794.6,55.17
171.8,158.4,302,highperf,911.7,51.1
492.4,188.0,194,highperf,888.5,71.29
109.6,232.2,223,highperf,981.1,42.75
125.3,144.8,108,lightweight,1051.7,34.97
198.9,201.8,118,lightweight,1112.8,33.9
312.2,170.8,71,standard,916.8,47.28
377.4,148.9,335,standard,1193.2,58.24
107.9,124.1,240,standard,1111.1,41.57
233.8,157.1,45,standard,1054.6,40.17
204.1,209.2,235,highperf,816.1,43.63
401.4,108.3,155,highperf,714.8,67.41
474.4,158.7,309,highperf,1067.7,76.78
111.2,120.7,236,highperf,791.0,50.95
408.0,197.0,313,highperf,767.2,69.03
271.4,135.4,181,highperf,1185.7,63.1
340.8,216.4,252,lightweight,845.8,49.07
390.7,148.1,285,lightweight,1027.1,54.26
325.4,216.8,111,highperf,1039.3,57.19
183.9,225.2,201,standard,904.3,37.9
463.4,224.2,238,lightweight,913.4,51.02
276.3,140.6,111,standard,1059.8,47.61
157.8,131.0,151,standard,892.0,40.91
470.5,188.5,59,standard,742.0,62.1
191.9,183.7,67,standard,970.9,39.79
292.2,163.8,187,standard,981.3,50.11
123.7,121.7,282,standard,811.0,38.54
425.8,112.0,265,standard,1065.4,64.36
355.9,189.7,294,highperf,750.5,57.47
355.2,206.2,339,lightweight,1153.3,49.33
135.1,154.4,220,standard,787.0,39.56
292.0,121.4,288,highperf,750.0,63.1
308.8,196.0,194,standard,834.9,50.28
313.2,193.3,29,lightweight,939.1,38.32
294.8,217.5,323,lightweight,1073.6,43.78
227.9,115.3,193,standard,714.1,45.45
387.1,216.7,283,lightweight,823.0,44.86
429.2,234.9,181,standard,752.1,53.98
284.0,199.5,74,lightweight,835.4,42.73
109.6,154.9,344,highperf,1140.7,48.12
224.0,109.3,259,standard,792.1,44.91
481.3,193.1,332,standard,801.4,62.23
145.0,221.0,279,standard,1002.4,42.07
156.0,109.7,226,standard,722.2,43.56
214.4,198.6,119,highperf,773.8,48.97
130.6,137.0,278,standard,1095.8,40.41
159.7,221.4,275,lightweight,813.8,27.71
438.0,133.9,265,lightweight,897.2,63.18
432.7,196.9,63,standard,915.7,51.7
300.5,212.3,180,standard,703.7,40.53
286.9,133.0,345,standard,793.3,53.56
309.2,149.8,363,lightweight,742.1,45.45
173.3,217.7,326,lightweight,858.9,35.1
148.4,180.4,109,highperf,1017.0,48.1
219.9,115.9,98,standard,1187.9,46.83
399.3,182.0,76,highperf,950.5,66.89
457.2,144.6,129,standard,1088.9,64.24
352.5,134.7,112,standard,935.9,55.67
473.7,170.7,189,standard,841.8,64.65
140.7,110.4,220,lightweight,788.4,30.66
311.9,203.1,351,standard,1195.5,52.57
170.0,128.9,274,standard,1132.7,43.31
475.5,179.0,71,standard,945.2,61.1
450.4,131.4,120,standard,802.8,56.11
246.5,240.4,211,standard,1135.2,38.68
152.0,235.1,235,lightweight,781.3,31.08
272.3,189.0,329,highperf,772.7,55.92
446.4,176.1,220,highperf,900.2,71.18
108.7,125.2,147,standard,818.8,39.59
218.4,102.8,99,highperf,841.4,53.87
371.8,216.4,66,lightweight,1026.2,40.89
140.4,229.9,267,standard,786.1,34.39
381.9,134.9,255,standard,1026.4,57.85
201.9,130.6,303,lightweight,1105.8,42.89
169.5,127.7,156,highperf,1139.6,50.16
291.2,170.6,278,highperf,758.6,59.76
153.0,111.8,177,highperf,1175.2,48.58
404.1,131.8,343,highperf,1081.2,70.78
471.5,199.8,326,standard,997.4,64.69
101.8,103.5,152,standard,913.0,34.8
123.8,234.0,120,standard,1164.8,41.06
269.3,105.2,14,highperf,800.5,47.19
184.3,181.2,118,highperf,851.4,47.16
302.4,150.9,193,highperf,785.8,55.97
304.5,238.9,62,standard,1006.8,44.15
449.1,176.7,354,lightweight,944.1,55.42
341.2,139.3,163,standard,812.9,50.69
468.3,140.5,148,standard,890.4,63.88
365.6,218.2,248,standard,774.0,50.45
443.2,236.7,109,lightweight,1162.2,54.75
480.1,108.9,66,standard,905.4,61.67
295.4,135.7,288,standard,960.4,46.7
179.7,173.0,97,highperf,1061.5,52.52
438.0,208.9,131,standard,713.8,55.09
370.2,198.7,68,standard,719.3,46.23
130.9,172.1,177,highperf,757.2,39.8
370.2,210.3,270,lightweight,811.9,48.58
496.9,218.9,219,highperf,924.5,71.67
220.2,164.5,318,highperf,878.7,52.96
206.2,221.5,63,highperf,1178.6,51.33
335.2,234.8,339,highperf,762.6,59.08
331.2,109.9,268,lightweight,1184.2,51.43
225.2,116.8,171,lightweight,707.2,34.3
187.3,156.9,73,standard,974.1,35.99
207.3,136.6,155,highperf,789.9,48.07
237.3,176.7,172,standard,904.5,49.66
130.2,153.5,205,standard,1030.0,35.67
260.1,103.7,38,highperf,1121.4,54.3
228.9,167.5,295,lightweight,818.4,40.45
216.1,194.0,332,standard,874.2,42.12
399.5,218.2,290,highperf,1193.4,70.22
350.3,111.5,120,highperf,1125.7,66.92
107.7,148.2,3,standard,730.6,21.85
191.5,237.0,186,standard,934.7,34.89
265.9,239.7,351,highperf,779.5,50.53
229.2,194.8,314,standard,1069.3,42.89
359.9,244.1,9,standard,1174.6,45.69
376.6,183.8,281,standard,723.4,53.94
322.8,168.9,299,highperf,841.8,62.81
215.1,183.2,200,highperf,1029.3,50.64
496.5,204.0,306,standard,1057.8,66.49
181.4,128.3,274,lightweight,963.5,37.38
283.2,132.6,139,highperf,741.4,54.39
340.4,111.9,175,highperf,1027.0,62.72
362.1,162.1,325,lightweight,1087.2,56.41
410.2,162.1,262,standard,882.3,62.17
247.9,101.8,285,highperf,808.7,60.16
361.1,140.9,51,standard,1169.5,58.43
377.6,110.7,289,standard,1009.9,65.31
202.5,244.2,81,lightweight,785.8,32.74
138.7,200.5,348,standard,948.9,34.6
488.4,130.1,238,standard,848.3,66.9
152.3,167.0,196,standard,1009.1,39.12
458.8,111.9,308,lightweight,849.5,58.54
291.3,176.9,119,highperf,979.6,50.32
495.4,240.1,85,lightweight,1122.2,56.71
393.7,232.2,245,standard,912.0,58.8
268.0,218.0,31,standard,765.6,40.89
351.3,247.5,299,standard,1096.4,52.81
428.2,228.1,240,standard,887.3,56.16
412.8,211.5,162,highperf,727.2,62.58
162.8,162.7,40,standard,1055.7,41.25
390.3,178.8,85,lightweight,1089.8,53.38
144.6,101.9,348,highperf,798.1,52.13
496.9,104.6,92,highperf,1074.6,74.43
388.5,214.8,311,highperf,995.4,66.37
174.2,207.7,128,lightweight,809.1,29.22
111.3,140.5,352,standard,913.7,43.4
488.2,244.1,229,standard,1065.3,67.64
100.6,101.7,321,lightweight,932.8,41.89
428.1,218.2,215,standard,753.0,56.45
326.3,182.7,270,standard,972.1,52.11
298.6,148.8,356,highperf,1164.8,69.91
198.1,195.2,163,standard,1161.9,42.89
323.8,183.3,324,standard,965.2,52.22
340.3,103.4,229,standard,827.8,58.41
136.8,155.1,248,standard,1197.8,39.35
207.5,224.8,263,highperf,895.9,50.95
327.0,194.5,244,standard,792.2,49.54
138.5,108.9,263,standard,1154.5,44.47
160.9,119.0,79,standard,720.9,36.74
424.0,106.6,355,standard,1062.0,67.7
372.3,156.6,137,standard,899.0,62.85
223.5,191.6,44,highperf,1154.2,48.21
489.6,149.1,203,highperf,1072.7,75.44
308.7,220.8,350,standard,823.8,47.77
322.5,110.4,332,standard,838.8,53.93
115.4,197.1,354,lightweight,1099.1,31.57
497.9,145.5,78,standard,927.9,69.92
380.0,178.8,253,lightweight,1121.6,53.05
478.4,147.3,128,lightweight,975.4,54.2
182.0,210.0,62,highperf,1095.1,45.18
298.4,226.5,155,standard,1139.6,48.41
260.8,112.1,325,highperf,1044.4,57.21
164.8,193.4,140,standard,733.7,35.97
237.3,185.4,119,standard,791.8,37.73
225.5,134.4,134,standard,822.1,43.99
245.4,245.7,337,standard,838.9,44.2
249.8,195.5,292,standard,1054.4,45.89
356.0,206.4,25,lightweight,1072.4,42.46
243.0,114.5,155,standard,700.1,51.69
433.1,213.1,207,standard,921.0,57.74
472.8,186.8,214,highperf,1108.9,72.05
242.2,113.5,49,standard,904.7,44.38
147.8,100.0,143,lightweight,1162.4,38.52
291.0,244.0,130,lightweight,975.5,42.82
486.9,190.9,102,standard,1058.9,65.97
399.7,203.7,26,standard,1145.5,53.53
461.9,157.8,191,highperf,1075.4,73.41
407.3,164.7,35,standard,848.6,47.68
180.8,184.0,198,standard,1187.2,41.48
414.1,248.2,307,standard,737.6,59.02
343.3,137.0,68,standard,967.1,53.3
238.4,150.7,264,standard,705.3,40.21
330.2,152.5,44,lightweight,1101.2,44.32
245.5,162.7,173,lightweight,1197.1,46.44
187.3,121.2,236,highperf,1152.1,55.35
317.1,231.8,66,highperf,1198.8,48.98
128.6,234.4,343,highperf,1117.3,43.36
327.4,103.8,344,highperf,711.6,61.39
105.7,149.3,229,standard,824.9,32.27
316.3,167.2,94,lightweight,954.3,44.29
348.5,234.9,30,standard,1194.3,48.8
126.5,210.2,232,lightweight,892.6,28.84
377.2,195.6,81,highperf,1173.1,59.54
148.9,200.9,314,standard,1152.1,39.72
272.7,108.2,23,lightweight,784.4,40.37
281.0,129.0,45,standard,906.0,42.28
160.0,213.7,357,standard,884.4,36.59
223.4,224.0,334,lightweight,794.7,37.19
469.1,112.9,85,highperf,827.6,77.74
334.7,120.1,262,lightweight,1083.7,52.01
353.9,131.2,123,standard,943.7,58.78
285.0,223.6,30,standard,925.2,41.24
371.5,156.8,19,standard,918.8,49.43
370.4,106.7,182,standard,862.2,56.63
250.2,219.9,291,lightweight,1144.5,49.36
161.6,234.0,61,highperf,829.7,45.78
394.3,165.1,9,lightweight,761.8,38.81
411.2,167.9,356,lightweight,735.7,54.7
467.4,202.9,323,standard,780.2,65.36
152.3,179.4,55,lightweight,779.4,24.45
400.8,227.6,173,standard,823.7,49.8
357.7,174.4,118,highperf,835.6,61.71
302.9,191.0,344,standard,989.7,47.95
118.6,174.2,150,highperf,822.2,42.84
220.6,138.8,347,highperf,1188.1,57.65
405.8,142.5,96,standard,962.7,54.46
469.3,234.2,151,lightweight,962.2,51.0
216.8,164.5,208,standard,811.4,48.29
340.7,202.2,42,standard,741.8,49.51
269.5,114.9,212,standard,788.0,50.53
251.0,214.6,264,standard,1023.6,47.23
435.7,161.6,123,standard,926.4,58.95
275.2,202.5,173,lightweight,711.7,45.03
152.3,187.6,178,standard,1005.5,42.97
212.2,167.4,2,standard,1054.0,39.66
148.6,114.8,198,standard,906.4,42.33
455.9,201.7,363,standard,905.5,65.03
439.0,132.3,324,standard,981.7,65.01
360.5,197.8,144,standard,764.1,50.71
306.3,212.9,104,highperf,850.5,60.28
320.3,209.1,84,highperf,1057.9,56.03
249.3,208.3,231,standard,955.0,49.25
389.5,217.2,130,highperf,739.8,57.85
241.2,224.1,286,standard,1105.2,46.42
205.1,110.1,139,lightweight,805.2,41.33
298.1,105.1,172,lightweight,934.0,48.44
133.8,178.5,211,standard,744.5,41.36
167.7,185.2,37,standard,861.8,30.04
496.1,171.1,192,highperf,933.3,74.62
184.1,221.9,112,highperf,811.5,43.91
404.8,233.2,263,lightweight,1082.1,56.24
372.7,219.6,133,standard,1093.5,54.13
188.4,164.9,30,standard,1149.0,35.01
399.9,158.3,224,standard,1124.5,63.63
469.1,246.1,290,standard,1064.8,60.38
391.9,114.3,4,highperf,1136.8,60.55
282.3,176.4,37,standard,890.7,44.53
108.0,103.8,192,highperf,865.1,41.0
212.1,221.0,234,lightweight,863.0,36.45
184.7,104.7,331,standard,795.4,44.5
304.0,246.5,298,standard,1044.4,51.87
388.6,148.6,61,highperf,1192.1,68.9
338.0,203.2,65,standard,1171.5,55.43
303.7,191.2,216,lightweight,955.8,39.27
255.8,164.5,289,standard,857.6,51.01
312.0,126.4,108,highperf,762.2,56.9
403.8,205.1,209,lightweight,1069.4,49.23
224.7,208.7,102,standard,1129.0,42.83
436.3,122.9,123,standard,984.2,59.27
480.6,185.0,315,standard,1003.7,68.12
315.5,129.5,254,standard,770.7,52.49
451.3,175.6,278,standard,1047.1,63.52
113.3,129.6,160,lightweight,839.6,37.7
314.4,136.3,220,highperf,749.4,60.21
190.5,106.3,207,standard,945.0,45.8
169.1,175.6,37,standard,1087.4,34.34
471.5,111.6,232,standard,821.1,64.34
146.8,116.5,279,standard,1098.4,43.54
394.8,209.4,116,highperf,944.7,61.9
180.1,151.1,175,lightweight,941.0,39.43
251.2,170.7,160,highperf,922.8,51.12
155.5,179.4,331,highperf,704.9,48.84
457.2,119.4,215,lightweight,971.0,63.49
154.7,131.6,167,lightweight,742.4,33.21
180.3,149.7,252,highperf,1089.4,51.6
192.9,146.2,51,standard,1144.0,38.53
194.3,185.7,325,highperf,712.1,50.78
373.7,216.1,24,lightweight,1180.1,40.93
340.6,140.2,211,standard,861.7,54.3
472.8,241.7,359,standard,875.4,65.23
482.4,153.9,101,standard,821.9,62.89
185.9,239.9,148,highperf,819.6,42.75
491.3,244.5,17,lightweight,732.6,50.1
481.0,109.7,76,standard,871.0,64.86
483.5,100.6,252,standard,1164.8,69.64
217.7,222.5,362,highperf,1018.4,52.08
433.0,240.1,89,standard,929.5,51.5
284.3,207.9,110,highperf,714.4,45.24
243.0,169.4,154,lightweight,873.7,36.5
259.9,221.0,104,standard,779.6,43.53
255.3,117.4,235,standard,705.3,44.83
373.4,107.8,84,highperf,798.0,68.45
308.7,181.6,105,highperf,965.9,62.02
402.6,107.7,24,standard,913.3,53.27
251.2,134.3,10,standard,1020.8,40.98
493.8,239.4,310,lightweight,922.4,53.89
106.8,163.6,252,standard,714.6,38.87
212.9,139.6,342,lightweight,759.7,41.42
366.5,162.3,215,highperf,864.2,63.42
470.8,208.4,254,lightweight,1024.4,56.48
444.4,187.0,164,standard,1078.1,61.53
362.4,146.8,127,lightweight,791.4,45.55
160.1,222.9,3,lightweight,960.5,19.43
171.7,131.5,361,standard,982.0,42.6
382.0,155.4,236,standard,975.7,57.13
222.6,100.2,63,standard,832.5,43.34
487.7,225.9,277,standard,1177.5,69.78
401.9,201.6,259,standard,1107.0,58.82
425.4,192.6,268,standard,1118.3,63.01
187.4,176.1,257,lightweight,1002.0,36.8
489.4,182.7,249,lightweight,757.7,59.45
122.2,111.8,217,highperf,833.2,43.59
387.7,202.5,163,highperf,951.9,67.57
386.9,130.7,340,standard,774.1,56.17
343.6,212.6,316,standard,1019.9,56.15
171.6,223.0,67,standard,848.9,34.32
139.8,230.3,113,highperf,912.1,35.71
354.6,249.2,5,lightweight,1095.4,37.09
350.6,245.2,340,standard,1095.6,55.43
190.9,119.6,296,highperf,1078.0,52.92
155.2,136.0,337,highperf,975.7,50.68
117.8,230.4,77,standard,1122.1,28.61
352.2,116.8,255,highperf,943.7,72.46
233.7,190.6,337,highperf,1181.2,58.89
447.2,244.9,308,standard,966.4,57.96
271.6,109.1,251,standard,964.5,51.38
306.5,107.0,173,highperf,999.5,68.23
171.7,157.2,157,lightweight,1075.1,36.71
442.9,146.3,29,standard,820.8,51.64
134.1,129.1,254,standard,895.9,36.0
475.6,206.5,272,lightweight,1098.2,62.83
242.0,123.0,8,lightweight,1168.6,40.3
398.9,196.1,201,standard,1017.2,53.3
368.6,206.8,188,highperf,1048.9,61.57
453.4,198.9,34,standard,798.5,54.8
162.1,177.1,213,standard,973.9,41.97
234.2,216.9,217,highperf,1102.6,45.67
255.1,221.2,62,standard,1036.1,38.84
331.4,222.6,184,lightweight,1178.5,50.01
333.9,135.8,224,standard,1079.2,52.51
137.5,248.6,19,standard,1077.9,28.26
297.8,101.1,149,lightweight,783.0,46.53
439.6,174.4,12,lightweight,977.7,51.68
275.1,127.4,126,standard,810.5,48.25
155.7,246.4,227,highperf,771.9,42.34
177.7,150.8,259,highperf,1147.3,57.29
239.5,248.2,89,standard,1033.3,47.13
291.1,166.9,53,lightweight,747.6,40.34
383.8,179.3,38,highperf,1016.4,56.92
316.7,195.3,18,standard,1049.9,42.25
476.9,205.5,334,lightweight,951.0,57.76
245.8,228.3,202,lightweight,798.6,36.42
154.3,214.2,206,standard,923.0,36.09
157.7,168.7,160,standard,786.9,38.2
426.6,153.4,32,standard,962.2,56.76
372.2,121.4,191,lightweight,923.5,55.04
485.6,231.0,312,standard,784.4,63.24
274.4,175.3,202,standard,991.0,48.0
414.2,123.4,191,standard,1150.7,64.5
445.5,124.1,304,highperf,784.8,74.37
211.8,128.2,108,lightweight,1124.6,40.88
472.0,157.6,217,standard,887.8,63.82
388.0,133.6,178,standard,1199.1,62.9
416.7,199.7,174,standard,1185.1,62.86
317.9,128.6,33,standard,957.4,41.21
267.1,103.0,42,highperf,1059.7,56.79
293.4,167.8,334,highperf,946.3,63.58
311.0,214.4,60,highperf,1023.0,55.97
192.3,240.0,339,standard,767.1,41.8
339.3,164.3,328,highperf,1175.2,68.73
114.3,207.9,167,highperf,775.2,36.27
275.5,223.9,103,highperf,954.3,56.38
274.3,116.8,321,highperf,1136.8,64.28
446.3,182.5,29,standard,919.9,59.22
442.7,213.2,2,standard,1055.8,47.41
128.7,242.2,142,standard,832.9,30.2
219.2,231.5,269,highperf,830.8,50.13
237.3,224.3,338,standard,870.3,44.97
207.1,228.4,231,standard,1021.0,45.06
422.4,232.0,128,lightweight,1044.3,47.73
399.0,122.1,273,lightweight,1050.9,56.45
314.5,214.0,214,standard,753.5,48.47
336.0,176.4,313,highperf,1147.3,66.57
341.9,131.5,57,standard,823.4,47.83
223.4,119.5,166,highperf,1040.3,65.2
176.9,235.6,35,standard,754.4,32.66
192.9,230.1,278,standard,940.5,41.11
294.0,196.3,257,standard,751.6,45.51
489.6,241.5,215,standard,967.8,61.14
419.5,217.3,359,highperf,793.4,58.76
290.4,243.0,182,highperf,988.5,55.01
256.6,147.7,362,lightweight,752.8,44.08
486.5,160.8,281,lightweight,932.7,68.12
430.9,112.7,137,standard,949.3,58.4
462.8,159.3,183,standard,896.5,70.66
387.4,146.4,117,highperf,815.9,67.66
245.4,212.2,319,standard,911.9,49.98
249.3,205.8,89,highperf,1107.1,49.13
490.7,213.8,47,standard,1166.1,62.96
498.4,105.0,95,standard,1141.5,74.45
406.0,207.5,130,standard,874.5,53.36
128.4,210.2,154,standard,1035.9,31.61
375.4,236.4,360,lightweight,770.4,47.15
195.5,232.1,35,lightweight,1082.5,34.95
426.8,218.7,98,standard,1176.0,57.45
236.4,244.6,56,highperf,1051.9,44.53
372.5,129.4,350,highperf,989.8,67.84
270.7,208.5,279,standard,1001.2,47.21
442.7,202.7,287,lightweight,1117.9,58.94
494.2,139.7,71,standard,837.8,66.11
196.3,110.8,283,highperf,790.2,53.72
388.7,232.8,74,highperf,899.7,59.15
108.7,240.4,235,standard,808.7,29.46
258.9,191.3,303,standard,915.4,53.07
426.0,231.7,106,standard,901.1,54.67
204.2,117.6,176,lightweight,1003.8,44.25
329.5,200.8,48,highperf,889.7,56.03
248.5,195.4,245,highperf,988.5,58.22
268.9,227.7,310,lightweight,1000.0,40.92
471.4,217.9,231,lightweight,1120.3,56.8
286.7,191.2,13,standard,989.3,39.28
479.8,196.8,241,standard,824.8,59.11
423.4,117.0,47,standard,911.6,58.12
232.6,100.9,314,standard,1168.9,49.29
263.6,165.8,41,standard,1189.7,47.8
175.4,217.6,87,standard,1050.4,33.17
255.4,146.3,46,lightweight,1132.1,45.22
208.6,224.2,213,highperf,1061.9,45.23
499.8,143.4,157,lightweight,950.4,58.5
303.8,248.1,59,highperf,742.0,47.78
333.5,165.3,326,standard,1133.7,57.26
485.2,102.7,28,standard,951.0,57.2
489.3,108.2,78,lightweight,966.8,58.9
212.7,150.0,363,standard,1007.6,51.01
310.5,229.5,146,standard,741.7,41.28
226.5,166.6,19,highperf,1040.5,44.87
480.9,239.5,260,lightweight,980.0,62.63
315.0,143.9,73,standard,1183.8,54.14
363.9,186.4,85,highperf,1031.0,59.93
156.8,210.9,280,standard,784.1,36.87
259.7,237.9,82,highperf,884.8,49.45
214.7,149.3,112,standard,797.4,40.09
422.9,207.4,191,standard,820.6,56.51
459.6,210.9,183,standard,1028.2,65.43
483.6,187.5,141,standard,830.5,62.63
457.6,174.9,262,standard,1071.1,60.01
386.0,190.0,185,standard,754.0,58.59
240.6,112.7,236,lightweight,1140.4,46.57
474.9,243.2,245,highperf,853.2,77.57
179.2,133.0,32,highperf,1025.8,45.03
119.9,104.8,33,standard,1181.0,33.17
280.2,183.4,256,standard,890.4,47.29
199.2,246.8,111,standard,893.9,33.48
435.5,200.3,64,standard,1032.3,52.1
421.6,127.7,173,highperf,718.2,65.96
397.9,162.4,28,lightweight,1069.2,45.19
291.0,114.9,253,highperf,1130.1,65.99
348.1,211.2,218,highperf,702.8,61.67
241.1,220.8,163,lightweight,1078.8,34.38
203.2,163.4,20,standard,832.5,31.19
142.0,226.4,241,standard,1033.6,33.56
326.1,103.7,100,lightweight,813.5,48.17
134.2,243.4,235,standard,927.0,34.58
206.0,142.7,197,lightweight,1187.0,42.7
472.4,116.6,40,standard,818.1,61.75
160.9,214.9,54,standard,981.3,39.25
414.6,151.9,2,highperf,893.7,55.4
307.1,202.7,37,highperf,1188.3,54.33
268.5,145.2,218,standard,778.5,42.1
455.7,117.5,100,standard,783.4,57.45
397.2,162.7,206,standard,970.6,59.35
159.3,142.4,135,lightweight,836.4,36.85
297.3,109.1,73,lightweight,932.3,49.2
269.1,118.6,71,lightweight,806.4,45.72
417.0,121.9,41,standard,793.9,57.34
326.3,148.5,263,highperf,830.2,62.45
429.4,136.0,144,standard,1185.9,65.85
166.1,224.4,213,highperf,850.2,42.99
263.6,226.1,285,lightweight,1147.8,44.41
164.4,159.5,41,standard,911.5,37.84
464.5,187.0,218,standard,1004.7,62.36
413.9,213.3,30,standard,897.7,50.53
329.1,211.4,122,standard,1194.1,51.16
305.5,115.2,324,highperf,891.6,60.3
301.0,216.2,255,highperf,1183.2,61.34
494.6,201.5,19,standard,1072.3,61.38
300.2,126.0,60,highperf,1014.6,59.12
319.9,151.7,321,standard,1180.1,49.35
313.2,180.7,208,lightweight,1086.6,46.06
220.3,193.9,274,lightweight,799.3,39.41
187.6,241.2,170,standard,1100.9,39.56
179.5,178.4,319,standard,1170.8,45.06
345.4,128.6,167,standard,1091.1,56.1
136.2,178.6,362,standard,859.4,46.38
117.2,194.2,51,standard,1008.3,31.8
253.1,173.5,106,lightweight,825.4,41.35
205.8,148.1,110,lightweight,959.4,35.3
268.4,114.9,142,standard,763.4,51.94
240.6,238.5,263,lightweight,903.5,35.69
404.8,152.2,356,lightweight,744.3,50.1
372.5,231.6,69,standard,755.2,50.08
264.6,141.0,92,highperf,767.5,52.86
188.6,193.6,230,standard,707.5,35.18
451.2,161.5,156,standard,1024.6,61.3
169.8,192.5,346,standard,1153.1,40.56
132.9,111.7,102,highperf,1171.6,48.62
430.7,201.7,137,standard,870.4,59.18
157.4,130.5,158,highperf,970.7,50.52
353.9,139.7,210,standard,943.9,57.7
392.8,101.0,359,standard,979.6,62.23
492.3,248.7,198,lightweight,794.6,54.65
496.2,229.0,277,highperf,1009.8,74.72
384.3,193.9,270,standard,868.8,56.36
428.2,117.6,36,standard,967.8,62.98
275.2,160.3,140,standard,874.4,43.94
237.7,114.5,32,lightweight,736.9,41.26
499.0,116.8,50,highperf,1175.6,69.46
179.4,182.2,36,standard,932.5,30.07
143.9,214.1,25,highperf,1147.2,41.1
161.3,167.5,255,standard,757.3,40.53
356.5,240.1,193,lightweight,1076.9,49.65
279.7,174.9,270,highperf,809.2,55.93
132.5,140.0,171,standard,1021.6,42.84
118.4,112.1,214,standard,1028.7,40.15
463.8,148.2,222,standard,1163.9,70.71
340.4,176.9,98,standard,879.8,52.15
416.0,236.5,343,lightweight,1118.2,49.75
469.7,115.0,234,highperf,1086.7,72.61
147.1,184.1,304,standard,1034.4,40.91
150.5,148.1,314,standard,972.3,42.7
427.1,191.9,176,standard,1093.5,57.21
260.7,241.8,174,highperf,800.7,49.52
353.1,231.1,317,highperf,716.7,59.72
319.9,202.8,69,highperf,844.7,57.09
453.8,128.5,246,standard,1010.2,66.02
319.1,202.8,277,highperf,819.2,55.41
184.8,240.7,364,standard,1130.7,41.41
438.5,131.4,137,highperf,836.7,65.46
472.9,111.8,125,lightweight,805.9,62.03
418.7,130.9,344,standard,980.4,59.34
241.6,194.2,152,highperf,1134.4,52.21
209.4,113.7,131,lightweight,1037.7,44.53
425.6,133.2,355,highperf,783.4,69.27
252.8,136.2,329,standard,853.2,48.41
306.9,136.4,235,lightweight,1040.3,48.85
114.6,158.5,314,standard,814.6,38.21
467.7,246.8,28,lightweight,1196.3,55.61
362.5,185.8,139,standard,732.1,55.7
152.1,204.8,261,lightweight,901.9,30.23
144.8,101.4,99,lightweight,785.0,33.42
298.2,199.7,80,lightweight,1051.7,40.78
411.2,200.7,118,highperf,779.4,61.98
150.7,212.4,178,standard,787.9,36.53
114.1,196.7,86,lightweight,853.3,25.48
403.6,187.1,355,lightweight,825.4,50.92
261.1,100.2,85,highperf,886.6,56.71
408.8,180.1,12,lightweight,970.7,43.55
174.4,236.8,20,highperf,961.1,37.11
492.2,183.5,140,lightweight,705.6,61.44
341.6,230.8,182,highperf,918.3,62.48
375.1,227.7,262,lightweight,781.9,41.96
261.4,211.9,4,highperf,1141.6,43.59
289.2,219.0,251,lightweight,746.8,43.02
126.8,233.8,229,standard,823.4,38.69
232.3,205.1,269,standard,736.0,41.79
131.3,107.4,95,standard,1134.5,37.97
434.7,179.6,336,highperf,1165.4,73.27
253.7,193.7,227,lightweight,880.3,39.44
228.9,217.3,149,standard,927.7,44.23
209.2,143.5,353,standard,1132.6,51.57
174.9,100.8,156,highperf,815.4,46.93
408.1,133.9,295,highperf,1142.6,67.6
466.8,142.2,183,highperf,918.0,67.14
324.1,228.6,148,standard,744.9,44.62
461.5,174.0,86,standard,762.8,60.33
120.2,124.8,312,highperf,969.8,48.84
403.8,210.2,17,lightweight,1098.0,48.64
401.5,126.5,7,standard,1152.1,51.84
149.0,114.8,297,highperf,1114.6,52.55
221.0,142.2,322,standard,807.8,42.87
149.2,249.7,127,highperf,858.1,42.0
156.1,120.1,271,standard,877.6,42.67
235.1,208.1,102,highperf,983.4,47.82
332.2,143.1,251,standard,703.3,52.64
206.4,242.2,339,standard,928.2,43.59
360.3,188.9,153,highperf,1187.5,66.12
391.9,176.8,229,standard,776.6,55.73
487.7,104.5,308,standard,877.4,67.79
359.0,247.3,205,lightweight,982.1,49.43
132.5,184.9,151,standard,747.5,29.96
187.6,118.6,100,standard,1054.4,41.3
462.0,191.0,216,lightweight,1070.5,57.84
426.7,224.3,189,standard,1134.9,54.56
136.9,249.5,258,highperf,906.6,45.69
375.3,159.7,299,highperf,1170.3,71.95
423.9,175.1,151,highperf,1128.5,70.74
166.9,143.5,230,highperf,943.0,51.18
171.5,238.8,12,standard,749.6,34.39
389.2,118.4,220,lightweight,1148.7,57.19
417.1,168.3,65,lightweight,742.2,51.14
251.8,207.1,294,highperf,708.3,48.95
191.6,157.2,155,standard,1001.5,43.71
137.7,123.3,92,standard,1097.0,37.64
113.5,243.8,161,highperf,1128.6,43.83
481.4,139.3,182,standard,984.5,70.74
301.2,102.1,318,standard,1085.1,52.85
272.5,170.0,65,highperf,929.5,45.8
456.3,204.1,243,standard,808.1,58.44
322.9,243.8,332,lightweight,802.8,39.82
325.4,233.6,225,lightweight,1000.1,47.8
410.8,207.5,106,lightweight,1026.8,51.29
283.6,236.7,259,lightweight,946.0,39.66
267.0,157.4,323,standard,756.8,50.05
217.9,240.4,191,highperf,818.1,48.29
346.5,238.4,145,highperf,960.3,63.09
466.7,153.4,255,highperf,916.3,72.25
315.1,223.7,236,lightweight,787.1,40.89
395.6,189.4,11,lightweight,990.9,41.63
108.9,108.5,125,lightweight,927.7,32.96
386.8,156.4,293,standard,998.3,60.45
282.2,194.7,37,lightweight,934.2,38.39
218.7,182.7,199,standard,731.8,38.62
165.9,213.0,184,standard,845.8,41.04
298.2,143.1,163,lightweight,1027.9,48.37
403.4,103.4,163,lightweight,756.6,53.83
116.6,245.7,174,lightweight,779.0,25.26
303.5,171.4,181,lightweight,880.1,46.86
360.3,139.6,75,highperf,803.3,59.5
318.1,169.0,152,lightweight,1158.7,54.31
257.0,226.7,250,highperf,1005.9,51.21
402.9,130.3,261,standard,911.2,57.21
108.0,129.7,156,standard,1038.0,37.99
314.7,168.7,197,lightweight,717.2,47.78
389.9,228.9,285,standard,799.0,53.38
253.2,195.0,243,lightweight,720.2,39.57
484.6,119.8,214,standard,993.4,68.61
381.7,248.5,160,highperf,760.7,54.72
425.6,246.7,208,highperf,987.0,70.55
165.8,106.7,216,highperf,708.1,47.22
289.6,225.1,191,highperf,862.3,50.86
411.9,241.5,77,standard,1005.3,53.05
292.3,150.6,225,standard,767.3,49.32
251.3,186.8,201,standard,1057.6,48.99
140.9,221.8,269,standard,836.4,32.01
268.5,100.4,279,standard,982.5,53.48
419.1,246.7,287,highperf,882.4,61.73
380.2,198.6,108,standard,873.2,50.75
249.6,247.0,150,standard,724.8,36.87
329.3,134.7,158,standard,1066.7,59.65
438.4,220.5,262,highperf,816.8,68.59
366.4,211.0,346,highperf,1181.4,62.7
450.5,249.6,114,highperf,843.9,64.49
121.6,120.1,340,highperf,1134.3,56.17
219.4,176.6,134,highperf,950.6,49.56
240.8,140.5,3,lightweight,1106.5,28.86
333.8,226.7,146,standard,831.8,48.11
469.6,105.6,289,standard,1162.5,71.16
250.9,104.2,306,highperf,1023.9,60.14
345.9,175.3,107,highperf,1081.8,52.09
363.8,143.5,45,lightweight,747.9,48.67
291.9,100.6,142,standard,1046.6,52.45
310.1,147.4,51,standard,980.8,47.03
101.2,128.6,138,highperf,788.5,41.34
447.1,197.8,54,standard,1176.3,56.74
489.5,248.5,197,standard,769.4,59.12
477.6,189.5,48,highperf,1178.6,72.5
343.0,178.3,326,standard,809.1,50.43
410.5,211.5,136,standard,964.9,59.49
323.7,211.9,56,highperf,837.4,54.47
478.7,148.1,188,standard,879.4,70.5
387.3,114.1,334,standard,1110.2,64.5
278.2,184.8,204,standard,931.7,45.38
106.1,147.9,46,standard,800.7,31.5
269.3,240.3,209,standard,751.7,40.61
245.4,244.1,264,highperf,1038.1,49.28
477.8,206.5,285,highperf,1112.7,72.47
173.1,233.4,193,highperf,1088.7,43.46
447.0,218.3,204,standard,972.7,55.82
437.8,168.8,203,lightweight,821.1,55.75
381.9,146.1,186,standard,701.6,58.43
465.1,185.4,194,standard,878.8,64.19
405.7,128.0,340,lightweight,1129.5,61.59
409.4,152.1,228,lightweight,1120.7,58.11
486.5,245.5,123,standard,1173.9,58.16
146.3,213.1,40,highperf,733.9,38.76
165.7,245.8,353,standard,963.9,40.45
206.6,182.1,36,standard,905.1,37.34
325.2,171.8,121,highperf,1068.0,60.92
418.8,229.7,307,standard,1057.9,61.24
469.4,105.0,23,standard,819.3,63.66
368.7,190.4,150,lightweight,743.0,45.5
221.3,205.3,267,highperf,906.8,55.65
174.6,125.7,3,highperf,839.0,38.55
119.3,117.0,2,highperf,720.5,29.99
403.2,202.2,333,standard,1004.7,66.39
157.8,237.5,20,standard,1037.0,24.85
247.1,191.4,54,lightweight,987.8,34.68
277.0,135.3,344,standard,922.0,49.89
209.7,156.6,19,lightweight,1154.4,34.78
350.1,170.3,42,standard,945.2,43.55
266.2,249.4,111,highperf,1046.8,52.38
435.6,175.1,110,highperf,1074.3,70.24
476.9,174.9,67,highperf,1181.2,74.52
279.3,133.3,132,standard,1123.9,57.46
355.7,241.0,32,standard,780.3,52.78
172.8,196.1,235,highperf,1109.7,44.02
161.2,121.1,94,lightweight,950.8,36.14
199.3,176.0,209,highperf,916.9,50.71
131.3,248.7,39,highperf,1119.7,35.43
390.8,130.5,305,standard,748.5,60.44
422.9,214.1,249,highperf,741.3,65.73
108.0,188.8,277,highperf,815.2,41.17
139.4,249.9,100,lightweight,1072.2,30.58
223.7,192.5,132,standard,833.6,45.74
424.0,158.9,168,standard,731.0,58.44
207.7,192.7,355,highperf,849.6,50.67
118.5,215.6,56,highperf,864.6,35.07
373.2,183.9,23,highperf,784.8,56.6
476.2,201.6,62,lightweight,1060.4,61.54
177.6,125.1,17,standard,1071.9,37.47
133.2,101.7,265,lightweight,1095.4,34.62
317.7,176.5,170,lightweight,1000.6,44.35
162.3,206.9,56,highperf,1178.6,46.4
359.9,139.6,168,standard,1012.3,55.57
433.8,155.2,301,standard,782.4,54.84
198.1,131.2,182,lightweight,714.6,32.72
354.6,249.4,215,standard,1015.1,52.7
175.9,198.1,301,standard,891.9,40.51
401.7,111.1,2,standard,808.4,45.2
199.8,222.7,364,standard,1073.2,47.18
115.4,182.9,330,standard,1042.5,44.03
425.4,234.9,166,highperf,1160.0,64.26
177.9,186.2,137,highperf,1058.8,51.01
343.9,147.1,221,standard,1062.2,52.93
261.6,220.4,188,standard,1109.7,47.99
463.3,190.0,77,standard,789.5,57.5
478.9,199.4,116,standard,728.5,58.27
301.7,101.7,35,standard,714.3,43.44
237.5,123.0,347,lightweight,1156.4,47.54
431.5,103.8,18,standard,1082.4,67.12
146.5,128.2,234,lightweight,1070.7,37.06
355.8,111.9,170,highperf,701.6,63.01
390.1,139.1,163,lightweight,713.0,53.69
496.6,183.3,228,standard,906.0,63.9
422.5,146.9,68,standard,1159.4,62.86
347.3,228.9,112,lightweight,966.6,48.35
243.6,171.3,185,highperf,853.1,54.44
364.4,209.5,211,lightweight,1100.0,54.73
379.7,105.7,322,highperf,839.7,67.61
254.2,225.8,138,lightweight,1086.9,35.12
173.3,216.7,280,standard,1070.5,41.67
316.7,215.5,176,standard,948.0,47.35
444.3,173.4,197,standard,998.4,63.55
471.4,126.0,250,standard,714.3,66.35
160.3,168.8,223,standard,726.6,32.17
350.1,174.6,182,standard,727.8,52.29
174.4,187.9,124,standard,1056.9,40.22
140.6,185.2,96,standard,808.1,32.0
174.6,167.0,340,standard,1049.1,42.52
217.3,133.7,139,standard,1100.9,53.36
308.4,213.0,154,highperf,918.4,54.02
419.7,191.5,285,highperf,921.8,67.79
383.4,189.3,102,standard,741.2,54.69
383.7,164.0,364,lightweight,1176.2,48.04
384.0,124.2,91,lightweight,1087.9,53.1
162.7,126.7,133,standard,993.1,43.1
134.6,185.2,61,highperf,1018.5,42.91
260.9,192.9,187,standard,821.4,36.51
445.6,162.6,292,lightweight,848.2,57.43
262.4,215.9,265,standard,800.9,39.07
188.4,186.2,295,standard,1000.1,42.92
316.1,247.7,289,standard,1100.3,48.33
257.6,155.8,323,standard,794.8,52.11
385.1,236.3,110,standard,1114.6,53.6
178.9,243.1,221,highperf,944.4,38.99
395.6,156.8,131,standard,1181.6,57.96
334.9,232.0,107,lightweight,1043.2,46.77
237.7,162.4,328,lightweight,867.1,43.12
348.8,144.4,349,lightweight,1185.5,61.73
258.1,127.3,123,standard,841.9,47.15
278.9,224.9,13,standard,746.1,39.26
444.6,101.0,72,standard,1103.1,69.43
412.6,167.2,255,standard,981.3,60.11
384.5,149.8,185,highperf,973.9,67.01
349.4,128.3,239,highperf,748.0,61.76
329.3,217.8,78,lightweight,1166.7,48.88
282.3,212.2,182,standard,983.9,47.29
303.3,167.6,37,standard,1157.4,54.34
481.0,127.3,119,highperf,945.9,69.77
236.9,112.0,309,highperf,1185.5,63.58
383.2,151.9,324,highperf,890.1,68.62
392.8,162.8,338,standard,798.9,58.03
414.2,149.7,168,highperf,856.4,67.45
282.3,247.7,145,standard,1123.6,40.46
354.1,234.8,108,highperf,850.7,58.33
408.4,202.0,253,standard,1188.8,57.37
220.8,204.1,323,standard,836.0,44.76
294.3,218.7,361,lightweight,727.8,44.3
170.3,199.5,160,highperf,756.3,39.32
407.4,137.3,359,standard,873.7,59.28
145.3,167.5,22,standard,1140.5,30.19
318.0,233.5,316,highperf,767.0,58.08
246.8,147.6,57,highperf,911.5,50.62
377.7,215.4,234,highperf,756.3,60.48
453.1,220.6,318,lightweight,1194.1,63.93
483.1,110.6,327,highperf,735.6,76.24
449.8,198.0,108,highperf,882.0,63.17
405.3,210.9,160,lightweight,724.3,50.38
131.3,191.4,250,highperf,722.6,40.58
186.3,128.4,95,highperf,915.8,49.5
445.3,205.6,11,standard,893.3,49.36
274.7,196.5,10,lightweight,1103.0,38.99
287.3,238.1,185,standard,855.4,37.93
375.2,213.8,4,lightweight,996.2,41.57
218.8,183.8,177,standard,1067.0,45.56
317.2,205.5,149,lightweight,1071.9,44.97
251.5,107.5,45,lightweight,957.6,37.12
487.7,209.2,156,standard,1139.3,65.5
119.9,165.2,27,highperf,1001.0,31.33
235.8,198.7,3,lightweight,830.0,28.98
115.0,132.7,15,standard,1065.9,32.66
422.0,198.9,49,highperf,1021.5,65.18
127.4,169.5,47,lightweight,1058.2,24.86
487.7,218.2,246,standard,843.1,63.03
222.2,126.0,134,standard,1194.3,47.21
422.0,158.3,254,standard,751.0,61.28
439.1,127.2,13,highperf,885.2,59.29
494.4,120.1,102,highperf,1146.8,74.27
243.9,156.5,285,highperf,900.6,52.58
201.2,175.7,94,standard,1028.3,41.63
139.2,141.2,66,highperf,1165.4,42.79
177.4,165.2,175,standard,1200.0,41.66
125.9,112.0,127,standard,990.2,39.52
114.1,196.7,262,highperf,880.4,45.4
388.7,209.9,191,standard,978.0,59.38
197.4,213.6,320,highperf,840.3,48.18
341.5,160.2,359,highperf,1094.0,62.94
172.0,167.1,357,standard,1198.0,47.6
450.2,191.2,46,standard,1066.4,60.34
352.0,241.8,344,highperf,923.0,59.01
481.6,106.9,121,standard,897.4,68.25
423.7,122.4,316,standard,989.0,65.93
210.2,210.9,352,lightweight,788.6,36.87
204.6,152.9,181,highperf,704.2,44.59
281.8,164.7,113,standard,709.9,41.93
337.4,106.4,142,standard,1018.1,60.1
276.2,138.4,106,highperf,974.4,59.01
122.1,168.9,178,highperf,955.3,46.2
413.4,100.8,228,standard,981.2,64.39
472.8,183.7,147,standard,1048.7,62.04
491.6,115.7,148,lightweight,1172.3,68.05
425.7,101.8,36,highperf,1135.4,71.38
155.5,141.2,252,highperf,1197.6,56.39
490.2,140.5,113,standard,893.2,67.96
356.1,161.9,327,highperf,745.6,67.89
261.9,207.9,274,lightweight,864.2,43.08
434.4,157.1,7,standard,815.7,49.23
133.9,193.8,62,standard,835.6,29.53
126.7,161.0,128,highperf,1146.1,45.73
383.7,220.5,233,highperf,1044.2,65.64
356.3,180.4,223,highperf,923.0,62.75
180.8,176.4,5,lightweight,894.9,28.11
348.6,179.3,151,highperf,1047.0,65.21
355.5,241.4,5,standard,1108.5,40.7
370.4,102.1,364,standard,1034.0,63.01
274.4,215.7,272,standard,1149.6,51.73
274.3,140.1,109,standard,844.0,47.4
240.5,105.5,358,standard,860.4,47.23
431.7,163.6,268,lightweight,1090.0,62.81
102.6,165.2,246,standard,1112.6,42.56
163.0,107.6,205,lightweight,1009.8,37.4
300.1,175.6,227,highperf,876.4,61.64
261.5,207.4,289,highperf,1151.5,55.87
481.4,104.9,257,lightweight,928.7,61.13
468.0,157.0,204,standard,1168.5,65.49
241.6,175.8,51,standard,944.3,45.97
242.7,229.1,186,lightweight,884.1,31.24
252.2,199.3,5,standard,1193.5,33.16
257.4,141.9,261,highperf,903.6,64.26
240.6,231.4,316,standard,916.5,44.15
363.6,182.1,251,lightweight,1078.8,54.17
311.5,209.5,350,standard,841.7,47.67
212.4,230.6,121,highperf,777.1,40.61
446.8,134.1,30,standard,862.6,60.15
243.6,134.9,334,lightweight,1115.2,46.44
292.6,162.6,104,highperf,860.7,56.09
200.6,178.9,197,standard,1172.1,41.75
405.1,129.1,210,standard,1123.1,66.21
323.0,135.5,363,highperf,994.1,67.0
305.2,116.2,108,highperf,922.3,61.02
370.2,147.7,46,standard,1023.6,47.88
457.7,132.8,177,standard,1077.7,64.26
431.3,214.7,7,standard,864.4,44.8
350.7,223.1,349,standard,752.6,49.5
287.5,248.8,79,standard,1169.5,50.06
457.5,118.5,2,highperf,765.4,62.83
402.2,187.4,348,standard,855.2,60.27
459.8,210.2,146,highperf,1058.5,70.93
175.6,231.1,229,highperf,1035.1,43.74
369.7,166.9,261,standard,915.6,57.33
113.7,215.5,214,highperf,823.3,39.54
285.1,200.0,1,highperf,924.0,38.54
272.5,162.7,95,standard,788.7,48.55
412.6,202.2,237,standard,1017.2,57.81
498.6,100.1,292,standard,830.7,69.87
133.3,115.0,148,standard,967.6,42.24
465.7,240.9,167,standard,1120.4,67.58
304.5,142.7,164,standard,1154.8,55.04
269.9,194.9,115,highperf,938.0,53.82
288.0,173.1,203,standard,927.4,40.62
401.4,186.1,164,highperf,1166.8,68.95
180.6,213.7,33,lightweight,979.2,29.69
109.3,236.5,176,standard,1162.1,24.97
454.9,120.1,180,standard,766.9,60.71
370.5,236.5,31,highperf,1159.1,52.55
474.1,130.9,205,standard,1022.0,64.03
438.5,165.0,92,standard,1173.2,62.29
277.7,111.8,169,lightweight,719.1,38.06
326.9,219.5,353,standard,714.9,51.61
199.4,151.1,111,standard,1034.9,35.28
229.5,222.1,83,standard,831.8,38.3
140.6,175.4,88,standard,863.7,30.06
266.7,185.7,133,standard,807.2,48.23
490.5,118.8,170,standard,915.5,71.31
105.1,103.1,79,standard,832.6,33.1
148.4,162.5,85,standard,896.8,34.49
465.4,221.6,318,highperf,1088.9,75.27
356.8,214.6,164,standard,825.4,51.19
268.8,165.5,336,lightweight,1003.5,43.28
216.2,152.0,273,lightweight,917.3,44.28
411.2,120.5,180,highperf,1141.6,71.35
467.0,113.3,355,standard,938.9,64.78
184.3,134.9,287,standard,1175.5,43.43
420.2,163.1,273,highperf,973.6,67.62
356.4,204.2,152,lightweight,1005.6,48.72
204.5,225.7,30,standard,774.3,33.21
280.8,206.0,262,standard,778.8,49.87
371.4,106.3,119,highperf,958.4,67.97
386.8,107.9,120,lightweight,1016.2,52.52
493.1,182.2,300,standard,1170.5,69.69
323.2,101.4,4,highperf,1024.7,50.46
306.1,127.0,250,highperf,772.0,55.38
121.4,192.7,296,standard,1138.3,33.17
318.6,137.6,351,lightweight,1191.6,57.05
332.9,247.9,65,standard,1192.7,55.87
112.8,188.6,254,lightweight,776.6,31.42
207.0,137.3,296,highperf,1045.8,55.58
132.9,142.7,66,standard,957.2,29.52
448.0,225.3,100,lightweight,1003.7,57.0
132.9,148.9,237,highperf,992.8,44.84
451.5,145.4,143,standard,1120.8,55.87
372.2,156.9,339,highperf,1032.5,65.25
475.5,168.3,128,highperf,990.2,74.92
416.9,235.7,182,highperf,1079.8,71.75
337.0,138.5,310,highperf,806.8,63.09
113.4,148.8,338,lightweight,1023.9,37.09
194.5,139.2,117,lightweight,1077.2,36.11
226.7,131.6,230,lightweight,987.9,46.15
281.8,149.6,96,highperf,894.2,52.82
245.9,156.2,17,standard,1169.6,43.21
409.6,130.9,89,highperf,718.9,64.13
367.5,189.1,344,highperf,1079.1,57.19
242.3,173.4,272,highperf,1056.8,57.3
478.7,133.1,102,lightweight,1067.0,57.74
361.8,233.9,297,standard,1061.8,52.07
433.2,122.8,334,lightweight,882.2,61.65
214.6,171.5,259,lightweight,1034.2,39.9
369.6,136.0,253,lightweight,1123.8,52.89
135.2,237.0,242,highperf,720.6,40.46
271.8,184.3,348,highperf,866.2,59.06
460.0,230.1,218,standard,1177.9,64.8
175.2,143.7,211,lightweight,1181.9,36.23
162.3,130.9,121,standard,850.3,36.31
288.9,218.9,153,highperf,946.7,50.13
444.0,111.5,356,standard,1090.6,62.36
485.6,194.8,364,standard,815.9,65.78
350.2,214.8,157,standard,786.9,45.88
150.8,182.8,342,standard,780.2,44.07
447.1,140.8,259,highperf,925.5,74.56
187.0,108.5,27,highperf,1079.5,49.48
322.7,131.2,358,standard,1135.4,58.33
489.3,169.9,304,standard,736.2,63.73
238.2,191.6,208,highperf,859.6,50.67
416.4,205.2,262,highperf,791.3,61.42
428.6,128.4,293,standard,703.9,63.65
358.6,152.9,76,highperf,1068.0,65.39
262.8,205.9,229,lightweight,1028.3,41.22
241.9,183.4,3,standard,943.1,35.73
483.9,174.9,246,standard,1093.1,59.52
463.5,203.1,358,highperf,794.4,68.41
145.7,109.6,108,highperf,981.9,50.02
140.9,248.5,124,standard,1125.0,35.62
122.3,207.3,112,standard,728.9,33.35
124.0,211.3,134,highperf,832.4,42.81
469.3,221.8,84,standard,1047.9,56.7
394.1,191.0,195,standard,982.8,58.61
397.3,186.4,118,highperf,1009.3,68.26
192.3,123.2,264,highperf,951.8,57.35
464.7,132.0,68,standard,803.2,60.58
408.0,224.0,219,standard,1059.1,56.43
236.1,233.0,141,standard,838.6,38.67
354.8,140.2,128,standard,823.2,56.69
471.5,154.8,64,highperf,1008.6,67.07
314.0,241.3,320,lightweight,806.9,41.1
243.3,126.4,32,highperf,869.2,46.77
144.4,194.1,96,standard,1123.9,37.37
416.9,236.7,69,highperf,1177.2,66.1
416.2,246.0,54,standard,872.6,49.8
362.2,122.3,316,highperf,1167.8,69.34
477.3,190.7,345,standard,1174.5,60.55
143.3,105.1,68,highperf,968.2,43.08
264.0,106.7,248,standard,833.9,50.66
338.8,212.7,321,lightweight,929.0,47.2
390.3,112.8,277,highperf,1028.1,71.48
307.2,220.6,271,lightweight,733.0,44.93
441.2,192.9,182,highperf,1058.5,69.49
326.1,115.7,270,highperf,737.3,58.12
251.1,199.3,228,standard,1111.2,49.97
132.1,166.4,129,standard,902.4,31.09
488.2,182.7,271,lightweight,1014.2,64.41
281.4,162.9,206,highperf,1152.8,59.12
173.6,128.6,38,standard,865.4,43.61
451.8,183.2,327,lightweight,719.6,57.48
478.8,172.0,301,highperf,1024.0,75.62
172.9,222.8,307,standard,1025.6,38.6
480.1,191.5,257,highperf,1123.5,80.29
100.1,160.9,55,standard,986.9,30.4
297.1,118.0,64,standard,748.5,46.15
447.9,175.5,285,highperf,870.0,70.76
100.8,166.5,313,lightweight,1097.3,34.22
219.7,197.1,195,lightweight,795.1,38.85
231.1,164.6,145,lightweight,941.9,48.07
429.4,135.5,293,standard,1191.9,64.91
214.9,113.4,353,highperf,962.0,58.04
389.0,184.1,192,standard,921.1,55.01
316.1,248.2,96,standard,1054.3,48.03
175.4,188.1,132,highperf,814.4,46.87
171.2,210.5,134,highperf,827.5,47.06
344.4,115.6,291,highperf,979.5,69.37
402.5,230.5,10,highperf,1186.8,57.11
397.4,185.1,107,standard,786.7,50.63
360.5,119.0,256,lightweight,899.1,51.92
311.9,224.1,163,lightweight,1021.8,46.15
307.5,203.9,77,standard,845.4,48.3
374.0,122.6,160,standard,1033.3,59.17
245.4,161.9,60,lightweight,963.2,39.18
230.5,157.7,58,standard,715.7,35.31
376.8,125.6,64,highperf,1092.6,64.08
179.0,220.7,230,standard,1073.9,42.51
160.1,192.4,258,standard,703.0,38.48
181.1,177.3,209,standard,1020.1,44.84
318.6,136.7,76,standard,1141.0,49.39
373.5,178.8,268,highperf,799.5,66.19
107.1,214.3,361,standard,786.0,31.37
493.8,149.9,34,standard,1041.4,69.12
163.6,206.8,68,highperf,723.7,41.14
225.5,140.1,62,standard,1197.8,38.7
388.6,248.8,45,highperf,982.3,58.53
240.3,203.6,34,standard,927.5,38.83
465.8,107.2,223,lightweight,714.4,60.33
481.1,148.3,308,standard,703.9,67.13
447.8,240.6,275,highperf,950.8,61.49
114.5,185.2,230,standard,831.0,33.61
159.8,154.7,77,standard,1117.2,38.3
109.7,179.6,292,standard,1051.9,36.54
386.6,190.4,268,standard,738.5,55.04
119.4,139.4,286,highperf,921.3,43.74
441.7,171.2,192,standard,837.5,59.63
217.0,205.5,301,lightweight,814.7,42.2
198.4,131.6,341,highperf,943.4,60.18
425.1,206.0,132,standard,903.8,58.89
463.2,215.9,323,standard,861.2,61.56
421.2,195.9,276,highperf,850.1,66.57
181.9,232.8,114,standard,946.6,36.48
173.2,193.2,31,standard,1121.7,36.51
229.7,134.1,232,lightweight,866.3,37.28
203.5,235.2,27,standard,957.0,36.1
287.6,209.1,268,lightweight,724.3,41.57
474.4,198.5,300,highperf,869.6,66.35
207.9,238.0,168,highperf,928.7,48.25
299.0,147.9,26,standard,823.8,45.4
191.6,147.3,110,highperf,724.9,45.21
459.5,100.3,85,standard,816.1,66.7
151.7,198.4,186,standard,824.4,39.45
496.1,183.5,19,lightweight,1109.6,53.67
278.9,182.0,179,standard,714.5,41.67
248.8,123.8,221,standard,882.2,48.28
358.7,209.2,87,highperf,1005.7,65.68
488.5,103.1,169,standard,1173.5,75.39
221.4,150.8,180,standard,832.0,45.08
382.2,180.8,64,standard,1158.6,52.18
236.0,212.4,187,highperf,865.1,52.59
369.4,239.3,328,standard,1148.9,57.38
344.8,116.5,326,lightweight,1120.1,51.0
243.8,109.8,164,standard,1120.8,46.04
498.6,189.5,89,highperf,784.5,70.43
130.2,141.2,271,standard,760.8,41.28
469.1,110.3,344,highperf,1192.7,83.06
495.7,172.4,196,highperf,957.5,76.4
142.7,243.8,100,highperf,896.4,40.0
387.0,132.2,253,standard,1073.9,64.26
441.9,165.8,271,standard,769.2,63.85
205.5,145.6,198,highperf,847.0,51.31
126.0,215.7,8,lightweight,940.8,19.48
268.8,176.4,125,highperf,741.1,53.15
402.0,138.2,186,standard,749.3,55.19
240.8,144.9,298,lightweight,995.8,46.74
113.7,197.8,81,standard,856.9,30.66
204.3,138.0,92,standard,890.8,41.06
145.1,118.2,114,lightweight,958.6,31.03
195.1,202.4,8,highperf,870.9,35.29
179.0,195.2,217,standard,822.2,36.89
298.7,232.4,40,lightweight,1030.9,38.64
236.2,183.0,202,highperf,706.2,51.07
145.6,157.8,172,standard,778.1,34.6
265.2,244.8,232,highperf,1129.8,53.18
253.5,176.3,126,standard,991.8,47.96
399.0,192.8,241,highperf,876.9,67.02
306.2,164.6,135,highperf,904.4,61.04
100.6,189.7,240,standard,1094.1,36.88
270.0,149.8,143,standard,717.5,43.6
453.6,247.3,267,standard,807.4,60.91
205.6,193.8,274,highperf,952.3,53.42
254.5,100.4,142,standard,789.4,50.66
473.8,158.9,297,standard,1096.5,67.57
449.9,201.4,333,highperf,1164.3,70.71
481.5,215.8,310,standard,737.9,61.03
228.4,104.9,273,standard,818.8,46.35
226.0,130.5,116,highperf,777.4,50.35
101.3,145.2,333,standard,786.9,33.43
423.4,220.0,231,standard,1113.0,63.06
107.0,134.1,217,highperf,822.8,42.56
274.8,141.4,80,lightweight,967.2,44.38
440.1,178.6,297,standard,877.2,61.96
494.8,115.0,146,standard,970.7,72.1
497.8,238.2,275,lightweight,925.5,59.82
313.1,152.3,222,standard,844.2,51.96
139.2,228.1,310,standard,1014.6,36.49
316.4,158.3,9,standard,821.1,43.95
193.2,227.0,139,standard,1117.2,42.16
151.0,110.4,120,lightweight,892.3,31.69
338.5,210.2,163,standard,796.7,52.82
239.7,168.5,36,standard,1091.8,44.75
477.4,166.9,113,standard,831.5,66.49
236.3,177.8,72,standard,1034.7,43.71
346.6,237.1,81,standard,823.8,46.85
328.6,125.7,291,standard,1175.9,61.68
463.3,140.8,227,lightweight,995.0,59.91
362.5,205.9,60,highperf,827.2,52.26
302.0,173.6,107,standard,1173.1,49.49
292.3,126.3,14,standard,1078.3,47.53
436.4,110.7,248,highperf,700.6,71.71
176.2,106.4,129,lightweight,758.3,37.01
350.1,248.2,200,standard,787.7,50.18
369.7,186.8,80,standard,848.9,50.95
251.4,141.9,130,standard,971.2,54.35
146.1,158.2,289,lightweight,1173.6,38.22
408.4,244.6,278,highperf,855.0,67.76
381.3,125.8,71,standard,717.0,57.76
337.8,244.0,161,standard,782.1,54.7
241.5,135.1,260,highperf,853.8,62.85
455.1,151.1,296,highperf,1106.2,76.55
439.8,135.8,198,highperf,1116.9,78.66
466.3,197.7,102,lightweight,724.2,53.61
495.7,122.5,89,standard,949.5,66.92
233.8,180.5,289,standard,1039.7,49.44
258.2,249.7,168,standard,1006.1,41.25
273.3,154.9,151,highperf,764.9,55.41
328.5,156.7,158,standard,1075.4,52.81
144.4,240.7,84,highperf,1129.5,45.66
132.5,127.8,326,lightweight,850.4,34.13
464.1,177.4,298,lightweight,717.9,57.14
373.0,146.1,257,highperf,1011.1,62.84
235.6,219.9,60,standard,866.5,36.51
182.0,206.5,151,lightweight,742.8,32.52
172.8,134.8,177,highperf,890.3,48.67
154.0,173.1,319,standard,808.5,46.36
230.4,124.0,329,standard,1140.4,52.66
215.0,140.3,184,lightweight,850.2,38.42
314.4,241.7,203,highperf,984.0,57.26
416.7,131.7,361,lightweight,1035.7,59.42
352.2,175.4,195,standard,943.4,56.45
304.2,110.0,152,highperf,946.8,61.46
216.8,184.9,230,lightweight,1037.9,43.91
482.3,221.4,39,standard,1162.9,62.62
143.8,146.3,344,standard,919.5,41.0
453.9,145.1,307,standard,898.5,69.32
277.9,151.9,172,standard,1102.7,53.57
484.5,194.7,88,lightweight,838.3,58.29
325.0,161.7,280,standard,905.7,57.83
281.6,117.5,294,highperf,730.0,60.92
302.8,191.7,279,highperf,923.1,56.38
200.5,247.1,84,lightweight,887.7,24.83
207.3,250.0,262,standard,794.7,41.78
169.9,206.5,233,lightweight,1110.8,35.67
267.5,111.4,310,standard,1090.0,54.01
142.2,179.3,16,standard,917.3,25.09
235.0,139.1,49,highperf,865.6,53.4
216.4,106.4,22,highperf,987.5,44.66
349.9,201.0,299,standard,893.7,54.79
451.2,167.7,33,lightweight,995.8,52.04
358.1,144.0,23,standard,842.9,47.37
352.7,149.1,75,standard,1189.3,53.06
303.0,196.9,200,highperf,1034.5,60.32
442.8,114.0,143,highperf,935.9,78.24
163.9,143.4,206,standard,884.2,42.0
389.3,115.8,224,lightweight,744.7,52.93
473.4,179.9,130,standard,983.7,59.79
418.8,105.5,58,standard,1078.1,63.03
272.6,170.5,316,standard,845.8,49.96
204.4,138.6,221,standard,882.1,43.34
252.2,208.4,232,highperf,987.5,52.93
319.0,157.4,170,standard,1050.7,57.93
319.4,240.7,243,lightweight,1063.5,45.71
122.2,156.4,39,standard,1045.5,35.13
380.1,161.3,294,highperf,779.3,73.37
302.7,245.9,287,standard,1110.1,50.43
454.0,134.7,89,standard,778.4,63.02
441.1,117.5,230,standard,991.4,67.56
221.5,147.8,52,highperf,1025.8,48.07
459.5,246.1,97,standard,1070.7,58.1
427.0,179.9,79,highperf,1017.2,64.76
379.6,191.1,227,highperf,1090.2,64.51
429.9,234.7,120,standard,798.8,51.34
294.9,160.1,45,highperf,918.4,47.11
384.8,112.2,6,standard,1163.6,56.32
168.0,124.0,204,standard,944.0,43.97
252.0,163.3,51,lightweight,900.8,40.76
438.7,123.4,351,highperf,812.3,72.32
290.9,147.8,251,standard,969.3,53.13
157.2,226.8,306,lightweight,783.2,33.5
312.2,113.4,130,standard,748.7,45.54
273.6,108.3,197,standard,853.1,54.74
451.3,124.6,131,lightweight,1007.4,62.39
358.0,175.8,82,standard,978.2,54.68
486.3,196.7,109,highperf,770.6,70.79
247.0,113.0,187,lightweight,709.6,43.99
110.0,152.2,266,standard,887.7,37.46
281.4,242.0,103,standard,971.0,40.73
362.7,164.8,269,standard,818.7,50.79
426.6,174.6,227,highperf,745.8,63.0
391.0,160.3,258,standard,876.4,58.61
165.1,104.1,258,highperf,849.5,51.2
286.5,162.7,209,standard,1172.8,52.18
478.6,246.5,202,highperf,749.9,66.08
360.2,181.0,341,standard,792.2,52.03
256.4,170.2,198,standard,1037.8,48.73
252.5,158.0,124,standard,703.4,50.63
494.9,174.5,29,standard,1068.4,65.63
416.3,227.7,124,highperf,846.0,57.61
241.5,133.4,5,highperf,703.2,40.56
471.0,182.8,158,highperf,859.0,72.4
134.5,195.4,226,standard,703.0,37.45
314.8,126.9,88,standard,888.4,55.69
483.3,190.2,189,standard,1048.2,66.42
171.1,111.1,335,highperf,967.2,53.95
110.0,116.5,113,highperf,862.1,44.51
494.3,189.0,134,standard,762.7,57.32
462.6,235.0,345,standard,1024.4,63.45
286.0,149.0,190,lightweight,943.1,41.37
247.0,186.6,124,lightweight,957.7,37.02
303.8,215.9,49,standard,1097.9,47.47
397.7,191.6,314,standard,1167.3,59.04
156.7,177.0,204,standard,798.6,43.55
161.3,197.0,119,standard,742.1,31.56
431.3,149.9,329,standard,712.7,62.52
285.4,119.8,112,standard,891.5,52.57
358.0,115.1,86,standard,1015.8,56.67
165.4,171.0,337,standard,1108.3,38.35
331.3,108.2,150,standard,1054.6,59.49
421.8,153.2,139,standard,941.6,63.95
240.6,231.0,30,standard,1100.9,36.09
491.6,237.8,318,standard,894.9,64.66
233.5,136.6,183,standard,925.1,47.89
299.1,194.4,242,standard,703.9,48.63
425.7,104.6,206,standard,758.5,58.72
269.2,194.3,144,highperf,759.0,52.05
395.9,104.8,33,standard,911.8,54.88
286.6,156.9,185,standard,722.6,52.33
451.5,247.6,150,standard,865.3,55.5
341.5,221.1,353,standard,870.7,51.14
374.9,124.3,170,standard,856.8,50.67
105.6,105.8,355,standard,939.6,46.92
163.5,117.5,358,highperf,978.1,54.07
148.0,233.1,354,standard,1174.9,41.1
158.6,191.1,110,highperf,864.1,49.24
231.5,237.0,2,highperf,779.0,36.32
278.6,182.8,252,standard,1169.8,52.47
492.4,126.1,61,standard,984.4,65.07
152.0,237.3,231,lightweight,784.0,28.57
453.8,159.5,241,standard,911.4,61.85
491.9,124.0,262,standard,1114.5,68.54
359.3,126.2,158,lightweight,718.6,49.44
416.6,233.5,109,highperf,1120.9,63.43
440.7,224.6,81,standard,1036.6,48.71
323.6,182.4,329,lightweight,852.5,45.54
370.1,136.2,203,standard,1135.2,59.01
431.9,140.6,54,standard,778.3,55.67
163.7,244.6,17,highperf,1061.9,35.93
355.8,196.8,132,standard,1008.2,48.91
462.2,165.0,293,lightweight,982.5,66.87
122.2,197.4,229,lightweight,902.4,33.86
382.4,162.2,73,standard,1114.2,55.82
184.7,203.3,241,standard,1145.0,42.29
158.1,114.0,305,lightweight,1135.6,44.68
292.7,249.3,86,highperf,1137.3,55.43
341.1,153.4,202,standard,1038.1,62.75
430.5,136.4,118,highperf,1005.1,67.37
344.6,205.5,264,highperf,1121.5,67.69
415.4,102.6,310,highperf,1011.3,78.47
362.0,241.5,238,highperf,791.9,56.94
211.8,119.0,67,lightweight,1173.3,39.24
411.8,118.7,119,standard,1042.9,58.65
310.8,233.3,205,highperf,880.2,56.8
195.9,229.5,215,lightweight,700.4,34.13
301.7,203.1,178,highperf,887.3,57.95
247.3,227.0,259,highperf,939.8,52.88
153.7,241.5,175,highperf,1130.0,43.31
212.7,203.1,233,highperf,1043.6,49.7
336.8,104.9,85,standard,984.4,54.01
362.8,117.0,27,highperf,808.3,60.66
378.5,105.4,43,highperf,1121.2,62.58
214.2,152.6,129,lightweight,931.5,33.37
296.5,194.0,110,highperf,1077.7,59.63
129.2,105.7,119,lightweight,844.3,33.77
407.2,126.1,264,highperf,865.6,73.74
340.7,208.4,358,highperf,944.0,58.69
468.5,213.8,149,standard,760.9,62.21
153.5,176.1,57,highperf,843.7,42.67
450.9,223.0,16,standard,976.5,53.19
245.2,189.8,253,standard,1063.3,49.25
488.9,242.3,172,standard,1046.3,63.16
369.8,237.4,361,lightweight,845.1,51.3
261.3,221.5,346,standard,752.6,45.58
480.8,118.7,276,highperf,732.5,74.8
119.6,128.3,11,lightweight,1176.2,22.22
499.6,199.4,56,standard,1180.1,65.12
413.0,172.5,184,lightweight,797.8,48.5
118.5,230.7,128,lightweight,886.6,27.21
458.5,191.9,204,highperf,797.8,69.41
321.7,127.7,253,lightweight,1022.4,47.34
434.4,122.5,46,highperf,826.9,69.94
455.3,194.2,240,standard,869.9,66.05
338.0,162.6,36,standard,724.6,49.63
233.3,221.4,97,lightweight,1032.6,32.44
179.1,119.9,88,lightweight,723.9,33.88
131.0,206.0,16,standard,728.9,28.86
173.2,154.2,335,standard,716.8,36.56
278.9,177.1,6,highperf,862.7,38.43
253.7,128.4,203,standard,1111.3,48.81
374.3,151.0,44,highperf,991.1,61.59
233.0,142.2,319,highperf,991.2,54.19
101.6,219.7,176,standard,729.7,30.05
203.7,132.0,264,standard,768.7,41.96
114.1,209.7,277,standard,788.8,39.72
196.6,185.2,195,standard,912.7,43.92
146.8,222.8,258,standard,710.6,31.58
305.8,162.0,234,standard,1158.1,55.32
112.1,180.6,349,standard,806.0,41.27
396.0,156.1,187,standard,860.6,58.58
355.2,185.9,333,standard,1085.7,50.59
313.8,178.2,92,standard,822.7,48.5
341.8,106.7,58,highperf,726.7,59.48
493.0,204.8,53,standard,1024.7,66.48
402.6,185.6,174,highperf,1138.8,62.57
203.3,122.0,18,lightweight,878.5,41.29
224.3,189.0,260,highperf,1126.0,53.49
337.1,106.7,86,highperf,886.0,63.36
141.8,144.3,44,standard,1126.0,38.17
144.0,155.6,323,standard,751.5,38.05
171.8,185.4,91,standard,846.8,39.36
175.9,238.9,86,standard,1120.7,35.08
362.8,126.5,219,highperf,778.4,72.24
275.2,212.5,89,standard,1027.3,40.58
201.9,171.8,3,standard,1025.5,26.42
106.1,129.4,210,lightweight,1066.6,39.68
318.2,237.9,103,highperf,779.9,57.01
111.9,115.4,348,highperf,803.2,46.92
384.6,192.3,319,highperf,1022.0,69.61
420.3,178.9,176,standard,849.3,53.42
467.1,241.9,118,lightweight,973.1,54.31
268.2,132.3,53,standard,707.9,46.28
396.9,235.0,99,standard,781.0,49.38
372.7,146.9,138,highperf,781.4,69.04
200.9,176.8,219,highperf,765.4,51.02
261.4,143.6,206,highperf,850.8,52.49
241.7,208.6,245,highperf,759.3,51.8
161.7,149.4,4,lightweight,1063.9,25.69
132.7,138.4,43,standard,844.9,27.34
306.6,151.6,364,standard,802.1,55.41
348.3,216.4,192,lightweight,959.0,47.87
255.5,164.9,26,standard,745.2,34.73
168.1,106.6,249,standard,942.1,42.44
126.3,108.1,259,highperf,1006.2,48.9
299.6,112.3,359,standard,962.6,57.1
159.7,194.8,261,lightweight,999.1,31.23
267.9,155.1,52,highperf,986.1,53.58
274.1,180.7,110,lightweight,1084.4,45.63
316.5,233.5,331,highperf,1085.3,56.98
180.7,146.4,22,standard,1192.7,45.44
440.9,200.5,279,standard,979.5,69.06
479.8,151.8,225,standard,1124.7,64.54
394.3,223.5,159,highperf,1064.3,65.43
146.5,212.3,237,highperf,703.7,40.63
466.4,206.4,99,highperf,791.1,61.67
437.2,118.0,198,standard,1033.3,55.82
393.5,140.9,172,standard,1109.5,59.73
183.9,246.3,146,highperf,892.8,49.24
292.8,199.7,336,standard,764.9,52.68
424.4,178.1,123,highperf,1053.4,70.12
139.6,223.1,229,standard,864.9,41.54
227.7,168.2,312,standard,1179.3,46.57
326.2,129.6,239,standard,892.2,55.3
256.7,166.3,252,standard,1122.8,48.74
335.7,130.9,139,highperf,866.4,61.38
459.8,107.4,340,highperf,839.0,77.37
305.1,141.7,25,highperf,872.9,55.69
266.1,136.2,260,lightweight,765.9,44.4
223.9,173.1,331,standard,1081.4,52.31
181.9,157.4,98,standard,954.1,42.21
156.1,176.6,251,standard,705.6,36.42
229.3,123.2,256,lightweight,815.7,42.09
337.9,128.4,330,highperf,1187.4,69.8
158.6,141.5,132,standard,955.3,39.43
366.6,210.9,281,standard,1013.9,56.17
336.2,182.6,118,highperf,1130.8,59.51
311.5,169.8,132,highperf,1005.4,58.84
440.9,174.3,318,standard,1067.5,64.73
115.0,213.2,198,standard,1064.3,32.46
204.0,150.1,334,standard,728.0,41.25
454.6,188.6,290,standard,1162.0,68.58
156.2,184.2,320,highperf,1194.0,47.66
302.1,193.4,154,highperf,898.6,56.66
198.0,133.0,342,standard,938.6,50.25
383.4,138.0,329,standard,821.6,60.22
467.3,180.0,124,lightweight,713.8,58.11
180.6,134.6,306,standard,956.7,44.02
222.9,155.8,121,highperf,1143.3,53.55
191.4,209.0,234,highperf,1023.3,47.6
226.5,230.5,19,standard,906.7,36.13
102.5,107.0,116,standard,1118.0,33.29
104.4,170.2,273,standard,913.7,32.82
341.1,117.2,158,highperf,901.7,62.25
111.9,210.5,115,lightweight,1006.8,33.93
100.9,205.7,92,highperf,1058.9,45.53
250.3,249.6,145,standard,811.8,38.22
385.1,162.8,137,standard,989.6,61.29
201.0,160.8,110,highperf,1031.2,51.6
302.3,135.3,338,standard,738.7,49.57
383.0,149.4,247,standard,1193.1,61.34
131.7,148.3,62,standard,1041.3,39.94
400.8,134.9,346,standard,1038.7,61.7
191.6,207.6,207,standard,1044.3,40.28
133.0,129.6,172,standard,1046.5,42.47
264.2,183.3,353,standard,749.3,47.45
303.2,195.3,36,highperf,800.3,53.71
191.7,203.8,72,standard,701.1,34.18
308.0,176.2,20,standard,906.4,42.62
250.6,186.2,207,standard,905.6,48.57
298.1,103.5,355,standard,1122.1,53.88
367.2,162.2,311,lightweight,991.1,54.53
359.6,145.5,264,lightweight,724.0,50.72
328.9,165.7,219,lightweight,1124.1,49.38
384.5,109.8,59,standard,1009.0,57.75
121.1,218.2,37,highperf,716.0,34.75
427.6,241.0,7,standard,833.5,46.38
263.3,162.6,206,lightweight,1061.1,38.64
259.9,141.4,145,standard,1189.4,51.51
105.5,108.1,65,standard,752.2,28.61
410.1,157.2,85,lightweight,1037.2,59.25
334.7,104.7,118,standard,1187.2,63.72
317.0,190.7,36,standard,849.6,45.85
419.1,105.9,69,highperf,1111.1,68.8
236.0,238.7,211,highperf,982.8,55.95
228.9,249.7,310,lightweight,989.4,37.51
117.0,104.1,185,lightweight,1140.3,36.24
225.6,144.6,95,standard,1064.5,49.66
447.4,131.6,325,standard,754.6,69.05
311.1,139.3,174,standard,1137.4,55.13
133.0,233.0,201,highperf,1004.5,45.43
276.6,109.6,345,standard,845.2,50.82
256.2,207.5,351,lightweight,1067.1,43.26
129.4,242.4,51,highperf,1012.1,39.18
325.4,184.4,88,standard,1185.0,46.33
176.0,242.2,170,lightweight,1145.4,34.01
122.9,197.0,81,highperf,1081.8,40.32
149.0,184.4,165,highperf,728.8,43.5
264.7,215.7,212,highperf,867.6,50.28
245.6,191.3,278,standard,1056.9,50.77
485.6,107.1,102,standard,743.5,64.3
472.1,238.5,53,standard,760.3,55.26
403.4,139.4,248,standard,893.5,67.41
441.7,183.1,215,standard,1008.9,60.96
497.5,127.6,354,standard,888.9,62.54
203.6,214.4,339,standard,761.3,42.43
465.4,180.8,291,standard,1167.7,66.24
486.3,130.4,17,highperf,859.5,69.11
118.8,111.4,208,standard,772.0,37.59
115.6,241.9,112,standard,1179.5,33.78
379.0,152.0,129,lightweight,982.3,53.98
232.2,107.3,306,highperf,1017.4,59.29
226.3,228.1,304,standard,1070.1,42.8
497.9,125.8,6,highperf,1125.8,70.42
158.0,148.0,184,standard,993.1,43.95
293.2,102.6,249,standard,715.6,53.5
146.6,214.6,223,highperf,1129.8,48.74
412.8,133.4,357,highperf,718.5,73.75
448.2,207.6,76,highperf,813.7,66.17
179.9,215.1,312,standard,1113.2,41.21
445.1,235.8,48,highperf,750.4,64.28
234.1,224.8,165,lightweight,842.8,39.79
456.9,241.5,45,highperf,772.9,55.97
400.2,133.3,351,lightweight,728.9,50.62
488.0,157.0,86,standard,902.0,66.26
285.4,102.8,216,standard,1160.4,60.26
368.1,191.1,187,lightweight,814.3,47.27
188.6,175.1,313,lightweight,1024.4,39.84
285.5,175.4,252,standard,1195.2,57.56
219.1,236.8,167,standard,1129.4,44.5
178.6,226.4,305,lightweight,945.9,35.69
142.4,129.4,188,standard,1097.3,37.33
149.3,176.0,180,standard,978.6,38.75
382.5,115.2,42,standard,961.9,55.61
218.8,116.2,217,lightweight,965.9,39.89
433.7,156.4,127,standard,846.6,54.03
137.2,160.3,265,standard,855.5,43.42
117.6,161.1,355,lightweight,957.3,34.68
155.1,186.5,134,standard,928.0,43.23
436.4,218.2,265,highperf,748.5,60.11
485.0,230.5,209,standard,1186.5,61.46
116.3,249.0,55,standard,966.2,22.01
431.5,209.2,185,highperf,1124.4,64.66
168.7,102.1,90,standard,930.8,43.11
289.0,146.8,118,lightweight,944.5,40.86
253.9,201.2,357,standard,896.1,50.68
358.0,110.2,121,standard,763.8,53.32
140.7,227.9,121,lightweight,928.8,24.31
423.9,182.8,334,standard,788.6,63.28
384.9,248.6,66,highperf,975.6,58.56
241.9,152.9,1,lightweight,898.8,24.54
287.7,201.2,244,standard,1080.4,47.97
183.8,102.5,272,lightweight,765.4,38.55
134.4,193.4,123,standard,734.3,30.96
495.2,224.6,235,highperf,1198.5,73.96
198.0,165.0,185,standard,981.0,43.02
449.6,144.0,120,lightweight,1155.7,62.92
190.4,191.4,239,highperf,1058.0,53.28
430.9,105.6,334,standard,1059.1,69.82
313.3,181.6,220,standard,1042.6,51.17
223.9,177.5,199,highperf,1075.8,53.32
491.5,217.4,87,standard,909.8,62.62
158.0,239.3,178,standard,1117.6,32.48
221.5,164.8,3,standard,872.5,31.55
419.2,106.9,45,highperf,781.8,67.71
260.6,202.0,92,highperf,1080.0,56.01
453.8,235.5,191,highperf,867.5,68.96
488.8,110.3,237,highperf,1124.1,81.88
461.4,170.0,266,standard,877.4,66.32
380.1,162.2,184,highperf,895.5,62.67
431.6,201.4,47,highperf,721.4,63.35
287.2,180.3,322,standard,1063.8,51.7
424.0,131.0,168,highperf,1178.0,70.61
420.9,111.7,154,standard,860.1,56.67
101.4,244.4,87,highperf,777.7,39.72
326.4,225.6,49,standard,787.9,43.41
242.5,188.2,337,standard,911.9,45.21
223.9,235.8,85,highperf,846.0,43.2
373.4,150.0,302,highperf,1054.2,68.29
161.9,222.7,236,standard,1114.7,39.71
115.0,134.6,72,highperf,768.6,38.06
332.6,172.7,154,lightweight,1140.6,46.07
341.8,194.2,354,lightweight,855.1,49.9
482.1,203.8,75,highperf,1073.8,75.42
122.4,186.6,156,highperf,755.0,36.42
297.5,193.6,197,highperf,769.8,57.75
211.3,206.1,205,highperf,703.4,45.41
138.3,140.4,325,highperf,1123.6,50.93
297.3,126.5,358,highperf,841.7,62.03
196.4,109.3,342,standard,901.6,48.84
269.2,122.7,317,lightweight,898.7,43.6
172.0,195.1,279,standard,848.4,42.53
385.4,131.0,149,highperf,964.4,66.59
384.0,145.3,285,standard,880.8,62.98
105.6,149.8,11,lightweight,947.5,21.71
229.4,247.1,6,standard,949.2,28.45
261.8,159.5,280,standard,1173.0,55.08
212.9,212.0,61,standard,704.6,39.19
351.1,248.6,80,standard,712.0,48.45
326.5,233.1,194,standard,1066.4,50.14
241.2,231.8,152,highperf,972.8,49.25
445.1,249.9,29,highperf,1174.6,61.01
455.3,221.0,125,lightweight,1170.1,55.07
222.8,203.3,104,standard,717.3,36.01
145.5,130.7,226,standard,1046.4,39.83
421.3,237.5,55,lightweight,871.8,48.42
156.5,136.6,22,standard,1077.2,41.06
301.8,246.8,356,standard,838.0,47.06
193.2,222.9,100,standard,780.4,33.92
427.5,171.0,11,standard,1099.0,53.04
183.6,121.2,114,standard,932.7,46.93
101.8,125.5,43,lightweight,985.7,31.78
143.1,127.4,355,lightweight,906.7,36.0
214.9,172.8,112,highperf,1172.9,48.14
277.8,150.2,287,standard,917.8,50.91
413.0,244.5,111,standard,1106.1,60.01
415.8,158.5,109,standard,964.8,62.96
354.7,206.0,170,lightweight,1136.2,48.82
493.2,176.8,51,standard,942.4,60.92
256.5,115.4,23,standard,1088.2,46.62
312.5,147.9,246,standard,1113.8,55.85
127.1,195.7,277,standard,893.8,39.2
295.3,198.7,100,standard,1150.1,52.44
413.7,136.3,223,highperf,907.7,67.53
356.6,133.7,120,standard,866.8,49.32
380.9,139.4,115,standard,738.1,47.96
450.5,130.1,195,lightweight,709.5,54.95
347.6,225.3,168,standard,931.3,47.09
180.9,152.5,151,standard,793.7,42.96
445.6,143.4,93,lightweight,781.4,57.27
389.1,184.0,207,highperf,1053.9,68.1
470.3,116.8,134,standard,1083.2,65.88
295.4,153.4,276,standard,958.9,50.38
405.7,199.9,63,standard,761.0,49.78
465.0,185.6,247,highperf,849.6,67.68
424.9,158.8,189,highperf,737.3,66.25
287.0,214.3,289,lightweight,852.4,39.26
320.9,193.2,234,highperf,1025.4,56.88
331.8,159.0,360,standard,866.5,52.39
106.2,192.6,228,standard,1118.1,31.61
364.9,229.7,306,lightweight,1158.6,53.13
470.0,122.0,26,standard,781.8,57.44
200.6,136.3,18,lightweight,787.4,36.43
161.1,122.5,74,standard,1190.8,36.64
451.5,188.5,314,lightweight,1091.1,62.88
366.0,206.7,216,highperf,839.6,60.21
409.3,163.3,51,standard,938.5,56.88
239.3,143.9,318,highperf,820.2,54.2
282.2,236.6,115,standard,1139.1,47.87
306.3,180.8,211,standard,1110.0,52.43
173.3,194.9,223,standard,854.8,38.8
474.6,143.3,70,lightweight,976.6,57.1
354.5,165.4,232,standard,968.7,51.95
451.3,177.4,296,lightweight,876.5,53.54
483.3,204.4,288,standard,862.7,59.58
434.4,176.3,62,standard,982.1,56.79
306.6,219.4,62,standard,818.8,48.39
141.5,212.4,330,standard,720.1,36.39
383.2,129.2,323,standard,1049.4,63.5
291.9,188.9,31,standard,1096.9,43.58
197.2,116.7,294,standard,985.7,45.81
105.3,207.9,285,standard,1070.2,36.52
343.8,215.2,92,standard,870.4,47.81
425.6,201.9,26,lightweight,1171.4,52.47
127.9,105.6,333,standard,773.0,36.72
227.8,194.1,14,lightweight,904.3,32.13
224.0,137.4,268,highperf,807.5,56.93
421.1,153.4,282,lightweight,866.1,58.89
267.7,137.0,331,standard,740.7,52.91
236.0,221.0,25,standard,780.0,36.48
332.6,105.6,153,standard,1163.4,60.23
156.5,108.5,255,standard,779.6,41.82
445.0,198.8,69,standard,713.6,58.43
100.9,203.3,145,lightweight,838.8,28.48
321.3,114.4,51,standard,956.2,50.87
335.3,135.4,43,standard,796.9,48.42
387.7,188.4,176,standard,706.7,53.61
158.8,141.1,22,standard,1099.7,38.73
253.6,134.8,354,lightweight,861.2,45.53
307.1,102.8,333,lightweight,1153.9,52.65
295.5,106.8,128,standard,892.2,49.86
382.7,151.3,21,highperf,732.0,55.84
277.7,183.8,150,standard,961.4,52.93
303.6,198.9,302,standard,927.1,51.03
164.7,228.4,154,standard,978.7,31.44
438.1,215.3,122,highperf,702.1,66.93
227.6,176.9,123,highperf,730.7,49.71
357.5,133.1,268,lightweight,739.2,48.29
205.5,178.2,44,standard,822.8,37.94
112.4,146.8,323,highperf,1087.4,49.08
344.8,136.3,320,highperf,1055.5,61.92
488.7,154.7,236,standard,908.9,65.2
118.8,203.5,278,standard,828.2,37.39
136.1,111.8,253,lightweight,985.9,36.21
182.3,234.1,261,highperf,1170.9,47.53
163.0,147.6,312,lightweight,1034.6,40.31
285.0,105.3,285,highperf,1185.5,66.02
391.7,197.5,175,standard,844.7,56.48
175.3,149.4,255,highperf,1164.3,47.56
345.5,158.2,287,highperf,1056.6,64.39
495.4,210.5,108,highperf,756.0,69.54
429.1,234.6,161,standard,831.4,55.54
410.0,185.5,320,lightweight,726.4,50.13
353.1,134.7,270,standard,897.3,54.73
381.2,124.9,264,lightweight,917.6,55.55
111.1,214.4,137,lightweight,755.5,25.46
487.2,193.1,274,standard,752.6,65.08
426.6,101.5,322,standard,754.6,66.8
109.1,226.9,110,lightweight,897.1,20.71
202.0,148.9,291,lightweight,721.8,38.75
317.0,123.0,45,lightweight,817.8,43.91
162.6,162.9,48,standard,992.5,30.78
334.8,245.4,309,standard,913.0,49.29
418.5,184.1,230,standard,1128.1,64.29
396.9,179.6,242,standard,876.7,63.94
487.5,120.0,170,highperf,765.0,75.99
268.5,206.6,277,standard,864.0,45.11
489.8,164.4,235,highperf,735.1,72.01
457.9,109.1,142,highperf,825.1,70.74
117.5,189.4,83,highperf,1037.7,40.29
256.0,134.1,199,highperf,1179.4,58.28
371.8,161.8,122,highperf,1170.4,69.1
259.3,153.8,215,standard,881.0,49.94
362.1,230.8,269,highperf,1102.5,59.16
488.3,189.1,56,lightweight,912.5,60.29
445.2,175.2,46,standard,1018.2,56.52
102.5,165.7,21,lightweight,742.2,21.09
244.2,192.8,28,standard,1003.6,44.57
232.5,166.1,217,standard,1044.9,44.46
116.8,133.5,283,lightweight,915.8,37.38
244.7,175.9,313,standard,979.9,47.11
445.9,199.9,332,standard,719.3,61.79
403.2,141.7,308,highperf,1071.1,71.97
360.1,143.2,336,standard,882.5,63.88
400.5,245.9,187,highperf,814.9,59.82
339.5,239.8,146,lightweight,1133.6,47.52
231.8,173.2,348,highperf,749.4,52.81
186.9,182.2,305,highperf,729.3,47.74
318.2,165.9,305,standard,921.8,54.0
418.1,201.2,178,lightweight,730.4,53.12
133.0,187.6,8,standard,1027.6,29.75
129.6,127.5,188,standard,985.3,41.98
344.0,105.1,141,highperf,1118.3,64.12
291.1,222.6,3,highperf,980.8,42.92
200.5,229.5,14,standard,764.8,29.41
320.6,115.2,342,standard,837.1,59.5
300.3,242.8,140,standard,940.4,44.23
288.0,124.1,271,highperf,818.6,60.51
454.9,135.0,77,standard,743.1,59.76
164.0,112.0,241,standard,756.7,41.11
491.4,125.5,1,lightweight,1074.3,45.8
474.8,221.1,191,lightweight,1054.5,59.59
143.4,237.6,32,standard,796.6,30.62
155.6,201.1,109,standard,927.0,37.58
187.8,248.7,216,highperf,1175.3,53.79
386.3,105.8,48,lightweight,1179.6,49.94
462.3,100.1,72,standard,1080.3,67.64
249.6,239.9,56,standard,822.3,38.88
223.9,170.6,280,standard,837.6,46.35
340.1,203.8,137,standard,1057.1,54.71
282.1,212.2,262,lightweight,758.3,40.46
307.7,102.1,280,lightweight,963.4,48.98
267.6,221.6,242,highperf,1006.4,54.77
345.6,174.9,157,standard,901.9,52.59
403.5,232.4,363,lightweight,757.1,49.6
250.3,226.6,168,standard,822.5,45.85
374.9,201.3,20,standard,787.6,45.34
432.2,181.4,233,highperf,1018.1,68.72
170.0,130.0,71,highperf,929.9,52.65
129.0,215.2,106,standard,979.0,30.68
246.9,165.8,159,standard,931.8,45.08
267.1,113.3,240,standard,892.3,49.92
278.7,127.8,47,highperf,870.1,57.14
288.2,247.4,129,standard,992.3,41.23
167.6,216.5,205,highperf,843.3,46.09
312.0,248.3,90,lightweight,826.2,40.7
255.7,169.6,72,standard,948.8,45.32
344.1,143.5,315,highperf,887.3,64.32
109.7,122.9,42,standard,876.0,40.02
353.0,162.1,197,standard,869.7,51.65
451.8,146.2,175,standard,1000.5,57.87
473.3,243.5,214,standard,1109.9,61.03
365.1,144.5,180,lightweight,853.1,51.34
269.1,141.4,228,highperf,1000.4,59.56
403.6,199.4,136,standard,784.5,54.13
258.6,149.0,259,highperf,984.8,58.14
101.5,194.4,95,standard,991.0,33.74
174.1,184.9,363,standard,894.7,37.41
132.0,152.4,136,highperf,793.7,41.07
363.9,188.3,246,highperf,1038.9,60.15
323.4,245.9,211,highperf,865.2,52.26
465.2,102.7,13,lightweight,918.2,55.42
329.3,111.3,346,highperf,896.8,66.38
241.8,145.6,180,highperf,1163.3,57.54
262.3,200.4,77,highperf,975.1,48.91
132.3,113.9,210,standard,1165.6,43.34
180.1,137.5,70,standard,1094.3,37.21
244.2,196.6,334,highperf,1021.4,52.03
170.0,160.5,257,standard,851.0,40.25
454.9,235.3,24,highperf,746.5,60.53
437.9,201.6,10,highperf,1083.1,60.64
196.8,156.6,241,highperf,1152.4,52.08
142.6,100.3,31,standard,1160.5,31.15
197.9,195.7,150,standard,1117.7,44.42
203.8,111.4,48,standard,1182.5,40.44
266.6,102.8,330,highperf,907.4,57.01
189.8,169.6,208,highperf,1031.3,47.36
402.9,218.7,49,highperf,900.4,62.36
395.6,148.0,16,standard,1182.7,54.48
183.6,131.9,103,highperf,909.3,48.16
497.4,102.5,93,lightweight,1094.2,62.6
272.2,168.7,46,standard,770.5,38.33
102.7,148.5,107,standard,764.5,32.75
498.4,100.3,221,highperf,982.3,77.11
364.3,119.7,228,lightweight,963.2,57.6
345.6,234.6,338,standard,786.9,48.93
418.2,221.8,81,highperf,1123.5,63.09
286.8,192.4,100,lightweight,1007.6,38.53
323.2,181.7,329,standard,934.9,47.82
143.2,111.9,351,lightweight,962.8,36.99
491.9,125.5,166,highperf,967.9,79.92
252.1,147.1,284,lightweight,794.0,43.04
126.5,131.5,138,lightweight,1080.8,29.47
481.7,191.9,347,highperf,992.9,74.43
210.2,190.6,265,lightweight,1189.9,32.58
355.3,125.6,198,highperf,1103.5,68.82
237.7,182.1,121,standard,1056.6,44.27
433.8,118.5,314,standard,1162.5,67.04
126.2,181.2,115,highperf,1139.1,36.67
398.1,186.4,152,standard,1176.8,53.71
327.3,241.8,264,standard,1037.4,50.93
491.2,102.7,333,standard,927.0,68.13
395.5,110.3,343,standard,1186.8,67.39
192.2,246.9,355,standard,1180.7,41.21
239.4,198.7,16,standard,741.9,33.93
322.0,158.3,240,lightweight,847.8,50.7
125.6,203.2,269,standard,1073.0,37.04
314.3,193.1,43,lightweight,792.8,44.08
230.1,205.7,161,standard,848.0,33.8
352.8,207.5,89,standard,1124.7,53.03
487.2,150.2,23,highperf,774.8,69.21
352.4,155.6,184,standard,1092.0,54.67
286.7,244.2,60,standard,709.2,40.27
420.5,185.9,140,standard,947.9,63.04
135.0,152.4,40,standard,758.4,27.49
230.5,156.4,264,highperf,976.6,52.58
303.7,111.4,73,standard,999.0,48.07
435.0,189.7,327,standard,1094.1,59.16
417.4,131.7,272,lightweight,1000.9,60.91
384.6,149.1,157,standard,1185.2,58.49
187.8,154.5,321,standard,731.9,41.43
221.5,152.3,40,highperf,956.6,53.25
483.2,176.9,195,lightweight,775.1,57.15
140.0,212.1,123,lightweight,781.0,28.59
369.0,180.0,234,standard,950.3,61.03
275.2,248.7,176,lightweight,884.4,44.5
262.7,170.4,14,standard,1039.1,42.62
281.1,190.6,343,standard,874.9,50.84
448.9,125.4,285,highperf,764.3,76.41
490.3,154.4,335,standard,1083.5,68.96
429.9,202.0,175,standard,1062.1,62.85
135.5,170.8,36,standard,767.4,33.78
387.1,227.1,109,standard,1036.0,52.56
140.2,221.4,337,standard,895.8,40.34
303.3,248.1,292,standard,1140.6,56.53
348.8,239.6,223,standard,1035.2,49.22
242.3,219.7,300,standard,812.5,39.74
338.4,237.2,233,standard,1099.0,51.68
282.1,107.1,224,highperf,755.5,58.5
321.0,136.3,91,highperf,1132.0,63.4
360.4,248.9,199,standard,709.5,54.71
484.6,221.6,40,lightweight,1000.5,55.51
359.1,198.9,120,highperf,1156.7,68.36
131.5,235.4,29,standard,839.5,28.53
433.3,123.5,81,highperf,1038.8,71.14
110.4,194.4,51,highperf,863.1,34.26
381.7,217.3,351,lightweight,865.5,45.97
137.3,133.4,113,standard,806.8,33.26
304.5,225.3,105,lightweight,1012.1,40.61
472.7,194.1,78,standard,1034.9,57.37
254.2,235.6,237,lightweight,730.8,40.71
401.3,195.2,55,highperf,1005.2,57.56
117.3,246.9,171,standard,1018.5,30.01
303.8,221.8,323,standard,1140.7,52.0
423.3,212.2,135,standard,842.0,59.07
405.4,116.2,331,highperf,1161.8,74.14
305.7,219.5,229,standard,996.7,51.62
306.2,132.0,263,highperf,1042.4,64.2
421.7,176.8,274,lightweight,905.2,59.2
328.4,226.7,208,highperf,1049.2,61.42
400.3,229.1,284,standard,829.4,58.63
240.4,158.4,28,lightweight,878.6,29.88
418.3,218.5,99,highperf,1116.6,64.92
173.4,215.9,294,standard,988.4,37.01
338.0,113.7,226,standard,1007.1,57.83
296.2,167.2,33,highperf,1077.8,55.87
219.9,228.4,48,standard,956.1,37.68
342.1,155.8,93,standard,1091.7,54.13
108.2,239.0,170,standard,850.7,36.69
219.5,134.5,115,standard,860.7,41.11
123.7,152.4,125,standard,1065.6,37.09
435.3,162.0,124,standard,1154.8,59.14
191.4,129.9,279,standard,995.1,47.0
262.5,148.9,280,standard,1130.8,52.18
188.1,179.9,285,standard,895.6,38.75
389.9,125.3,210,standard,755.6,55.53
428.6,207.6,162,highperf,827.8,62.54
148.3,104.5,236,standard,804.1,44.09
457.1,196.3,195,lightweight,1169.6,53.77
105.5,217.7,19,highperf,915.6,31.37
388.1,141.7,77,lightweight,1143.8,52.38
410.2,219.8,28,standard,755.5,45.29
375.6,104.2,284,lightweight,1071.7,57.9
205.2,191.1,71,standard,1097.4,38.61
237.5,240.8,119,standard,1071.5,40.54
