age_years,km_driven,engine_cc,bike_type,num_owners,price
5,74019,617,scooter,2,74764.69
8,73106,352,sport,1,76346.88
3,15245,442,scooter,1,91986.42
11,30229,202,scooter,1,39996.01
2,67788,957,commuter,3,111131.5
8,25950,590,sport,1,100680.92
10,35346,843,cruiser,3,93838.28
11,45042,101,commuter,3,30055.71
1,72346,437,scooter,1,82303.25
10,60077,294,cruiser,3,54740.51
9,15418,970,cruiser,1,116197.03
2,30619,175,sport,1,103166.9
1,74429,368,sport,2,102122.11
5,25789,917,commuter,3,108370.07
6,28213,866,scooter,3,97055.28
5,46567,900,commuter,3,102459.93
8,3387,411,scooter,3,65872.12
5,11350,119,sport,2,94416.59
14,23861,470,scooter,1,38549.4
3,59832,917,commuter,1,115493.11
8,19511,861,commuter,3,92963.67
2,37476,504,sport,1,122469.63
12,68803,279,commuter,3,29274.17
13,6429,910,sport,3,108860.13
5,23551,943,cruiser,3,124920.72
0,56924,182,sport,1,109440.78
8,60198,457,commuter,1,61823.55
5,49475,226,cruiser,3,79039.79
6,17022,696,commuter,3,100442.11
10,37557,789,sport,1,107327.94
3,77669,429,scooter,1,73875.51
6,1160,104,commuter,1,69276.01
6,25017,175,commuter,3,60604.15
11,78162,373,sport,1,62596.32
3,54173,653,sport,3,117229.64
14,42195,873,commuter,1,63256.16
12,7266,903,sport,3,107163.64
0,57118,116,sport,3,96481.79
11,6460,490,commuter,2,63694.47
8,27225,843,commuter,1,98143.08
12,42055,651,commuter,3,60010.12
10,5397,155,cruiser,1,60664.84
6,4318,460,commuter,3,84174.69
12,47673,644,commuter,2,59602.3
2,41624,437,scooter,1,85680.28
7,55784,172,commuter,2,45115.14
8,18556,408,commuter,3,65364.54
9,52075,731,sport,3,97513.67
5,25583,781,sport,3,128234.78
14,12086,981,cruiser,1,95049.58
12,57485,180,cruiser,2,43485.2
6,42105,721,commuter,2,87508.77
9,59071,732,scooter,1,67569.12
5,27468,716,cruiser,1,117386.67
4,43196,821,commuter,3,100198.19
10,28359,969,sport,2,116605.8
1,41244,765,commuter,2,117658.49
10,51172,676,commuter,3,65466.92
0,70331,356,commuter,2,87338.58
1,16324,623,cruiser,3,125143.81
12,18909,580,cruiser,3,71522.17
13,34626,777,commuter,2,70212.18
14,71765,403,scooter,2,15367.32
12,74360,503,commuter,1,40617.79
8,47619,982,commuter,1,97808.6
13,50621,553,commuter,2,47064.86
11,56084,279,commuter,1,39929.19
8,73995,677,scooter,3,64757.56
14,10664,104,cruiser,2,39157.3
12,10641,155,commuter,2,36718.96
2,46959,258,commuter,1,82185.21
13,26075,534,cruiser,2,69293.98
3,18870,971,commuter,2,125818.35
7,12467,280,sport,1,98665.05
7,64113,492,cruiser,3,81855.51
14,39333,198,commuter,1,21740.26
14,47771,406,scooter,2,24165.73
3,67641,825,commuter,3,100743.56
7,6496,194,sport,2,93256.81
0,47586,454,sport,3,122343.33
14,32787,372,cruiser,2,55051.84
2,33960,744,scooter,1,108008.41
2,30465,645,commuter,2,105299.67
11,48042,342,sport,3,64867.78
5,23536,943,scooter,3,111486.12
12,39955,212,cruiser,2,47313.24
11,15396,354,sport,1,78816.08
12,61383,539,sport,3,68680.45
11,67852,659,cruiser,1,76015.85
3,42903,543,commuter,1,100735.54
2,69771,143,sport,2,93589.81
9,27295,347,scooter,3,53780.22
1,25474,765,scooter,3,110179.37
14,25025,136,cruiser,1,39181.58
6,40564,603,cruiser,2,99893.8
7,64765,789,cruiser,1,97879.02
10,46274,933,commuter,1,82645.18
2,29270,229,scooter,2,70866.28
7,18773,843,commuter,2,102021.3
2,57833,942,sport,2,139458.87
5,36629,952,cruiser,2,125709.86
8,2640,526,commuter,1,81326.94
10,62293,872,commuter,3,75590.65
4,5194,913,sport,2,140510.1
7,53629,838,sport,3,114458.97
12,18068,923,cruiser,2,96307.89
2,32438,903,cruiser,3,134302.2
5,64397,675,commuter,3,85116.66
4,19736,315,cruiser,2,97188.66
0,56260,470,cruiser,3,105975.86
12,35392,476,sport,3,74888.21
2,51439,884,scooter,1,112680.27
0,43779,689,scooter,3,105372.63
14,79814,862,cruiser,1,65136.62
10,57351,182,sport,1,61388.63
9,8161,965,cruiser,1,121761.38
9,23148,202,scooter,3,43424.48
8,51303,859,cruiser,1,100705.33
8,74543,846,cruiser,3,84738.67
13,3084,521,commuter,3,60722.71
6,20368,462,commuter,3,78644.02
1,2557,949,scooter,3,132075.61
3,57190,485,commuter,3,88370.7
12,52536,994,sport,1,106433.78
2,48495,661,scooter,3,94360.12
0,33517,809,commuter,2,130829.92
11,68491,368,commuter,2,32456.57
9,72172,414,sport,1,70993.17
14,3914,614,sport,2,83955.33
5,70898,932,scooter,2,92496.25
7,44601,724,commuter,1,86170.5
11,35842,788,commuter,3,63644.2
13,43208,869,scooter,2,65636.03
5,20860,367,scooter,2,75053.99
12,29389,714,scooter,2,64879.76
2,6171,202,cruiser,2,96221.11
9,42578,601,sport,3,87603.74
2,36361,885,commuter,2,122441.59
7,14735,159,sport,2,88936.89
2,10195,390,commuter,1,102021.78
0,1277,836,scooter,2,134119.02
6,24255,716,scooter,3,92135.16
2,34885,896,cruiser,1,131058.25
9,16264,209,commuter,2,54807.79
2,13622,260,scooter,3,72856.42
13,64893,522,cruiser,1,57213.67
3,71228,430,sport,1,107891.83
9,49304,841,cruiser,1,104156.86
12,62947,881,scooter,3,61555.99
0,72941,654,commuter,3,93743.01
13,12230,344,sport,1,69054.8
9,6024,285,cruiser,3,78628.96
1,54592,284,commuter,1,86195.57
11,7827,942,scooter,2,88815.01
14,70615,803,cruiser,2,66837.76
4,76447,393,cruiser,2,80444.76
11,73189,890,commuter,1,72261.96
1,58504,614,sport,2,125575.28
3,34766,837,cruiser,1,130910.91
9,49000,916,cruiser,2,104175.68
14,54240,876,sport,2,80910.81
0,14645,288,cruiser,3,108597.65
9,15272,618,cruiser,3,90922.26
7,77897,676,sport,1,97838.18
4,19412,519,sport,3,115721.65
3,43619,370,sport,1,105895.25
13,59787,626,sport,1,74565.61
9,67700,793,cruiser,2,87609.22
10,77708,460,sport,1,72014.59
11,56767,185,commuter,3,29841.36
12,44598,370,scooter,3,34769.68
2,3731,149,commuter,3,89292.19
14,50600,125,scooter,1,15230.27
3,52390,360,commuter,2,80154.64
6,72273,184,commuter,1,53702.85
8,37176,477,commuter,2,61366.22
6,62215,809,scooter,1,89845.99
4,33066,886,commuter,1,113001.4
2,1150,214,scooter,1,90260.58
0,15554,781,commuter,3,124158.06
14,43257,338,commuter,1,31459.18
11,28756,232,commuter,1,44864.28
5,40681,951,cruiser,3,123652.05
9,38221,494,scooter,3,58693.45
1,79697,889,sport,3,130785.66
9,56853,932,commuter,1,88877.21
2,1757,789,commuter,1,125611.55
5,24824,598,sport,2,113950.88
12,63308,322,scooter,1,31711.13
2,64096,926,sport,3,138807.56
0,8513,876,commuter,1,134898.37
3,17609,576,scooter,1,100292.94
6,19941,405,scooter,2,71117.62
14,77963,571,cruiser,2,44656.05
1,685,962,commuter,3,135374.06
8,3654,529,scooter,1,74914.94
5,35943,649,commuter,1,93939.55
9,34481,154,scooter,1,42323.96
0,29543,940,cruiser,1,149811.88
5,39778,468,commuter,1,75194.74
6,74759,100,scooter,2,35510.13
14,71295,317,cruiser,2,37810.71
8,37643,616,cruiser,2,84027.17
0,54402,478,cruiser,1,120005.86
6,41588,487,cruiser,2,86439.87
12,76060,786,commuter,3,53317.33
5,50594,515,scooter,2,76075.48
4,34359,277,scooter,3,67546.73
7,79025,242,cruiser,1,60219.75
6,24685,688,commuter,2,95426.49
12,70010,425,scooter,2,31507.57
10,79333,782,cruiser,3,77403.09
6,51762,738,cruiser,3,100772.23
2,28223,763,sport,3,139359.11
0,26655,137,sport,2,109699.83
10,50639,745,commuter,2,72862.07
5,11876,903,commuter,2,115520.5
8,59508,373,scooter,2,48017.58
10,25911,220,commuter,1,45385.52
8,12641,223,commuter,3,56521.63
14,71327,393,scooter,1,21268.29
8,22824,160,cruiser,3,66822.29
13,34053,736,cruiser,2,78839.28
4,26903,554,commuter,3,90281.89
0,44927,440,scooter,2,93514.56
14,75391,388,cruiser,1,38561.18
14,16199,476,sport,2,74242.48
5,22680,234,sport,1,95573.25
5,46912,988,cruiser,3,120250.88
6,77292,825,commuter,3,76706.11
11,61000,846,scooter,2,68385.25
1,50511,857,sport,3,142119.92
4,25297,759,commuter,1,109005.94
7,58247,633,commuter,3,75123.63
1,62629,654,commuter,2,104415.77
1,35656,863,commuter,1,129721.4
9,67349,509,commuter,1,58337.27
6,43947,150,commuter,1,62478.19
10,29663,549,sport,3,90614.38
3,34213,219,commuter,2,73346.82
7,40266,950,sport,3,122221.62
7,57654,605,commuter,1,76261.6
3,20060,491,commuter,3,93641.57
8,64696,468,cruiser,3,68619.54
9,21339,887,sport,1,124369.47
0,68230,399,commuter,1,89215.97
11,29558,159,cruiser,3,46298.0
10,58850,130,commuter,2,30565.86
8,13959,581,sport,1,103442.84
6,38512,806,commuter,2,91442.89
7,14059,936,cruiser,1,126345.17
13,15982,337,commuter,2,37942.19
13,74439,655,sport,2,70932.5
7,77126,641,cruiser,2,84187.24
10,59274,767,commuter,1,67338.13
2,54701,580,cruiser,2,111914.37
7,58993,974,commuter,3,94866.72
4,19242,509,commuter,2,93629.0
9,13395,914,sport,1,122851.69
3,67164,495,commuter,3,74479.96
10,17794,851,cruiser,1,105322.72
13,54414,334,commuter,3,30847.3
14,2374,478,scooter,1,44069.03
6,67311,185,commuter,3,48214.27
1,54908,924,commuter,1,120668.43
11,48144,307,scooter,1,43720.57
2,69676,849,sport,3,131583.55
3,2953,773,cruiser,1,132862.87
2,23893,489,cruiser,1,113759.29
1,76047,532,commuter,2,96200.23
1,1229,608,sport,1,149506.67
0,19752,823,scooter,1,122949.55
7,16787,162,sport,2,85495.04
4,51141,848,scooter,2,96666.94
12,16017,693,cruiser,1,86882.48
13,71713,509,cruiser,3,43124.24
3,60758,692,sport,1,125417.8
6,6535,585,sport,2,115538.47
9,9653,908,sport,2,123689.23
8,6387,441,cruiser,3,92119.19
14,37250,675,scooter,1,46564.57
7,30129,527,cruiser,1,95323.28
7,33948,869,commuter,1,98606.49
10,43475,253,sport,1,75636.59
13,37765,340,scooter,3,29974.03
13,53844,563,scooter,1,43687.19
13,38137,375,sport,2,66218.59
13,74316,914,commuter,1,64321.56
10,20333,763,commuter,1,80477.51
0,551,180,cruiser,2,110224.81
11,44712,481,cruiser,2,66694.36
1,40715,517,commuter,2,98026.59
0,78703,166,scooter,3,69666.95
3,65027,405,commuter,3,72778.07
11,13723,584,commuter,1,68234.31
9,4310,685,cruiser,3,104194.03
4,25813,741,sport,2,129300.19
14,11863,428,commuter,2,47812.21
14,75197,458,scooter,1,29324.98
11,12203,187,cruiser,2,56841.32
9,10692,278,sport,1,80991.99
0,11411,152,cruiser,3,104864.55
9,30854,265,cruiser,3,69069.74
6,11166,934,sport,1,142204.48
14,32839,522,cruiser,3,55246.11
4,58607,799,cruiser,2,113602.45
5,28455,602,sport,3,119749.35
7,17545,731,cruiser,3,110581.15
3,61748,284,scooter,3,64349.16
6,33472,245,sport,3,91360.07
7,30775,517,sport,2,99649.82
3,44142,417,commuter,2,84438.2
9,25836,635,cruiser,3,91449.84
8,29953,169,scooter,2,47325.84
0,59707,507,commuter,2,96523.12
2,61665,145,commuter,1,73956.01
2,53980,461,cruiser,3,104789.25
1,74138,240,commuter,2,76825.31
2,6455,998,scooter,1,133814.25
5,17011,343,sport,2,106910.97
11,42034,490,scooter,2,47647.22
4,72312,770,commuter,2,93360.94
0,19798,376,cruiser,2,120460.1
11,39288,392,commuter,2,46039.5
5,19517,589,cruiser,1,114971.51
3,75929,649,commuter,1,90777.6
8,7982,452,scooter,3,62633.19
6,796,658,commuter,2,97861.26
3,52733,572,scooter,3,81860.82
10,79606,272,commuter,2,32964.71
3,4524,464,commuter,1,105067.27
6,42399,335,cruiser,1,76600.95
13,50525,980,commuter,1,69769.58
6,49093,851,sport,3,112619.57
14,60497,276,scooter,1,17778.09
0,42284,362,sport,3,114350.64
14,26599,209,commuter,2,23471.65
8,73962,797,cruiser,1,93096.85
13,53336,815,cruiser,3,69441.73
8,64265,866,commuter,2,85169.75
4,53296,939,scooter,3,100854.07
0,60172,930,sport,2,151846.95
1,32072,624,scooter,1,109639.06
0,55079,686,cruiser,1,127605.57
3,59153,218,sport,1,93237.23
2,59236,160,cruiser,3,86494.83
4,56070,790,scooter,3,94684.7
1,17076,286,sport,3,122223.51
7,7419,766,cruiser,2,110209.6
10,19769,710,sport,3,105346.5
9,68134,636,cruiser,3,76955.53
1,37827,551,cruiser,2,116347.05
13,38593,574,scooter,3,38565.19
13,75197,796,commuter,2,50763.56
12,34546,159,cruiser,2,45577.4
14,15133,398,cruiser,1,63605.65
9,14312,691,cruiser,3,99368.21
11,21288,980,commuter,2,87202.46
2,47026,317,commuter,2,77045.19
5,9098,622,cruiser,2,113178.33
4,25507,200,sport,3,96605.68
7,66705,810,commuter,2,80381.06
8,40898,425,commuter,2,59900.78
10,29040,322,scooter,1,48477.69
10,29440,490,sport,1,87302.26
11,3724,134,commuter,3,39177.81
7,63553,340,sport,2,80981.49
9,67251,903,cruiser,2,98346.35
11,31464,842,scooter,3,73103.46
2,23932,918,scooter,3,117768.33
2,3775,165,cruiser,1,97097.68
0,8821,653,scooter,3,116815.45
6,32100,714,scooter,2,88736.58
5,12718,429,scooter,2,85070.11
5,42030,213,cruiser,2,77032.8
6,1687,531,commuter,1,94534.68
6,34426,857,scooter,2,93777.07
4,40146,947,commuter,3,108226.91
7,41078,419,sport,1,94029.08
3,67354,361,commuter,1,77847.64
2,61914,429,scooter,1,81705.77
12,25245,115,sport,1,57648.35
1,73923,244,cruiser,1,87902.67
5,66091,680,cruiser,2,100025.39
7,15157,534,cruiser,3,90451.59
1,66507,226,commuter,1,76472.8
3,69449,966,scooter,1,109373.49
10,77537,458,sport,1,78697.75
14,79526,880,sport,1,78689.81
2,2447,232,sport,2,114859.22
13,5630,629,commuter,2,62385.56
1,5074,786,commuter,2,129916.24
14,40478,492,cruiser,1,60672.71
6,69521,887,cruiser,2,101351.97
9,46370,176,commuter,2,40633.02
8,22851,472,scooter,2,58063.58
9,4668,863,cruiser,2,107141.21
11,16545,388,cruiser,2,64311.37
0,73699,831,cruiser,1,129977.36
10,62272,260,commuter,3,41102.18
8,65432,358,sport,1,77151.57
3,66837,834,scooter,1,97885.11
11,79069,250,commuter,3,31548.55
14,40133,331,sport,3,56653.42
6,34065,952,sport,1,134053.78
4,68761,439,scooter,3,65652.79
3,42526,949,commuter,3,117978.2
5,38574,814,commuter,2,100534.59
2,58385,255,sport,3,91971.19
2,52140,332,commuter,1,80575.8
10,50226,864,sport,3,97840.07
11,71713,571,sport,1,74623.81
1,33025,181,commuter,2,83810.54
9,46811,713,cruiser,3,84866.39
10,6259,466,cruiser,1,85232.76
7,74944,878,sport,3,103222.26
10,47628,431,sport,3,81971.0
11,62774,913,commuter,3,65548.84
7,24844,194,commuter,1,61255.8
0,35687,483,cruiser,2,115459.6
11,16711,820,commuter,2,80679.12
3,29763,933,commuter,2,119000.66
11,39012,864,scooter,1,71906.32
11,11163,180,cruiser,2,51933.76
13,52515,186,sport,1,43654.39
11,34846,217,commuter,1,42829.25
6,56799,768,commuter,2,87268.15
11,49597,932,commuter,3,73527.17
0,69160,643,sport,3,121678.69
7,38691,877,scooter,3,91892.09
7,16499,315,commuter,3,64908.21
13,32206,276,sport,2,60904.53
2,37020,466,commuter,2,91378.91
12,32720,634,cruiser,2,78274.88
9,14956,247,commuter,1,57870.63
13,41765,655,cruiser,1,72032.17
0,56783,481,sport,1,123490.65
6,51119,512,commuter,3,67199.68
14,30256,690,cruiser,3,64652.13
6,30413,358,commuter,1,75782.91
14,47356,908,scooter,2,54594.27
1,12234,609,commuter,2,108351.66
9,16867,188,scooter,2,46055.67
2,39283,757,sport,2,137710.01
11,50104,376,sport,1,69001.95
6,37481,672,cruiser,2,101314.73
8,67660,199,commuter,1,39702.04
5,76943,527,cruiser,3,87196.9
4,66259,202,scooter,3,59685.63
8,35654,644,cruiser,2,95009.7
4,4770,403,commuter,1,84562.6
12,77021,668,commuter,2,48292.32
8,18742,606,cruiser,1,98722.99
10,9815,979,scooter,2,93220.97
2,43324,286,sport,1,108138.36
9,47412,176,commuter,3,41745.75
3,51406,856,sport,2,133077.05
0,33475,160,commuter,2,75039.39
4,42564,302,scooter,3,68189.29
11,9265,980,sport,1,124027.25
12,50515,360,cruiser,3,52392.76
13,7847,547,commuter,1,63803.82
8,26156,501,sport,1,104065.35
11,41803,532,cruiser,3,68154.78
0,43223,703,cruiser,1,137257.7
7,52723,651,scooter,2,74163.0
12,46642,237,sport,1,59448.08
12,75209,869,scooter,3,53358.04
9,53426,224,cruiser,2,58572.97
0,42477,703,sport,1,137585.6
7,35957,238,scooter,3,49737.61
13,55255,269,commuter,3,24873.03
6,54883,514,sport,2,100536.98
3,44913,658,commuter,3,93425.26
9,66434,641,cruiser,3,76283.94
7,50276,396,sport,2,90456.03
7,78404,299,commuter,1,55167.46
4,13817,970,commuter,1,125872.18
9,33891,645,sport,2,96904.86
14,19714,610,cruiser,1,71728.49
5,44011,353,cruiser,3,81010.86
8,69374,797,scooter,1,70978.76
0,9969,513,commuter,3,114457.09
8,5982,373,cruiser,3,84481.03
11,72930,987,commuter,3,71558.64
13,43857,189,cruiser,3,38176.65
11,71432,845,cruiser,3,83440.72
8,28824,254,sport,2,78458.27
2,34464,479,cruiser,1,117262.84
2,52852,569,commuter,2,96083.1
9,72109,396,commuter,2,47946.81
11,33006,513,sport,1,87625.27
3,46565,445,cruiser,2,95577.54
11,72191,544,sport,3,72517.67
12,56137,225,commuter,3,24682.11
4,10986,123,cruiser,2,86993.17
4,51004,715,commuter,2,97014.85
4,42731,915,sport,1,133058.32
14,12686,627,scooter,3,51557.47
3,50686,723,scooter,3,94723.24
13,78142,120,cruiser,1,27544.28
11,56095,318,sport,2,64961.96
7,23009,638,commuter,2,87864.45
5,14850,226,sport,1,97579.51
4,14231,858,scooter,3,112119.86
4,63475,729,cruiser,2,105861.87
1,6718,357,scooter,3,92055.94
8,75555,912,cruiser,3,90652.54
6,33456,809,scooter,3,89853.32
6,20092,859,commuter,1,106978.68
11,71392,798,commuter,3,59862.07
6,38037,417,scooter,2,66142.43
7,68790,782,commuter,2,79360.84
3,28965,263,commuter,1,83458.82
6,16549,290,sport,2,100314.07
6,67444,743,sport,3,107378.89
7,74624,855,sport,2,107631.41
2,37442,477,scooter,2,91477.01
10,2609,721,scooter,2,79184.76
5,57638,652,cruiser,3,92886.43
11,72094,282,sport,2,61546.04
12,51233,339,sport,3,57636.24
11,6315,258,scooter,1,46410.41
1,71893,282,commuter,2,80060.37
9,61557,612,cruiser,1,82593.51
2,28452,112,commuter,3,72685.99
11,54905,654,commuter,2,58238.74
12,73132,339,commuter,3,27186.21
14,36719,401,sport,1,64479.34
13,5816,135,commuter,3,31182.73
3,65847,509,commuter,3,77397.97
8,17342,583,cruiser,1,98263.73
7,74331,782,cruiser,2,92982.98
3,39147,271,cruiser,3,93074.39
1,61988,690,commuter,2,102987.74
4,7473,802,sport,1,139455.08
5,24185,257,scooter,3,66966.43
12,78620,821,commuter,2,53837.28
0,20628,862,scooter,3,123183.77
5,23036,125,sport,1,94430.37
3,43803,466,commuter,2,90131.71
13,63540,189,sport,1,47661.14
6,55771,263,cruiser,2,79618.86
8,49302,526,sport,2,88244.11
3,61148,214,commuter,3,67520.91
11,37896,443,scooter,3,48845.02
9,59406,676,commuter,3,69306.05
8,52349,213,commuter,2,45992.96
11,57525,962,commuter,2,76275.81
7,66497,527,commuter,1,63810.44
9,624,720,sport,3,111372.05
2,17361,168,scooter,3,80038.84
1,48367,226,cruiser,2,94505.77
7,22304,931,scooter,3,95970.75
1,71550,942,commuter,1,121594.8
13,7136,592,sport,2,83439.2
10,57002,781,sport,3,92670.84
10,24546,707,commuter,2,75358.98
14,21262,966,scooter,2,69758.58
2,62194,375,commuter,1,81327.97
10,23244,896,commuter,1,87957.02
1,15940,543,cruiser,1,128337.36
4,34936,436,scooter,1,80861.97
0,44938,540,scooter,1,100653.92
1,16910,659,sport,3,138603.88
9,22883,787,scooter,2,85395.76
7,8949,917,commuter,1,108397.99
13,38979,399,cruiser,3,52907.08
9,3882,980,commuter,2,97865.68
14,58358,725,cruiser,2,63281.75
4,28184,505,scooter,2,81462.47
14,21076,597,commuter,3,51096.37
2,22934,487,cruiser,1,115076.96
1,40085,279,commuter,3,88000.56
7,55886,496,commuter,3,64277.13
3,18595,670,commuter,1,109323.27
6,61146,816,commuter,3,92252.64
0,46277,788,cruiser,1,136749.65
1,20300,230,scooter,1,85753.56
3,35268,286,commuter,1,87968.95
13,35249,379,sport,3,62689.75
6,36173,760,cruiser,3,108863.31
4,52327,574,sport,1,112395.5
4,10905,788,sport,1,140686.3
1,42267,130,commuter,3,74418.64
13,47790,523,cruiser,1,64192.54
14,30488,230,scooter,2,20910.99
12,75811,725,commuter,3,52907.99
12,18720,819,commuter,3,74644.33
6,49328,696,commuter,1,86112.89
5,18170,815,cruiser,2,117714.91
13,43801,544,sport,2,74043.95
11,28961,786,commuter,2,76329.21
5,40819,482,commuter,2,84852.7
10,56956,938,cruiser,3,95565.48
5,76265,475,cruiser,2,86995.96
6,35977,656,scooter,1,83908.36
13,53415,249,scooter,2,19420.55
5,66259,856,scooter,3,85568.73
4,23383,826,scooter,3,102444.45
9,52827,826,sport,1,105777.4
12,8464,809,commuter,1,77603.34
12,73464,599,commuter,3,42361.21
9,44820,243,scooter,1,39437.79
13,25727,364,scooter,3,33634.32
10,1074,784,commuter,2,94205.95
7,42884,273,cruiser,2,74052.62
5,12274,248,commuter,2,73270.81
2,57960,351,commuter,1,83737.93
2,54336,477,commuter,2,89154.8
3,31907,528,commuter,2,99320.75
8,79020,802,sport,3,98054.07
14,5938,160,cruiser,2,43652.67
1,27263,188,scooter,3,86338.4
0,2710,228,scooter,3,88805.54
8,5235,943,sport,2,136901.25
13,19547,344,commuter,2,45603.51
5,28800,671,scooter,3,90538.61
4,53923,390,sport,3,94312.85
11,28688,989,cruiser,3,100680.83
1,27812,772,commuter,3,119769.15
10,58316,987,commuter,2,84463.83
14,77205,326,commuter,2,17908.92
10,33287,711,commuter,1,76494.36
2,30760,518,sport,1,123173.68
7,2952,924,cruiser,1,121643.17
10,47375,356,commuter,1,51399.48
9,56554,103,sport,2,54383.39
4,66254,658,commuter,3,89472.19
13,34327,468,sport,3,72283.79
4,57201,726,scooter,3,86705.5
2,77526,934,commuter,3,106933.77
7,23583,948,scooter,3,96029.99
11,71413,462,commuter,3,37218.22
1,47924,409,cruiser,1,102586.65
9,3312,312,cruiser,1,75382.19
14,49519,503,scooter,2,31331.7
10,76118,414,cruiser,3,55864.18
3,32037,847,scooter,1,118402.26
7,79831,165,cruiser,3,51661.0
4,26201,765,cruiser,1,118396.11
9,70530,505,sport,2,79562.47
13,46091,673,commuter,3,53641.73
0,30401,459,scooter,1,100862.7
10,30082,237,commuter,3,40949.87
6,74277,345,sport,1,90038.16
12,65283,612,commuter,2,46930.49
14,31385,304,cruiser,2,44073.13
7,40661,471,commuter,2,65439.92
2,16121,944,scooter,2,120990.69
6,64420,180,sport,3,77451.07
14,67509,895,sport,3,79112.66
8,35969,940,sport,3,117148.46
14,16237,620,commuter,1,51091.76
6,66054,256,commuter,2,57807.25
7,36777,303,cruiser,1,78228.25
3,10342,805,sport,2,137451.77
8,57261,543,scooter,1,67079.26
10,55718,166,commuter,2,29496.02
2,38965,649,sport,2,131298.13
6,57959,955,commuter,3,93723.1
1,65501,516,sport,3,117436.96
7,27345,274,sport,3,86601.45
12,30878,943,cruiser,3,85723.97
9,12838,406,scooter,2,61048.08
2,1852,207,commuter,1,89933.41
2,9966,387,sport,1,125052.57
0,33169,523,cruiser,3,119024.94
1,49764,871,cruiser,1,133502.09
6,68167,828,cruiser,3,101826.42
1,9572,154,commuter,1,92481.6
0,18232,394,cruiser,2,117179.75
12,73500,705,sport,3,71966.21
5,66057,800,commuter,3,88916.64
3,52191,561,commuter,3,88640.53
13,5047,294,cruiser,1,61540.12
2,36693,713,commuter,1,115999.91
4,70858,391,sport,3,90557.39
14,33543,307,cruiser,2,48590.35
0,52913,858,sport,2,150391.94
2,37276,177,sport,1,102938.01
4,46762,843,cruiser,1,118646.97
9,78687,153,sport,1,57082.34
13,32579,156,scooter,3,19659.53
13,8649,659,sport,2,92900.97
4,2393,395,sport,3,118876.65
10,7232,926,commuter,3,90668.86
9,70758,198,commuter,1,37871.2
8,26691,240,commuter,2,54544.95
12,48840,997,commuter,2,73725.83
3,39170,576,sport,3,119024.55
9,4761,572,commuter,1,84452.16
10,67043,848,scooter,2,69151.92
6,685,171,scooter,1,66819.27
13,73917,752,cruiser,3,59282.53
14,29522,811,commuter,1,65746.22
5,61872,490,commuter,2,79429.83
14,78681,438,cruiser,3,41057.48
1,25743,728,cruiser,3,126314.9
11,2244,668,commuter,2,74196.47
2,44173,523,cruiser,2,104938.67
3,66720,522,cruiser,2,96673.45
9,71555,591,cruiser,1,76295.51
2,33755,130,commuter,3,70630.22
5,19279,566,cruiser,2,112802.25
4,56105,420,commuter,3,76644.46
0,65543,961,scooter,1,118006.61
12,69264,878,cruiser,2,74149.74
9,6745,929,scooter,1,99023.31
14,35520,110,scooter,1,14210.79
13,18865,255,sport,1,67029.61
4,25974,172,sport,3,93750.87
3,35295,805,cruiser,1,132341.39
0,8526,653,scooter,1,119870.62
7,35559,850,commuter,3,95433.42
2,12924,942,cruiser,3,142853.92
9,25044,211,cruiser,1,71443.26
6,38363,639,scooter,1,81026.86
2,7439,557,scooter,3,99327.5
1,61550,551,cruiser,3,110573.24
11,74652,450,sport,1,71883.0
12,51167,620,sport,1,78455.07
2,35563,453,sport,1,123513.23
6,71918,285,commuter,2,54886.4
5,20124,481,commuter,2,81184.71
14,26686,129,cruiser,2,31859.01
5,36807,130,scooter,1,56679.61
14,75192,837,sport,2,72972.68
9,11189,917,commuter,3,96750.27
8,48817,463,sport,1,88917.23
14,33836,397,scooter,2,35248.79
1,65085,463,cruiser,1,105639.26
1,31639,960,cruiser,1,148764.83
12,27199,131,commuter,1,32466.16
10,62720,194,cruiser,1,53167.67
7,25555,799,commuter,1,97904.5
13,4656,842,cruiser,3,86290.64
11,61714,923,scooter,1,71896.95
3,1632,436,sport,1,120936.12
4,79734,901,sport,2,125840.09
7,73623,637,commuter,2,64128.74
8,56719,310,cruiser,2,64333.64
4,31126,110,cruiser,3,72032.98
14,52974,124,scooter,3,5061.75
4,28874,971,cruiser,1,136121.34
12,70830,414,scooter,1,31493.35
12,6161,782,commuter,2,74593.09
6,24383,856,cruiser,1,121310.37
8,14013,443,cruiser,2,88730.89
3,27769,977,cruiser,1,140485.79
3,61910,139,commuter,3,60538.17
4,72700,632,sport,1,105490.19
7,57304,376,sport,2,84398.15
9,61196,814,scooter,2,70263.02
5,13397,550,commuter,1,97763.37
0,36760,156,sport,3,102605.28
10,56394,767,scooter,2,66022.47
0,13831,400,commuter,1,111509.08
3,10678,446,scooter,1,96864.76
10,27543,818,cruiser,1,100928.49
10,34684,139,sport,3,56755.3
13,26873,399,commuter,1,41998.63
2,28354,216,commuter,1,87444.1
1,6611,102,cruiser,3,100222.27
13,5038,837,scooter,3,69930.51
9,69026,575,sport,2,80222.47
9,71697,522,cruiser,3,68827.81
0,26283,560,sport,1,135574.74
4,37550,997,sport,2,144187.51
4,18760,493,scooter,1,85653.92
3,2077,165,cruiser,3,92839.95
0,987,195,sport,1,122506.32
3,43573,107,commuter,3,60826.11
9,35772,160,cruiser,2,57174.19
13,11298,430,cruiser,3,62572.76
11,8011,886,commuter,3,82407.83
7,26879,347,cruiser,3,79851.99
1,34772,879,cruiser,1,149414.38
14,49932,835,scooter,1,56876.04
10,54518,962,sport,2,107184.61
3,44112,243,commuter,3,70596.09
4,43826,828,cruiser,1,120532.42
4,31556,372,commuter,2,78893.05
6,6114,912,commuter,3,112033.63
6,61614,174,commuter,1,47785.4
10,66698,193,scooter,3,19834.83
12,51250,515,commuter,3,47717.1
9,25801,718,commuter,3,77998.45
1,5006,644,commuter,3,113516.41
2,62001,476,cruiser,2,102050.57
0,23515,676,sport,1,151146.87
10,51524,965,commuter,3,82136.1
8,42262,988,commuter,2,100239.17
11,36168,155,sport,3,61058.99
3,38884,776,commuter,1,109373.97
6,7549,499,sport,3,106104.24
10,75659,617,sport,1,81302.83
3,16482,784,sport,2,142624.99
0,21539,586,commuter,1,116480.05
10,65225,114,sport,2,52963.12
3,33407,822,commuter,2,116809.16
2,62263,251,sport,1,95471.67
2,70908,203,commuter,1,67215.4
3,30727,230,cruiser,2,93644.44
12,74408,518,cruiser,1,53165.96
6,51451,598,sport,1,108179.13
7,72741,532,scooter,3,55063.09
7,4855,336,commuter,1,73851.8
3,8042,961,commuter,2,121554.48
9,10713,955,cruiser,1,115860.48
7,76497,422,commuter,3,64262.1
10,29907,105,commuter,1,44912.63
0,5008,708,scooter,2,121265.81
14,21608,766,sport,2,84000.02
11,24215,858,scooter,2,74644.61
2,62601,857,commuter,1,110125.58
5,47943,398,cruiser,2,90369.55
14,18742,541,commuter,2,49685.28
3,4594,225,sport,3,107854.7
12,75231,224,cruiser,3,36512.16
9,31983,839,sport,1,113542.58
4,75336,363,scooter,3,60706.16
13,42450,266,sport,2,52007.25
8,19209,687,sport,3,112011.14
11,63476,794,cruiser,3,79401.41
4,32413,429,commuter,1,85833.0
13,41797,436,commuter,3,39121.03
2,22818,715,cruiser,1,126709.36
6,74576,519,sport,2,99842.73
1,60352,867,cruiser,1,133851.6
6,70295,901,sport,2,120314.27
5,53146,987,sport,3,128782.52
2,41973,326,scooter,2,81174.67
8,40240,970,commuter,1,96454.06
12,25924,791,scooter,2,68571.92
6,6381,768,commuter,2,99427.02
9,12446,323,cruiser,3,74865.39
3,22810,802,sport,2,142027.47
10,67619,571,scooter,1,47645.59
10,33435,572,commuter,1,70942.31
13,66458,975,sport,3,87272.89
8,24832,685,sport,2,108051.01
9,5613,538,scooter,1,71121.09
0,2505,291,commuter,1,104128.37
13,62543,738,scooter,1,51238.99
14,68749,374,sport,1,45911.45
0,46175,421,commuter,2,95359.02
7,67089,581,cruiser,2,79744.89
1,55801,818,cruiser,1,130077.41
7,23553,311,cruiser,1,87188.92
3,12841,429,cruiser,1,111512.54
1,2926,445,cruiser,2,121298.19
7,26795,848,commuter,3,96334.91
13,73224,541,sport,1,63588.3
14,39495,760,commuter,3,53801.22
5,65851,308,commuter,1,63231.95
10,58676,889,sport,2,103144.1
6,67674,750,sport,3,111689.35
4,57958,938,scooter,3,97222.62
9,49246,679,cruiser,2,87380.12
10,57237,818,scooter,3,63221.19
1,21527,232,cruiser,3,106353.6
10,5321,759,sport,2,112278.97
8,23418,665,cruiser,3,97264.72
13,78307,920,sport,1,87173.82
0,54968,237,commuter,2,85039.27
4,24088,802,commuter,3,109602.05
3,27609,215,cruiser,3,86830.67
14,66652,861,commuter,1,62200.25
6,33666,987,sport,1,131725.55
3,27349,182,cruiser,1,91191.35
0,2248,159,cruiser,2,113199.56
1,41183,895,sport,2,149890.56
11,78364,694,commuter,3,51230.5
12,65086,856,scooter,3,52102.33
12,58085,189,commuter,3,24041.63
7,44209,969,sport,3,117081.93
5,61395,852,sport,3,122952.61
12,26165,705,cruiser,1,83138.86
14,7025,834,commuter,1,75283.99
6,47267,256,commuter,1,61428.37
2,27360,256,scooter,2,78650.03
8,13052,484,scooter,3,66655.03
1,31562,366,cruiser,2,102587.88
4,20722,369,sport,3,107534.17
0,41305,244,cruiser,3,99304.97
12,25428,742,cruiser,3,77684.56
3,46878,412,cruiser,2,97428.06
13,30191,127,sport,1,53675.9
8,28772,179,scooter,3,54141.17
5,47934,169,sport,1,82641.52
10,22036,253,sport,2,73094.11
13,78377,615,sport,3,63763.93
6,60393,407,commuter,3,56993.56
13,70139,229,commuter,1,26139.34
8,60271,283,commuter,2,50072.04
5,26075,856,commuter,2,108812.23
13,69034,237,commuter,3,19456.58
2,54570,452,sport,2,112091.99
9,35560,127,cruiser,1,55940.09
10,50298,867,sport,3,103661.92
3,57716,106,cruiser,1,85038.01
4,50761,110,sport,2,86431.52
7,31645,222,commuter,3,53360.69
3,71006,554,sport,3,106119.89
3,75800,702,scooter,1,91290.56
0,74501,351,cruiser,3,95701.22
11,20567,193,commuter,1,47063.5
10,69798,421,sport,2,70635.55
12,28513,755,sport,1,98682.9
10,16196,405,sport,1,90962.94
3,24741,348,scooter,3,79236.12
12,20575,183,cruiser,1,50046.41
9,55706,287,commuter,2,46578.38
12,77776,948,commuter,1,67859.46
14,22943,341,sport,3,61534.52
10,61719,895,sport,3,95045.69
8,14761,166,scooter,3,50952.74
14,30435,779,scooter,2,57140.44
5,70660,566,commuter,1,82677.66
5,65306,250,sport,3,83234.48
6,10740,846,scooter,3,101174.74
4,13400,251,sport,1,108450.01
1,30197,734,commuter,1,121932.14
11,69219,167,commuter,2,24878.45
7,62012,439,cruiser,1,77169.49
11,76554,747,scooter,3,52907.73
6,61954,537,commuter,3,69846.03
0,39550,586,scooter,3,96439.76
12,50736,770,sport,1,93783.97
10,44027,925,commuter,1,86068.23
13,57761,160,scooter,1,12569.71
12,16292,143,sport,3,59648.17
14,41369,468,cruiser,1,54099.29
14,17449,960,commuter,1,71260.89
7,45411,440,scooter,2,62259.13
5,50581,783,commuter,3,90287.79
14,17420,645,commuter,3,59705.85
0,79965,869,commuter,3,116575.53
6,5799,563,commuter,2,89681.19
7,28766,158,sport,2,76018.73
1,72037,156,scooter,3,58882.0
4,36554,308,cruiser,3,92709.92
11,49334,793,cruiser,3,83617.25
0,71913,695,commuter,3,102887.95
0,4460,279,sport,2,122366.77
1,47140,619,cruiser,1,126537.18
10,40889,347,cruiser,2,69659.55
5,25091,935,sport,3,133579.1
5,43932,560,cruiser,3,101650.58
3,75782,541,commuter,1,91673.43
12,76077,399,sport,1,55484.27
10,2630,280,commuter,1,61152.01
0,32818,834,scooter,2,122616.45
11,69497,511,cruiser,1,67296.45
12,20269,448,cruiser,2,69916.43
4,19356,287,cruiser,1,94706.88
2,33100,319,cruiser,1,106829.31
9,49718,757,cruiser,3,91485.79
4,57801,941,commuter,3,107379.04
13,43321,979,scooter,3,61777.71
2,12869,256,commuter,2,87152.91
1,63081,104,cruiser,2,80032.54
9,37386,759,commuter,2,81878.7
5,52296,999,scooter,3,102413.6
14,33717,305,sport,2,58629.09
9,35896,291,scooter,2,45712.27
2,69503,874,cruiser,3,114976.16
3,15629,291,scooter,3,79615.47
13,60855,803,cruiser,1,75893.93
8,58001,650,commuter,3,65496.18
13,76771,270,cruiser,2,38151.05
4,8406,859,cruiser,3,125881.75
1,16131,954,cruiser,3,146415.65
11,13353,260,sport,2,69806.06
7,29700,611,sport,1,114423.56
10,6127,286,cruiser,1,75789.36
10,37242,768,cruiser,1,92029.13
9,66605,636,commuter,3,63258.0
12,60415,615,sport,1,76985.69
12,19355,237,sport,3,65675.75
9,62294,812,sport,3,104072.53
6,51917,795,commuter,2,90004.06
0,40218,372,sport,1,117302.86
3,24694,822,scooter,2,113950.82
7,15786,942,cruiser,2,123223.97
11,24214,643,commuter,2,66275.83
1,19190,989,scooter,1,130486.41
0,78583,205,commuter,1,73225.29
10,42346,500,scooter,2,57859.03
13,4966,958,cruiser,1,101741.43
4,40421,787,scooter,1,105056.29
13,6472,481,scooter,3,43731.73
6,26771,820,commuter,3,94999.05
5,5334,664,cruiser,3,117301.21
3,66988,246,commuter,3,65680.1
5,49677,273,sport,2,91051.26
8,5955,221,cruiser,2,77117.36
1,1519,675,sport,2,146349.37
9,58854,304,sport,1,70449.85
7,55099,220,commuter,3,53645.55
5,16571,162,sport,1,93578.04
12,76113,345,cruiser,3,40276.84
11,41234,784,sport,3,94372.53
4,41225,205,cruiser,2,81144.4
13,77913,467,cruiser,2,53927.29
11,45483,129,sport,2,53953.74
0,11075,680,scooter,1,117288.71
5,29953,767,commuter,1,101271.14
11,33535,306,scooter,2,36329.26
10,35839,948,commuter,2,87956.62
10,15980,581,sport,1,95873.68
4,25593,947,cruiser,1,129120.7
8,35978,954,sport,1,127248.84
2,31717,252,sport,2,105662.32
3,20312,167,scooter,2,70630.68
0,57939,293,cruiser,3,97675.49
8,23735,868,scooter,1,86900.92
5,27829,308,sport,3,94581.96
1,72486,378,commuter,3,81812.82
4,6032,121,commuter,3,72141.78
6,13207,520,sport,2,109660.66
3,11873,596,sport,2,125912.74
10,36164,899,sport,1,111412.02
8,37370,288,scooter,1,52011.85
4,62819,456,commuter,2,78576.11
0,18807,810,sport,2,149073.84
11,72998,422,sport,2,62699.89
1,32032,861,cruiser,2,136887.4
13,16738,933,sport,3,103350.96
12,52112,882,cruiser,1,80554.87
11,10959,379,scooter,2,52904.65
0,17773,818,commuter,2,124520.68
5,49843,943,cruiser,1,121051.69
3,7823,447,scooter,2,92253.48
10,46723,802,scooter,2,78272.32
11,11577,428,scooter,2,55246.73
7,17352,819,cruiser,2,114320.03
6,8625,730,commuter,2,94834.47
10,22049,230,sport,3,72770.71
4,55525,174,cruiser,3,74207.99
9,79832,775,scooter,2,58552.12
6,12661,377,cruiser,3,91819.94
12,20632,284,sport,1,67570.0
14,14183,661,sport,3,82374.36
0,1980,966,sport,1,171123.9
1,4969,673,scooter,1,123199.85
4,4228,487,sport,1,120430.24
2,28734,244,scooter,1,79957.98
14,24440,819,commuter,1,60441.05
6,29091,583,cruiser,3,100841.23
4,79510,797,sport,1,110675.93
5,21875,939,cruiser,3,120865.79
6,73440,960,commuter,3,92006.81
4,24551,964,cruiser,2,132717.58
7,57404,532,cruiser,2,86045.2
1,1226,923,sport,3,156617.2
4,23435,648,cruiser,2,114953.81
2,62271,451,cruiser,1,100815.13
10,65403,651,scooter,3,50161.68
13,60222,617,scooter,3,34703.31
2,47202,422,cruiser,3,105169.64
10,10333,405,sport,2,83611.45
0,75799,103,cruiser,2,77623.97
9,61033,353,scooter,3,39867.69
5,51570,638,scooter,3,79866.39
10,2430,220,cruiser,1,66809.59
10,76968,437,cruiser,1,60142.08
9,44316,513,commuter,1,68842.2
2,47329,544,sport,1,122463.92
11,21838,253,commuter,1,54275.13
13,25627,764,commuter,1,68190.9
6,22120,201,commuter,3,63933.09
5,64502,944,commuter,3,100265.7
14,15284,619,cruiser,2,73560.25
14,61477,777,cruiser,2,68809.15
6,21959,403,commuter,3,72185.1
13,69642,397,scooter,1,27683.22
9,54958,603,cruiser,2,75332.69
7,32252,307,cruiser,3,71892.36
6,20285,970,scooter,1,105642.33
4,10435,357,scooter,1,81171.43
3,39100,731,commuter,2,105099.72
2,27532,394,commuter,1,95461.89
1,32325,743,commuter,1,121489.38
4,65986,310,scooter,1,62541.62
13,49778,816,commuter,3,59964.31
1,38693,832,sport,3,146814.99
5,13921,580,sport,2,118471.63
11,45253,801,sport,1,97031.22
6,51781,278,cruiser,3,78089.2
14,75341,319,cruiser,1,34913.64
4,79537,905,cruiser,2,115507.97
8,47234,134,scooter,3,41663.13
3,62196,170,sport,1,89884.9
12,78399,711,sport,2,74674.85
11,6891,794,scooter,3,76898.19
1,36495,928,scooter,1,126039.74
12,61225,553,cruiser,2,64075.5
1,70345,674,cruiser,1,116130.81
0,61267,872,cruiser,2,135313.23
10,34627,190,sport,2,67273.95
7,3407,315,cruiser,1,89982.3
0,47250,816,sport,1,140283.14
4,64027,734,sport,2,121351.16
14,11652,318,cruiser,1,54990.49
1,34423,764,commuter,1,121252.52
8,16292,167,commuter,3,53404.53
4,44385,720,sport,2,126707.14
7,16239,259,scooter,2,61419.79
5,6318,599,commuter,3,94924.55
1,49255,247,sport,1,106194.17
12,55560,491,commuter,1,44810.61
0,21504,665,sport,2,149046.46
7,60705,313,cruiser,3,70096.36
9,6790,655,sport,1,116272.31
11,75793,225,sport,2,52928.8
7,47740,697,scooter,3,80057.89
10,49498,333,commuter,2,42993.68
9,18729,347,cruiser,1,77735.9
14,71754,226,commuter,3,11506.55
14,36173,482,sport,1,67539.75
4,30103,697,scooter,3,88761.88
3,68060,687,sport,2,121522.85
2,23224,884,scooter,3,114642.58
9,66468,958,sport,2,112284.54
11,48418,827,commuter,1,73928.66
12,42548,250,cruiser,3,46827.6
7,29107,329,commuter,3,67374.63
10,71797,319,sport,1,65333.66
5,66020,368,cruiser,2,79377.36
14,12533,858,commuter,3,73971.98
6,42171,881,commuter,3,89588.18
2,75244,201,cruiser,2,81836.35
13,50567,975,scooter,3,69753.94
1,78118,640,commuter,1,96006.59
9,3913,253,sport,3,77794.23
4,70922,653,cruiser,1,95818.12
12,56233,501,sport,3,69552.61
5,56338,658,scooter,1,79577.61
14,51844,781,cruiser,1,68680.53
2,19481,412,cruiser,1,119031.91
4,45997,664,scooter,3,86531.71
9,40609,636,cruiser,2,88517.62
1,78187,916,sport,1,136211.91
11,68466,889,cruiser,2,86731.36
11,60670,652,commuter,3,58497.52
7,8357,883,commuter,2,107076.61
5,39636,835,sport,3,125908.99
0,9377,538,commuter,3,114733.64
3,10409,472,sport,1,123155.11
9,29849,741,scooter,1,74697.86
11,22173,304,commuter,3,44365.95
1,66405,116,commuter,2,69749.47
1,4060,124,commuter,3,85140.87
1,8407,239,cruiser,3,110679.55
11,43139,483,commuter,2,51631.77
7,51402,325,scooter,2,47444.64
12,49588,874,scooter,2,67983.76
9,55092,260,scooter,1,45676.88
13,44883,430,sport,1,72990.89
1,32315,651,commuter,2,111464.12
12,36261,623,scooter,1,56577.03
10,46282,325,commuter,3,38879.43
12,69175,848,commuter,1,63075.7
11,42054,993,cruiser,1,102838.35
8,79287,804,commuter,1,73350.76
1,30294,889,sport,2,146697.87
10,54646,623,sport,1,85499.99
10,52551,914,scooter,3,67588.38
2,38861,464,sport,1,120092.25
11,32802,290,scooter,2,37418.35
0,38146,186,sport,1,110832.15
13,43169,472,sport,3,63413.37
3,64804,238,scooter,1,66721.57
12,2450,751,commuter,1,80378.35
14,27486,164,sport,3,47461.03
13,70576,360,sport,3,46935.72
11,26694,502,cruiser,3,70693.84
13,6193,523,commuter,3,54085.56
10,72180,351,sport,1,66952.72
9,16006,319,sport,3,85177.63
9,53826,105,commuter,2,40533.9
4,23079,441,commuter,1,86437.41
10,33051,919,cruiser,1,102321.9
8,1171,857,cruiser,3,110945.93
5,10782,677,scooter,1,95248.0
13,2129,439,cruiser,3,70521.07
14,61798,998,cruiser,2,77197.22
10,13245,928,cruiser,2,110782.82
13,8863,538,cruiser,1,78496.97
11,24079,355,sport,3,69760.24
14,15659,634,cruiser,3,66235.89
6,12427,218,commuter,2,62983.09
5,72150,413,sport,2,95385.78
13,40414,320,cruiser,3,49626.54
2,64714,346,sport,2,102912.2
5,20345,319,commuter,1,77260.43
6,62882,570,sport,1,101494.02
7,79159,959,cruiser,3,103631.41
0,45771,206,cruiser,2,103179.24
9,6562,760,cruiser,2,100155.15
9,6181,834,commuter,2,90918.71
2,19841,165,commuter,3,75486.97
13,59513,898,commuter,3,56668.93
12,38436,141,cruiser,2,43595.76
5,49587,533,scooter,1,78635.91
9,6596,784,sport,2,114285.25
13,69026,327,scooter,2,18051.94
2,32134,939,commuter,2,123224.11
14,19684,827,commuter,2,70685.26
14,69351,625,commuter,2,36625.26
1,6553,440,commuter,1,105142.18
8,2990,747,commuter,1,94031.26
11,10211,142,cruiser,2,50454.57
9,75865,202,commuter,2,35784.36
12,58031,277,sport,1,59320.07
0,53474,497,cruiser,3,113100.74
4,28972,882,sport,2,130495.23
3,20923,239,cruiser,1,96162.19
12,36227,621,scooter,2,54801.97
4,48332,410,commuter,2,71215.16
5,18730,567,scooter,3,81977.73
2,39894,901,sport,3,142863.98
8,20629,353,sport,3,88259.01
11,76261,798,commuter,3,57796.87
6,50217,351,sport,1,94790.24
7,10603,851,scooter,1,103270.02
6,9678,936,commuter,2,111530.22
2,61599,683,cruiser,1,114261.06
13,29354,939,commuter,2,68493.48
5,19199,455,sport,3,109012.35
9,44023,605,cruiser,1,87034.64
10,44186,163,cruiser,1,51450.41
13,59294,532,commuter,3,39635.31
7,9185,537,scooter,2,73298.96
1,14407,896,commuter,3,130025.48
12,35419,273,sport,1,65776.43
14,42801,817,commuter,1,63143.64
5,57717,759,commuter,3,89742.05
5,48388,443,scooter,3,64917.1
11,66485,712,sport,1,84979.71
13,5018,948,commuter,1,83975.49
6,32902,109,cruiser,1,72435.17
12,57505,177,scooter,1,21456.16
1,53464,855,commuter,2,114077.0
8,35355,107,scooter,2,39620.79
11,33681,779,cruiser,2,91351.44
2,68241,325,cruiser,1,96495.95
2,49258,341,commuter,3,78424.74
14,20301,918,commuter,3,70495.19
2,66633,653,scooter,1,92623.17
8,14199,699,commuter,1,90517.58
9,72631,691,scooter,3,60887.95
9,18266,935,sport,3,117677.67
6,79007,314,commuter,2,51428.79
11,57812,826,commuter,1,70737.36
11,24241,308,sport,2,73422.4
0,67211,214,scooter,1,76211.13
6,67669,614,commuter,1,76573.78
3,47104,108,sport,2,92925.95
14,24243,600,scooter,1,47385.34
1,24405,310,commuter,3,87229.9
11,19830,422,sport,1,85334.47
13,22215,881,commuter,3,73709.7
13,11001,893,cruiser,1,91957.01
8,57255,194,sport,1,70938.3
14,36954,114,cruiser,3,31641.92
9,66618,199,sport,1,66209.94
6,39653,129,sport,1,79754.28
11,55187,563,sport,3,76632.78
0,68263,608,cruiser,2,113264.95
5,67880,208,commuter,3,51793.88
11,23663,341,scooter,2,46517.74
4,59266,560,cruiser,2,96648.61
6,44249,669,cruiser,2,96878.54
14,76793,480,sport,3,56205.89
11,66957,444,cruiser,1,57568.1
13,52946,460,sport,2,66893.48
13,11470,531,scooter,1,49795.64
12,50958,129,sport,2,50371.64
3,20245,113,cruiser,3,85189.17
1,31003,964,cruiser,1,145032.67
3,20458,306,cruiser,3,96197.16
7,37263,576,scooter,1,73930.18
11,14276,477,sport,1,90789.49
12,35487,282,sport,3,60503.51
13,19663,243,sport,3,59712.15
6,24236,999,commuter,2,107776.88
10,15846,492,cruiser,2,76635.42
0,62416,898,commuter,3,118711.19
9,75574,347,scooter,3,42587.22
10,51050,165,commuter,1,40798.45
1,35351,342,cruiser,2,107040.14
4,65451,887,commuter,1,104138.33
7,66126,654,commuter,2,70042.71
1,5598,620,scooter,1,111827.14
0,79626,743,sport,2,133820.58
8,43469,827,commuter,2,84423.2
5,45003,219,scooter,2,57312.07
2,9743,120,cruiser,2,96067.63
14,6664,862,cruiser,3,79784.39
14,33839,342,cruiser,3,46681.74
12,51637,581,scooter,1,50557.49
1,57108,118,sport,3,91647.16
2,56921,116,cruiser,1,84071.52
12,14978,783,scooter,3,72415.41
4,53830,933,commuter,3,103691.58
13,12573,415,commuter,2,44998.18
11,46723,370,cruiser,2,62118.46
11,43938,936,cruiser,1,97299.17
9,20664,950,cruiser,3,110043.35
2,6667,237,commuter,3,88153.53
2,10367,414,sport,3,119860.57
9,58399,223,cruiser,2,55798.25
5,35799,426,sport,3,99516.28
2,43812,490,cruiser,3,107506.35
6,17559,502,sport,2,105355.21
8,44138,657,scooter,1,70428.62
9,73889,923,sport,3,108740.07
9,75729,764,scooter,1,62094.34
1,23981,952,commuter,3,128971.41
5,11664,134,sport,1,98504.46
0,61069,865,scooter,2,116993.7
1,3925,281,sport,1,125933.2
4,44082,709,cruiser,1,113685.9
8,2983,614,commuter,3,83466.4
8,10275,336,cruiser,2,81389.95
13,10178,753,scooter,3,60053.14
3,8099,943,scooter,1,124177.38
5,66800,655,scooter,1,80358.31
4,62234,223,scooter,2,49676.59
0,54617,162,sport,1,107782.43
12,9158,282,cruiser,1,63713.83
8,2009,149,sport,2,83700.5
13,38960,304,sport,2,61944.39
2,17324,936,commuter,3,122449.93
8,37863,840,scooter,1,79583.35
4,51351,967,commuter,1,113927.22
0,45338,358,scooter,1,87354.94
9,65190,620,sport,2,85020.79
2,22995,767,scooter,2,115291.76
6,79783,954,sport,1,122681.16
1,45672,437,scooter,2,86498.29
7,42718,547,commuter,2,78445.87
14,76794,835,sport,1,82286.03
4,27196,928,scooter,2,112136.08
13,15269,135,commuter,1,36016.88
3,40276,614,commuter,1,96711.07
5,76780,341,scooter,1,61519.91
12,73523,761,scooter,1,51737.87
1,51583,309,commuter,1,85258.18
14,78169,590,sport,1,58490.09
9,32081,419,commuter,2,59237.25
7,13953,192,commuter,2,62723.08
3,64427,619,commuter,1,99280.64
2,57444,481,sport,1,116020.69
12,73876,727,scooter,2,51058.33
1,39096,765,cruiser,3,125562.96
1,64215,506,commuter,2,93940.8
1,29736,545,commuter,2,108482.36
5,67326,708,cruiser,3,96087.25
4,35026,287,scooter,1,70625.41
5,25763,627,scooter,2,91172.72
1,78980,941,sport,1,138705.69
4,42835,734,sport,1,122597.06
7,24299,888,sport,2,128220.64
1,31967,898,cruiser,2,147215.25
2,18207,313,cruiser,3,108087.23
2,79253,172,sport,1,85367.99
9,18008,909,scooter,2,90366.36
3,10839,573,scooter,1,101721.27
7,41184,789,commuter,2,93738.97
10,34764,539,commuter,2,62861.8
2,13541,609,sport,3,131282.77
0,63958,334,scooter,3,81083.65
7,1865,499,cruiser,2,100975.66
1,65048,168,cruiser,3,80471.75
13,34925,285,cruiser,1,52504.17
5,54855,646,sport,1,112591.08
2,34764,689,sport,2,133712.55
9,54429,851,commuter,1,80235.42
12,25373,435,commuter,1,50261.64
10,7178,864,cruiser,2,105127.41
7,4996,944,sport,2,134051.88
14,25094,549,commuter,2,44150.56
4,51532,481,sport,2,104365.25
11,63942,533,commuter,3,49255.98
13,26052,502,cruiser,1,69912.6
0,44050,146,scooter,3,71040.76
11,15649,728,scooter,3,75809.31
8,51083,147,commuter,3,46637.76
6,65369,527,commuter,1,71532.96
4,57354,658,commuter,3,89509.77
10,69064,976,sport,1,106372.86
11,24137,465,sport,3,83664.28
10,58230,925,scooter,2,74182.3
14,29597,990,scooter,3,63529.72
11,7910,470,cruiser,1,83428.26
7,56428,510,cruiser,2,80764.74
9,14098,344,sport,1,85668.88
13,62710,399,commuter,3,31392.09
3,60347,196,scooter,3,59188.59
3,25650,106,commuter,2,69173.88
0,11290,871,sport,2,163202.16
3,45090,634,cruiser,2,113772.54
7,59791,613,cruiser,1,90430.29
0,1064,841,cruiser,3,148169.53
7,25737,152,commuter,1,54798.22
7,58613,879,cruiser,2,103845.31
13,54422,583,commuter,3,48883.86
8,75272,988,scooter,1,77828.78
14,3379,248,commuter,2,40097.36
0,6685,561,scooter,3,110890.39
8,10829,957,commuter,1,104881.13
5,57671,721,commuter,3,89348.19
9,60376,207,commuter,2,37240.31
4,52000,907,commuter,1,110072.35
1,48913,520,sport,3,120306.89
1,6467,698,cruiser,1,141871.53
5,11022,453,sport,3,110108.5
5,7563,246,commuter,1,84225.63
12,38919,593,scooter,2,52189.8
3,34862,195,sport,2,98488.6
5,26613,460,cruiser,1,100425.36
6,71219,474,commuter,3,62956.22
9,51030,940,cruiser,2,102676.55
6,43366,287,cruiser,2,82754.63
12,1548,882,sport,2,110664.6
13,25775,227,cruiser,2,47002.71
12,47607,874,scooter,1,70172.59
9,77823,948,sport,1,110084.92
11,68170,669,cruiser,1,73130.22
10,78035,592,sport,2,81355.15
12,59281,164,cruiser,1,40464.6
8,68212,772,sport,2,99990.94
0,46357,871,cruiser,1,143909.07
6,32733,680,commuter,1,93723.86
0,11674,373,cruiser,3,115969.64
12,77334,230,scooter,1,15935.47
10,9516,344,commuter,2,55667.28
11,16210,553,sport,1,88675.78
7,34371,307,commuter,2,59442.48
12,70837,220,cruiser,2,36854.27
13,60595,975,commuter,1,74132.78
14,13631,192,scooter,3,26158.83
8,10576,682,scooter,3,85082.16
5,24639,905,sport,3,134299.28
3,73680,714,scooter,2,88876.94
13,70765,847,commuter,1,63289.39
5,39647,813,sport,2,126605.37
2,62278,235,commuter,1,75317.22
8,48488,747,commuter,3,85817.9
9,30940,606,commuter,3,65128.28
10,48367,897,commuter,1,83466.9
14,51852,114,commuter,1,21135.77
1,8210,743,cruiser,3,139333.42
3,3324,331,sport,1,121825.8
10,73578,945,commuter,3,74138.2
1,72461,280,commuter,3,69878.9
9,51269,122,cruiser,3,53323.17
6,5881,183,scooter,2,63098.38
9,57683,446,cruiser,3,68468.05
4,63839,613,commuter,3,78703.91
2,71256,729,cruiser,1,114616.81
14,49718,570,cruiser,2,55899.66
7,34330,738,commuter,3,85596.11
7,56110,337,scooter,3,48273.41
5,17640,702,scooter,2,97691.34
12,58273,904,sport,3,95297.22
2,73578,304,commuter,1,75430.74
13,27189,468,cruiser,1,63479.24
8,79053,736,commuter,1,67926.3
12,28602,610,commuter,1,64940.51
11,60516,449,cruiser,1,62453.73
1,10179,364,commuter,2,99065.81
7,39737,446,scooter,2,63423.61
2,39781,689,scooter,2,103551.79
11,51116,271,cruiser,1,55379.23
10,55083,577,cruiser,2,73806.78
12,48549,423,sport,3,63954.0
13,46575,301,cruiser,2,38366.01
0,19086,177,scooter,1,88330.25
7,58756,294,scooter,1,54066.84
9,69998,764,cruiser,2,87077.01
13,33086,269,sport,2,53685.07
2,5563,853,cruiser,3,139164.5
11,10546,458,scooter,1,54381.05
6,78798,445,sport,3,84701.55
0,63764,167,commuter,3,76775.08
13,31477,392,commuter,3,41551.28
9,836,783,commuter,1,97051.98
8,74799,659,commuter,1,77901.4
2,54552,359,sport,2,107417.74
6,27585,861,commuter,1,110210.74
11,66324,748,cruiser,1,73660.36
6,34578,636,scooter,3,81148.92
8,30002,861,commuter,2,90489.06
12,57544,499,sport,2,71221.47
12,70260,850,sport,3,84272.81
9,60442,392,commuter,3,46923.68
7,65342,544,scooter,1,62946.73
8,19670,868,cruiser,2,109060.61
11,26922,730,sport,1,101777.08
4,8993,934,commuter,1,121974.22
3,25720,900,cruiser,3,132666.99
14,64562,886,cruiser,1,76059.7
13,19075,476,cruiser,3,67224.18
4,74687,693,scooter,2,88540.76
10,22876,374,commuter,2,49303.25
13,847,295,scooter,1,42286.84
9,13883,646,commuter,2,76495.5
14,34230,513,commuter,1,44280.01
5,6703,343,scooter,1,82755.8
11,16880,893,commuter,1,87570.22
14,53491,493,sport,3,56952.85
4,59004,496,cruiser,1,98863.87
8,26125,794,scooter,2,80535.48
4,69124,367,commuter,1,71069.59
6,50784,817,commuter,2,93239.35
8,14596,274,commuter,2,63252.59
11,78770,477,commuter,2,44872.67
2,23192,732,cruiser,1,129580.45
10,7911,929,scooter,2,88868.86
3,17887,355,scooter,3,80962.63
12,14266,493,commuter,2,51618.63
4,39810,397,sport,3,102877.69
6,52679,218,cruiser,3,69509.53
12,50689,443,scooter,1,38215.18
2,70876,616,commuter,1,100445.92
14,68207,969,commuter,3,56020.33
3,5989,145,scooter,2,75809.23
11,51166,746,commuter,3,63752.27
2,50331,867,cruiser,3,134288.36
12,23503,833,commuter,3,79192.9
7,16875,883,commuter,2,102743.14
14,49062,604,sport,2,67617.92
13,23870,921,commuter,1,73914.2
10,22926,469,sport,1,90879.96
5,18893,462,sport,3,106630.66
14,51168,134,scooter,1,10576.35
13,79345,357,cruiser,2,41870.38
9,58035,183,scooter,2,31602.28
13,47360,108,commuter,1,19103.36
2,24806,780,commuter,2,113685.58
4,71400,312,commuter,1,72725.78
12,66309,919,cruiser,3,84913.69
4,3128,249,commuter,2,80354.06
8,4655,157,commuter,1,57981.95
4,71664,616,commuter,2,81679.59
2,53286,786,commuter,2,105658.3
12,27634,915,cruiser,2,93974.34
11,36760,986,commuter,1,90862.34
11,3586,470,scooter,2,58327.17
7,63177,878,cruiser,1,104532.41
14,29613,165,cruiser,2,39678.85
12,13852,382,sport,1,77687.08
1,1867,567,sport,3,143193.13
9,35986,171,commuter,1,52572.3
13,37381,523,sport,2,69874.39
2,21279,694,scooter,1,109262.48
3,21019,634,scooter,2,101360.49
14,79387,484,sport,1,58421.71
14,23715,358,commuter,2,37451.8
14,29886,180,sport,2,50203.39
5,17709,382,commuter,2,75890.86
6,39188,124,sport,1,75985.57
9,78975,855,cruiser,1,91659.47
5,38126,491,sport,2,108179.84
1,28765,525,cruiser,2,121245.35
0,37909,415,scooter,3,94642.18
11,71225,341,sport,3,56519.02
14,41012,938,scooter,2,61612.32
13,49802,151,cruiser,3,34353.29
12,32814,268,commuter,3,39296.71
1,72838,651,scooter,2,98571.5
7,44345,956,commuter,1,98404.18
7,25098,613,sport,1,106032.55
6,32718,492,cruiser,1,96775.56
14,728,249,cruiser,1,56142.11
6,23043,753,commuter,2,92098.01
2,18030,965,cruiser,3,145948.37
11,24580,283,sport,3,72586.77
14,36487,683,cruiser,1,76460.09
0,30334,655,commuter,3,108583.76
13,50881,577,commuter,3,46031.28
8,41799,996,cruiser,3,109190.5
1,41364,947,commuter,3,123501.57
7,8471,144,commuter,1,67766.11
1,36041,391,sport,1,117429.68
2,1577,533,commuter,3,101740.74
9,51758,252,scooter,3,32157.42
5,42515,714,sport,2,119252.36
13,53708,892,cruiser,2,78055.58
5,52266,118,sport,1,83457.95
6,60080,410,cruiser,1,82837.17
0,36416,924,sport,3,154370.63
7,59379,111,sport,2,65385.61
14,79121,185,sport,1,28453.92
4,39344,671,commuter,2,98594.98
6,6336,946,cruiser,1,129724.49
6,20458,876,sport,3,130125.74
0,60248,265,scooter,3,72496.77
13,59012,519,sport,1,67806.6
14,52345,305,commuter,2,26024.42
4,30171,262,scooter,1,76203.08
8,50172,727,scooter,2,76267.57
13,54631,600,sport,3,67901.3
10,53100,473,commuter,1,56249.02
12,6003,538,scooter,2,57569.5
4,56714,811,cruiser,2,111801.94
3,18734,271,cruiser,2,99839.86
0,57444,909,cruiser,2,137718.39
1,68219,379,scooter,2,75258.34
13,55677,460,cruiser,3,55027.94
11,52978,730,cruiser,1,82075.46
1,8825,644,cruiser,3,136942.18
14,25960,858,commuter,3,68409.43
12,23434,679,commuter,2,62242.53
1,17903,722,scooter,1,113318.04
10,2110,943,commuter,1,97019.74
13,46546,893,cruiser,2,81612.03
11,41174,488,sport,2,77553.58
4,73481,649,commuter,3,82633.84
9,44069,934,scooter,2,78550.2
8,18921,268,sport,3,82877.3
13,3843,134,scooter,1,36954.01
11,2207,799,scooter,3,74890.87
6,22641,749,scooter,3,86049.61
14,78984,785,commuter,1,49384.78
12,17675,315,scooter,2,42581.85
5,74177,970,cruiser,1,116050.18
9,33940,759,commuter,1,82887.48
6,48175,113,commuter,2,54506.49
5,38100,578,sport,2,116190.64
2,23363,607,commuter,2,106115.64
1,19122,753,cruiser,2,136662.91
4,66577,326,scooter,3,65646.71
12,70167,721,commuter,1,53132.91
11,35186,741,commuter,3,69662.78
3,73327,867,sport,1,126019.72
0,54806,392,cruiser,1,108296.67
14,23033,349,commuter,2,34514.23
7,21650,626,commuter,2,84719.57
2,14384,943,scooter,3,120376.25
8,9603,664,scooter,1,87102.94
2,16927,963,cruiser,3,147177.72
7,73584,869,cruiser,1,103360.24
5,8504,427,sport,2,111851.36
0,4269,381,sport,3,130617.89
5,61949,653,commuter,2,87878.59
8,63156,640,scooter,2,61209.62
7,73687,970,sport,3,110160.64
7,34319,905,commuter,3,91658.97
14,72711,344,scooter,1,28168.15
9,36311,402,sport,3,81254.94
7,25252,413,commuter,1,72720.18
0,66995,973,sport,2,151192.88
12,21494,185,commuter,3,37375.2
7,77296,637,commuter,1,66492.56
10,22711,215,sport,3,70504.52
2,43595,969,cruiser,2,135503.49
4,67691,422,cruiser,3,86403.08
13,27307,535,cruiser,3,60596.78
8,65454,734,scooter,2,69387.9
10,41688,298,commuter,2,42504.44
5,72991,729,cruiser,2,98665.13
13,67645,258,commuter,3,22160.89
0,78389,811,commuter,1,113070.72
11,29651,516,scooter,2,49980.44
13,56195,978,cruiser,1,88385.38
12,24530,587,sport,3,77509.14
6,2280,688,sport,2,126364.6
7,61581,391,commuter,2,63134.3
2,12386,306,cruiser,3,100756.36
3,41534,974,cruiser,2,129224.89
2,48872,367,cruiser,2,98398.76
7,58043,274,scooter,1,54006.87
12,69982,291,scooter,2,17874.27
3,64562,620,commuter,3,89126.23
0,53535,333,sport,3,113827.0
14,71200,693,scooter,2,35762.39
9,74757,434,commuter,1,54042.46
3,34298,443,commuter,2,89213.3
6,69944,521,scooter,3,62232.12
10,12159,970,cruiser,3,106977.91
5,36778,604,commuter,2,84028.35
10,50421,245,commuter,1,39896.89
8,6408,884,sport,2,121283.28
14,36256,792,sport,3,83062.85
5,31001,856,sport,1,131639.68
1,27644,262,cruiser,3,106105.34
11,74349,599,cruiser,1,62651.33
2,25387,409,cruiser,3,102089.04
8,24438,192,sport,2,81274.39
8,3385,581,sport,1,115002.98
10,77782,686,commuter,1,59383.7
4,40505,359,sport,1,109238.01
6,22129,291,cruiser,2,86014.87
9,39447,370,commuter,3,54169.41
12,12824,578,scooter,3,56820.21
8,62556,137,cruiser,2,54663.23
13,28974,757,commuter,3,57764.35
11,18615,565,sport,1,86883.62
9,68409,577,commuter,1,57570.01
13,4330,757,scooter,3,59705.76
13,5843,594,scooter,2,56531.22
11,16105,480,commuter,3,59233.66
14,60274,701,commuter,2,47380.05
11,42229,630,sport,2,85848.98
6,70480,174,sport,3,72069.24
7,11268,626,cruiser,1,99006.75
10,71697,651,cruiser,2,75718.99
0,7228,651,commuter,2,122105.13
11,54834,281,commuter,3,37276.45
8,4009,551,cruiser,1,98560.07
4,75668,881,scooter,1,93637.07
12,6973,656,scooter,2,62878.38
3,12136,865,commuter,1,125489.63
10,29822,599,commuter,1,71178.93
8,28979,833,cruiser,2,109372.85
13,13264,171,sport,2,62910.92
14,78586,394,cruiser,1,35280.58
7,39500,252,cruiser,2,74236.88
6,45324,927,scooter,3,91860.35
13,26003,622,cruiser,2,74347.72
5,52847,825,scooter,2,95549.79
7,63874,753,commuter,3,80852.23
6,54679,514,commuter,3,72409.59
12,45922,188,commuter,2,30680.36
4,39942,736,sport,2,122035.4
11,27062,734,sport,1,96928.81
0,68871,436,sport,2,116959.86
4,58190,231,scooter,1,63234.31
13,73218,790,cruiser,2,66185.06
12,4182,878,scooter,3,77110.13
4,61568,661,commuter,1,88952.19
12,42352,608,sport,3,82489.53
3,1914,911,sport,1,152904.26
12,39241,161,commuter,1,33914.36
3,59691,361,sport,2,100291.5
11,26029,678,cruiser,3,82463.08
12,16831,474,cruiser,3,65139.97
7,68126,305,commuter,3,51510.81
4,55926,548,sport,3,108406.66
0,18677,226,commuter,1,101992.31
3,60025,163,scooter,1,60558.56
9,12700,663,commuter,1,79220.47
7,50742,428,cruiser,2,82068.57
5,79398,476,commuter,1,69934.3
4,41591,536,scooter,3,82733.67
14,3403,943,sport,3,101682.17
3,12497,501,commuter,3,94766.16
11,24871,927,commuter,3,83615.4
0,30493,103,cruiser,3,101639.05
0,79491,562,cruiser,2,110807.94
2,36697,731,cruiser,3,123662.6
7,22597,163,scooter,1,47375.43
12,27018,547,cruiser,2,68550.3
7,55963,225,commuter,3,47095.17
10,13892,758,sport,2,106342.41
12,54053,788,commuter,3,64865.31
13,68453,526,commuter,3,35100.35
4,3884,597,cruiser,3,119223.08
10,20610,190,scooter,3,43810.67
3,62537,948,sport,2,136892.2
6,79088,621,scooter,1,71938.05
3,59836,524,sport,2,112568.02
4,60960,221,commuter,3,59001.43
4,42040,316,cruiser,1,89319.94
14,37569,623,commuter,2,49356.73
10,20478,219,sport,1,74180.14
7,67248,664,sport,1,100357.49
7,13255,511,scooter,2,82285.97
8,79955,665,sport,1,96372.09
5,52271,857,sport,2,126974.85
2,29245,583,scooter,1,102153.3
2,23785,179,cruiser,1,102040.32
10,27709,960,sport,1,115110.18
2,57102,143,scooter,1,64020.95
0,73823,851,cruiser,3,127409.01
13,38557,123,scooter,2,15201.96
9,15197,585,scooter,1,78356.75
4,7116,482,sport,2,119628.57
14,27753,699,sport,1,80954.02
4,14043,342,scooter,3,76530.4
6,20095,973,cruiser,1,127890.57
13,69303,247,sport,2,46642.8
7,33795,472,sport,3,94511.63
6,27642,493,scooter,3,71895.72
5,63798,944,cruiser,1,116408.18
12,79033,451,cruiser,1,53573.0
14,6105,837,commuter,1,71370.6
5,1870,211,cruiser,3,84416.8
13,74044,765,commuter,2,48418.07
14,10002,823,commuter,3,69155.71
11,57464,507,commuter,2,50831.55
5,70479,838,commuter,3,94105.45
4,28826,354,sport,2,101119.07
5,64725,396,cruiser,1,87003.26
6,60935,506,sport,1,98767.06
11,30634,624,scooter,2,59767.48
14,77820,569,commuter,3,34301.1
3,56471,891,commuter,3,109851.78
10,52304,293,commuter,3,43232.7
6,7575,975,scooter,3,105851.54
11,15268,579,sport,1,92734.67
0,60367,856,commuter,2,118358.73
12,14558,877,commuter,1,81509.45
8,18295,798,commuter,2,94808.04
14,33975,764,cruiser,1,76850.54
10,15189,796,scooter,1,86614.99
5,43456,966,commuter,3,104674.1
12,25542,979,cruiser,2,97447.77
4,21216,538,commuter,2,94368.38
6,52323,966,sport,3,125644.21
5,23339,826,scooter,3,102807.26
12,68644,842,sport,3,85386.37
7,47907,925,commuter,3,94498.98
0,8588,758,scooter,1,131028.66
7,14489,514,cruiser,3,96969.76
7,25680,835,cruiser,1,113260.97
1,51405,537,commuter,1,103072.59
14,34072,925,scooter,2,62754.42
1,79560,116,scooter,1,61851.87
3,5991,579,sport,1,129818.47
0,36236,523,commuter,2,106442.25
9,37966,334,sport,1,77949.97
2,36864,224,cruiser,3,94690.73
3,46304,883,cruiser,2,120131.63
7,33694,407,scooter,3,59965.98
12,54603,418,cruiser,1,57437.42
12,43360,389,cruiser,3,55596.48
13,79185,769,cruiser,1,66293.04
1,36026,186,sport,1,99515.75
6,18629,494,sport,2,112078.45
11,11058,754,cruiser,3,98215.1
3,55188,847,sport,3,131418.23
10,77312,741,cruiser,1,75321.33
13,65462,454,scooter,3,22466.35
9,10428,967,sport,3,117419.09
2,10958,341,cruiser,1,114166.42
3,12429,253,sport,3,107519.0
4,22906,739,sport,3,130154.41
2,14143,693,cruiser,1,136503.57
14,34695,190,commuter,1,20136.3
2,28987,836,commuter,1,122797.82
5,64950,504,commuter,3,73646.85
14,67695,393,sport,3,49875.62
5,10160,431,cruiser,2,101792.12
3,77006,161,cruiser,2,68844.29
12,12103,780,cruiser,2,86909.75
8,9794,734,commuter,3,83008.57
7,32614,289,sport,3,89381.29
3,66924,724,sport,3,119774.06
4,20368,954,sport,1,149606.06
0,50792,237,scooter,1,82668.09
2,56942,269,commuter,1,78853.88
8,46436,383,commuter,2,60498.93
12,20735,683,sport,1,97994.11
0,49625,274,cruiser,1,102884.9
13,56521,773,scooter,3,53575.08
7,75813,759,sport,2,107407.59
2,50139,896,scooter,3,107105.88
14,77710,543,cruiser,3,44816.07
8,66806,834,sport,1,108527.07
10,22803,631,commuter,3,73363.59
2,70827,206,cruiser,2,85351.62
12,518,692,scooter,3,69055.96
9,43149,971,cruiser,2,101036.19
8,49091,245,commuter,2,44739.18
7,46000,672,commuter,3,76120.59
9,5163,737,commuter,3,84861.92
7,8297,599,cruiser,3,99052.46
2,68151,233,cruiser,2,83861.76
5,48830,488,scooter,3,76454.52
14,72291,914,cruiser,3,70436.92
3,67309,448,cruiser,3,94409.42
6,41401,475,commuter,2,78115.69
8,31361,105,sport,1,75764.21
14,14152,445,sport,2,73610.59
12,56224,285,sport,3,57860.96
4,25508,589,sport,3,115855.56
9,21883,121,scooter,3,40930.88
14,52985,350,commuter,3,29632.98
14,623,880,scooter,1,68731.52
3,44754,903,scooter,3,108588.77
1,72489,735,commuter,1,106619.33
8,11298,922,cruiser,2,114090.38
6,73581,623,scooter,3,66653.36
2,63331,989,scooter,3,109463.69
9,28471,504,cruiser,2,79324.26
12,57616,717,commuter,2,60769.79
4,12031,742,sport,1,136903.2
8,1778,170,commuter,1,60954.55
8,37113,715,cruiser,2,97124.5
7,43044,395,cruiser,2,79069.65
14,21834,994,cruiser,3,83523.61
7,70564,218,scooter,1,46346.36
5,24125,204,commuter,2,66263.53
7,54589,684,commuter,2,79638.94
4,43324,848,sport,3,130302.17
11,6584,795,commuter,3,78846.21
0,58038,693,cruiser,2,125523.31
5,57398,559,scooter,2,73091.4
5,47987,905,cruiser,1,127371.19
4,17854,190,cruiser,3,88338.84
1,52082,321,commuter,2,89475.81
5,4620,230,commuter,2,78099.38
14,27044,783,cruiser,2,75663.41
8,62987,855,commuter,2,84376.82
13,70946,364,commuter,2,28308.54
3,3390,879,cruiser,1,142589.98
6,66443,452,sport,2,88728.54
1,16468,148,scooter,1,81719.65
11,40791,652,sport,3,77075.8
11,69874,977,cruiser,1,92943.51
3,30564,253,cruiser,3,91315.94
10,27916,690,cruiser,3,85423.68
12,8272,669,sport,1,92943.29
13,7762,889,commuter,3,75145.23
14,27613,932,commuter,1,73248.37
11,67597,672,sport,1,82207.26
14,6453,425,sport,2,72027.88
4,15203,628,scooter,2,92661.57
13,28209,998,sport,2,106922.05
2,50494,833,cruiser,2,125958.96
14,68300,414,sport,3,50548.29
11,77664,157,scooter,1,24215.43
12,61249,601,sport,1,77752.56
8,58891,670,cruiser,1,92552.01
11,37881,392,sport,3,71859.45
10,66396,640,commuter,1,60707.71
2,27745,429,cruiser,1,110255.15
1,76211,242,sport,2,99215.51
3,43844,789,cruiser,3,115724.63
13,33677,547,scooter,2,43677.09
14,49021,205,commuter,1,31839.76
6,42304,940,cruiser,3,117242.51
8,77005,797,sport,1,100280.36
2,46709,153,sport,2,95980.94
14,35724,601,sport,2,71805.56
8,26330,696,commuter,2,84663.51
1,47071,746,cruiser,3,127291.04
11,28052,243,commuter,3,43332.73
14,26239,838,cruiser,1,77714.21
9,8480,215,sport,1,80169.83
7,9692,168,cruiser,1,77226.35
9,62900,938,commuter,3,81994.93
11,68871,381,sport,2,63281.0
11,74240,201,cruiser,3,37496.24
2,9063,137,cruiser,1,100971.42
5,47116,190,sport,3,85395.5
10,28697,820,commuter,2,81787.35
9,3521,618,sport,2,108551.48
11,62261,919,cruiser,1,88180.55
3,21723,866,commuter,3,116778.62
6,54266,907,commuter,2,93614.38
7,5147,737,cruiser,1,115045.12
0,21252,973,cruiser,1,157317.12
6,13680,215,cruiser,1,80984.87
5,42900,207,cruiser,1,84794.64
9,49286,540,sport,3,86086.42
3,5666,456,sport,3,122583.31
6,51003,115,scooter,2,45532.27
6,35396,780,cruiser,2,111007.8
8,15801,856,scooter,3,90774.25
2,60853,704,commuter,1,108670.74
11,71719,665,sport,1,74337.07
7,62764,955,sport,3,114209.13
11,65527,391,sport,1,66508.57
4,79508,636,sport,2,108436.52
2,44837,664,scooter,1,97436.28
2,50013,845,sport,1,142303.71
9,3845,627,scooter,1,77741.85
4,53436,271,cruiser,1,81920.83
10,49637,663,scooter,1,59957.94
14,73011,759,commuter,2,48446.16
3,66999,761,cruiser,1,116126.95
11,21855,610,sport,2,89479.24
4,25233,414,scooter,1,84550.92
0,25076,283,cruiser,1,114351.11
5,31781,882,scooter,3,103397.69
0,34498,613,scooter,2,106713.19
4,19806,556,scooter,3,80211.79
0,19996,303,sport,1,124559.13
12,21261,777,cruiser,1,84646.28
14,4969,852,sport,1,101052.34
2,20646,605,cruiser,1,127564.2
3,62209,646,commuter,1,92139.68
14,77959,441,scooter,1,26838.51
9,60183,189,commuter,2,39344.33
1,39912,839,commuter,1,118170.55
13,71655,620,cruiser,2,63312.29
8,53745,276,commuter,2,48307.64
11,45490,744,scooter,2,64149.1
6,16465,798,scooter,3,93121.89
0,63063,804,sport,3,142602.56
5,63518,665,commuter,3,84533.41
5,54529,266,sport,1,94803.59
5,77937,162,cruiser,2,63454.33
2,25570,932,commuter,2,131110.34
5,21602,599,cruiser,2,106478.78
0,75592,106,sport,3,90707.8
0,66417,569,scooter,2,99590.96
2,37849,912,scooter,1,109668.19
2,67741,179,scooter,1,60554.18
7,69977,710,commuter,1,77157.38
4,15753,788,scooter,2,105524.37
13,6779,299,scooter,2,42051.97
9,47279,157,commuter,3,37547.39
12,47744,585,commuter,3,44854.84
9,21546,884,sport,3,113485.01
10,56812,723,commuter,2,66804.4
1,64760,385,sport,2,110740.28
4,79195,938,commuter,3,96993.06
7,5745,556,scooter,3,81365.78
11,16288,350,cruiser,2,70419.24
7,58406,220,sport,2,71357.15
14,70988,162,sport,2,32526.6
11,36570,971,sport,1,113312.19
12,1079,862,commuter,1,83523.59
3,30276,640,sport,1,128225.75
8,35168,728,sport,3,103321.65
8,57570,947,commuter,1,87743.08
3,60449,375,commuter,2,74205.69
3,67442,297,sport,1,100492.6
14,37293,500,scooter,2,33796.24
13,60432,735,sport,2,82995.7
6,54782,583,scooter,3,69262.9
11,18360,277,commuter,2,41971.39
7,52299,504,commuter,1,75191.16
5,46352,171,cruiser,1,75589.11
5,12276,503,sport,1,115507.67
8,67282,986,scooter,3,81038.15
13,10008,150,scooter,1,28735.85
9,71915,867,cruiser,3,84935.97
8,67203,538,sport,3,89846.65
0,63498,762,commuter,2,113125.18
4,76156,444,cruiser,3,85578.38
1,11828,944,scooter,1,130463.57
11,53617,506,sport,1,79620.05
1,32959,350,scooter,1,93224.69
10,47334,587,sport,3,86565.1
6,74113,216,commuter,3,47747.38
14,49604,154,commuter,3,16344.04
14,10661,513,commuter,2,50635.51
7,35797,965,commuter,1,104998.16
14,13504,456,cruiser,2,62283.99
9,56190,629,commuter,1,68470.51
8,71831,127,cruiser,3,49378.71
1,13533,918,sport,2,159220.72
9,43576,293,scooter,1,53757.65
3,3077,636,cruiser,2,130849.82
7,21500,761,scooter,2,86822.13
10,73884,390,commuter,3,37494.51
14,63673,898,commuter,3,59770.52
3,1879,669,sport,3,138319.32
5,60364,676,commuter,3,79202.24
0,27668,917,cruiser,3,149814.52
8,49186,951,commuter,1,94270.44
13,51145,760,cruiser,1,74699.41
14,56057,340,sport,1,55310.14
7,41049,217,commuter,1,59952.93
7,43871,398,commuter,2,65548.89
14,61496,103,cruiser,2,21642.01
11,30337,221,cruiser,2,61800.8
3,49143,973,commuter,2,119678.23
6,66346,599,sport,1,105589.32
2,70736,219,cruiser,3,76724.83
6,48304,198,scooter,3,48803.4
1,12380,867,commuter,1,132077.16
3,72520,794,commuter,3,95296.6
14,75564,288,commuter,3,10341.11
5,60787,121,cruiser,3,61604.46
10,65748,328,sport,2,67036.02
9,70646,869,sport,3,96687.76
3,48112,626,commuter,1,95391.6
11,77197,735,scooter,1,56558.28
7,63875,534,scooter,1,65751.12
6,17716,561,cruiser,2,107832.2
1,11479,553,commuter,1,114255.62
7,52212,368,cruiser,3,66312.43
6,77622,162,commuter,2,43951.39
3,52712,767,commuter,3,97138.58
14,64705,632,commuter,2,39960.87
13,9434,378,cruiser,1,63234.79
13,18210,392,commuter,2,43789.82
12,29985,176,commuter,2,32265.89
12,76694,380,sport,2,55813.36
5,17555,587,commuter,3,92739.24
13,41319,657,cruiser,1,70164.7
12,8466,258,cruiser,1,67200.47
10,47370,704,cruiser,3,79981.96
6,68978,446,commuter,1,68133.26
10,53082,106,cruiser,2,48429.02
4,11615,159,commuter,2,71094.94
11,60859,214,commuter,3,27331.7
7,67525,593,sport,3,90030.11
1,59534,600,sport,2,124666.88
8,78756,583,cruiser,3,69207.85
8,21708,683,cruiser,2,98641.76
12,7750,626,sport,1,95229.28
10,73846,618,commuter,2,53953.71
2,71693,923,commuter,1,116692.95
5,56975,646,commuter,1,84127.65
8,18748,409,scooter,2,61886.87
0,20056,346,sport,2,122788.81
3,71355,371,cruiser,3,85966.21
13,7148,861,commuter,2,76031.95
4,47158,641,commuter,3,90015.84
6,37479,816,cruiser,1,109801.44
2,9066,274,sport,1,114756.73
8,9928,378,commuter,2,69093.11
8,62318,105,sport,1,63152.39
9,62316,593,commuter,1,64215.07
11,57678,928,cruiser,3,90976.52
0,49882,298,cruiser,1,106368.7
12,4336,245,scooter,2,38989.98
4,58585,485,cruiser,2,91628.69
13,13137,631,sport,2,86840.49
12,65130,751,scooter,3,57295.27
7,5379,745,cruiser,3,110436.5
4,31860,320,scooter,2,68140.64
3,37644,229,cruiser,3,84537.02
10,46718,177,scooter,1,31532.74
0,64382,635,sport,1,125995.17
7,29802,752,sport,3,117017.08
2,71706,309,commuter,2,71089.8
8,35981,233,sport,1,85945.95
10,22054,332,commuter,2,54302.9
7,38889,659,sport,3,105874.36
14,47452,832,commuter,1,61757.77
11,58228,844,sport,2,98045.49
4,68012,742,commuter,3,92968.91
5,14052,401,sport,1,105977.25
12,49146,338,sport,3,64892.69
0,42903,883,sport,3,149596.18
11,65385,153,cruiser,3,40842.13
5,26038,415,commuter,1,86380.37
14,65138,848,commuter,1,56192.6
6,74056,201,sport,3,69566.82
14,56483,326,commuter,2,23696.85
10,58232,147,commuter,3,29389.89
12,9180,664,cruiser,3,78063.71
13,4412,453,scooter,3,47537.4
2,3417,975,commuter,3,134729.36
7,62158,124,scooter,2,40897.28
4,15037,679,commuter,1,107027.68
0,34889,476,sport,2,130912.4
0,40494,688,commuter,1,118325.36
10,67684,393,cruiser,1,61634.17
10,44977,137,cruiser,3,45747.39
3,54374,782,scooter,1,98084.66
4,30449,408,cruiser,1,99956.22
13,10703,909,scooter,2,77108.37
5,42728,804,commuter,1,106490.11
14,54106,130,sport,1,43232.32
1,15894,232,cruiser,2,106437.77
0,29356,792,cruiser,1,142131.88
4,9548,128,cruiser,1,86296.72
13,47554,730,cruiser,2,70174.59
4,13977,214,commuter,1,82379.67
2,38212,153,scooter,3,67143.04
7,59431,382,commuter,2,59603.67
10,12727,831,sport,3,113432.97
14,20370,844,cruiser,1,83912.34
12,12295,685,scooter,3,63988.21
8,38114,756,commuter,1,89602.68
7,21872,423,sport,3,93510.94
5,3564,637,sport,2,126445.42
11,52347,403,commuter,1,47092.59
11,40015,167,commuter,1,34754.12
9,31060,803,sport,2,110572.37
12,8466,618,cruiser,3,75555.58
11,45371,683,scooter,3,53351.35
8,17530,789,cruiser,2,106040.86
2,48094,530,sport,2,120924.34
4,5446,577,scooter,1,101866.4
13,45084,224,sport,3,45706.73
8,40880,889,sport,1,117581.67
2,38189,606,commuter,1,104977.33
1,53851,862,sport,1,144834.18
0,61842,277,scooter,2,80787.61
12,12976,922,scooter,3,77050.21
2,55295,658,sport,3,121577.48
14,17491,639,scooter,2,62460.03
4,75233,192,scooter,2,47701.26
13,29991,932,commuter,1,78825.32
4,49378,229,commuter,3,70616.49
6,69344,466,scooter,2,61970.96
9,25321,762,cruiser,1,100002.48
1,12026,859,cruiser,3,143747.27
6,70983,644,commuter,2,76559.22
14,8811,436,scooter,2,37887.28
10,16894,270,scooter,2,38685.47
11,6082,220,cruiser,3,54232.93
13,3715,544,commuter,2,55601.41
12,58438,532,commuter,1,47824.1
11,72094,642,commuter,2,59585.75
5,69924,299,cruiser,2,76639.99
5,42650,497,commuter,1,84125.91
5,47768,478,sport,1,105053.49
1,74788,966,commuter,3,118387.89
8,1723,514,cruiser,1,95901.95
6,43388,512,commuter,1,76734.24
6,40980,767,commuter,3,95680.44
14,67880,716,commuter,2,47131.03
9,3331,678,sport,2,114534.93
14,7216,113,commuter,1,27790.54
11,25418,590,scooter,1,60655.53
5,54205,131,scooter,1,55545.86
12,19045,824,scooter,1,77762.72
0,6951,802,sport,1,155729.41
7,69996,717,commuter,3,78060.45
13,10997,354,sport,1,68376.47
1,53197,150,sport,1,104527.66
1,15131,373,commuter,1,105826.42
12,38706,604,cruiser,2,73009.39
6,32384,508,sport,2,108493.09
9,26916,994,commuter,1,93826.49
5,8910,567,commuter,2,93072.43
12,76170,261,cruiser,2,44160.54
1,35072,464,commuter,3,103594.01
5,55635,701,commuter,2,83436.28
3,69081,569,scooter,3,75174.96
3,67287,511,cruiser,2,96540.55
5,76955,480,commuter,3,74453.15
3,31427,114,commuter,3,71596.14
1,873,217,cruiser,1,108178.57
6,57650,827,cruiser,1,106613.13
9,20510,653,commuter,2,73982.91
4,19822,286,commuter,2,79570.83
4,4892,652,scooter,1,102788.37
10,32680,266,sport,2,68047.8
4,16638,678,cruiser,1,123251.56
11,30035,258,cruiser,2,57166.63
9,72713,542,sport,1,80279.0
2,73604,911,scooter,1,109452.71
2,7659,401,scooter,3,89358.52
11,69089,663,scooter,3,51182.63
11,73028,527,sport,1,78988.45
8,13282,459,commuter,1,72565.45
0,10926,536,commuter,3,111717.17
5,57651,587,commuter,1,80814.31
13,44473,312,commuter,3,31883.83
13,56928,603,sport,2,71163.22
1,24145,502,sport,1,132499.91
5,58457,976,commuter,2,104783.52
5,45100,717,commuter,3,90286.41
13,58947,794,commuter,3,57039.06
12,41894,687,scooter,1,62276.1
4,56892,220,sport,1,85266.88
10,67449,882,cruiser,3,80553.05
11,26663,585,cruiser,3,68452.53
10,68896,658,commuter,3,50883.69
10,20581,925,sport,3,116983.01
2,79786,947,scooter,3,104435.01
10,31417,161,sport,1,66665.12
10,15727,319,commuter,3,49251.46
6,51386,466,cruiser,2,81522.59
10,72625,803,sport,1,94361.45
10,31177,139,scooter,1,37579.44
3,12405,914,sport,2,147786.6
2,9142,407,cruiser,1,114424.3
14,59633,149,scooter,1,13237.86
4,68284,418,commuter,3,75214.43
2,18644,317,cruiser,3,102751.42
3,10444,612,sport,2,137067.33
10,55825,307,commuter,2,39184.33
5,56731,825,sport,3,119143.22
3,25346,208,sport,2,104094.1
11,54972,868,commuter,1,72069.5
4,50285,986,commuter,2,108959.97
13,44994,826,commuter,1,66075.39
2,75797,325,scooter,2,69764.43
10,74924,155,commuter,3,26108.16
3,21511,963,cruiser,1,138499.8
0,22248,365,sport,1,126747.35
2,1898,891,sport,3,152699.35
11,29278,197,scooter,3,29829.4
13,20671,208,commuter,2,32960.72
13,31232,379,commuter,3,42472.44
4,26661,936,sport,1,144921.0
9,22610,364,sport,1,86356.07
8,11907,432,cruiser,2,85220.54
9,42451,988,commuter,3,90711.02
6,27069,113,sport,1,87304.74
10,75219,416,cruiser,1,61991.4
5,29774,341,sport,3,98695.01
5,68145,677,cruiser,1,104574.99
12,29480,269,commuter,1,39129.29
14,35004,853,scooter,1,58829.55
11,33270,973,cruiser,3,92675.83
12,17718,996,scooter,3,76924.51
11,16686,722,commuter,2,76395.31
11,41281,666,cruiser,3,75449.88
9,20938,668,commuter,1,82709.33
6,57140,894,scooter,2,90861.85
11,35965,522,scooter,1,49806.15
9,65562,690,commuter,3,65234.83
4,34316,453,sport,3,102580.92
7,1536,985,sport,2,140760.99
9,8555,645,sport,3,106467.49
14,13668,582,scooter,1,48351.43
12,70593,372,scooter,1,32890.8
6,73835,202,sport,3,70764.1
5,60075,394,commuter,1,74279.54
0,46885,271,commuter,2,87902.79
0,26112,730,commuter,2,124251.97
14,46743,725,cruiser,3,67719.68
7,638,316,scooter,1,69439.22
13,11152,535,commuter,3,52582.21
12,42723,483,commuter,2,53889.69
11,72935,719,commuter,1,59436.94
11,50326,422,cruiser,2,59219.57
12,58361,350,scooter,1,34467.93
2,36428,869,sport,1,147005.43
0,67336,527,sport,3,118323.57
4,61123,730,scooter,1,91942.34
2,77189,388,cruiser,3,88964.07
8,23117,501,scooter,3,64916.42
13,54644,615,sport,3,72971.15
13,74685,479,commuter,3,32491.95
2,12691,592,cruiser,2,127247.23
9,49384,892,sport,2,106609.63
9,63327,109,commuter,3,27672.38
12,21149,265,cruiser,1,57453.49
6,15625,392,cruiser,2,93817.29
1,49038,776,commuter,1,111071.02
12,50611,815,commuter,1,66318.18
2,16321,959,sport,1,159393.89
5,25101,233,commuter,1,69471.7
2,7449,183,cruiser,2,102084.7
11,23973,545,scooter,2,57332.14
9,6104,719,scooter,1,84329.63
0,56224,604,commuter,3,105566.83
1,46211,119,cruiser,1,87986.14
6,68586,801,cruiser,3,100399.83
14,19363,144,sport,3,50969.42
10,45480,765,commuter,1,71724.48
2,48204,805,sport,2,134610.5
12,19955,777,scooter,1,66128.36
14,75708,259,cruiser,1,37136.78
5,14804,251,sport,1,103259.31
13,63024,828,cruiser,2,75437.48
12,13524,382,commuter,3,47793.51
8,70065,774,commuter,3,72718.25
8,19089,263,cruiser,2,80475.16
13,10998,783,scooter,2,63225.02
0,58611,903,commuter,1,117901.64
9,39740,346,cruiser,3,67563.1
11,26042,798,sport,1,107809.64
12,2181,397,cruiser,2,75471.79
11,38474,234,scooter,3,32764.59
13,31074,265,commuter,3,33378.03
10,48891,659,scooter,2,64776.34
2,50556,390,commuter,3,80245.91
8,25258,632,commuter,1,82493.53
4,57534,639,commuter,2,86245.88
9,49648,460,sport,1,86527.03
6,21162,710,scooter,2,90005.72
3,759,399,cruiser,2,112018.32
5,55885,743,sport,1,122611.53
5,5559,302,scooter,1,75723.91
2,67216,803,sport,2,133005.07
14,68802,664,cruiser,3,57722.57
2,51671,610,scooter,3,93143.31
8,11465,271,commuter,2,58238.79
2,66622,847,commuter,3,112084.28
11,66890,173,cruiser,1,47143.2
8,76459,706,scooter,2,66159.37
1,76507,288,sport,3,94164.02
9,30252,556,commuter,3,68374.37
3,63558,951,commuter,1,111435.52
10,58321,960,cruiser,1,100715.22
5,2451,995,cruiser,3,136829.8
11,43709,581,scooter,3,48178.65
9,30354,893,cruiser,3,108665.62
0,20621,530,sport,1,135544.75
3,10539,135,sport,3,98050.28
3,57447,570,commuter,1,91754.95
9,62691,325,commuter,3,49006.51
12,45918,432,cruiser,2,59800.63
9,72097,690,sport,3,87420.79
12,13040,204,commuter,2,37730.59
1,25754,638,commuter,1,110933.44
1,33999,761,scooter,2,109698.69
9,70838,190,sport,2,57300.61
0,30321,165,commuter,2,82313.46
3,50813,703,commuter,2,97505.69
5,53058,769,cruiser,3,109164.03
1,25975,626,sport,3,136126.7
8,7153,203,scooter,2,54931.86
6,66673,296,commuter,1,57225.67
8,67049,161,commuter,3,32470.64
12,39005,540,scooter,1,55425.59
9,6281,460,sport,2,97242.67
4,55163,912,commuter,2,109727.52
13,4336,926,commuter,3,84298.14
5,68168,925,sport,1,131560.78
8,2292,119,cruiser,3,61027.09
12,24330,743,commuter,2,72340.52
3,50612,278,cruiser,3,91514.41
2,28102,344,commuter,2,88049.93
5,67285,653,sport,1,106099.84
9,13546,454,cruiser,1,82676.43
3,71200,313,cruiser,3,81062.26
2,65197,950,sport,3,140044.55
6,38202,492,scooter,1,76947.04
14,42759,262,cruiser,3,37381.4
2,68970,679,cruiser,2,114958.0
4,49194,577,sport,3,110278.67
10,26106,406,scooter,1,56723.25
6,49904,954,sport,2,128768.06
0,23838,808,cruiser,1,147717.87
8,24511,725,sport,2,107499.31
3,35948,506,commuter,1,94037.29
6,8527,553,cruiser,3,101778.36
10,65698,581,commuter,1,57664.39
0,15401,976,cruiser,3,149335.95
1,47450,384,commuter,2,92613.53
11,78997,835,commuter,3,62902.98
10,77658,475,sport,2,69522.57
8,36836,609,sport,1,98648.49
3,13125,184,sport,1,103016.65
7,1662,359,commuter,1,80773.93
6,16143,525,cruiser,3,100246.69
13,39479,166,cruiser,2,41366.67
1,10734,994,sport,3,158680.62
2,66305,381,sport,2,107193.5
14,79760,894,scooter,1,56344.44
4,39850,853,cruiser,3,116856.07
7,48736,642,cruiser,1,89846.58
10,8282,967,commuter,3,92850.83
9,61167,109,scooter,1,31531.24
7,55809,783,cruiser,3,96935.88
10,56503,984,commuter,1,84914.41
7,7479,738,commuter,2,98914.83
1,74362,106,scooter,3,57556.02
2,55131,137,cruiser,2,84152.07
0,60354,715,cruiser,1,129811.82
7,38514,759,scooter,2,83797.53
9,10130,672,cruiser,1,97554.57
9,32126,734,sport,3,101927.29
9,61444,709,sport,1,95002.62
7,63746,733,cruiser,1,97521.62
5,63156,595,cruiser,3,94683.07
13,55846,495,sport,1,63898.09
12,33848,316,sport,1,68851.35
2,48588,411,sport,1,118395.06
12,29564,179,cruiser,3,47508.84
0,62383,336,commuter,3,82255.58
3,17383,437,commuter,2,87803.7
12,52262,858,sport,1,98148.85
5,48862,444,sport,3,105119.83
0,37824,137,commuter,3,81186.39
1,72443,468,sport,3,105173.21
9,39625,823,commuter,2,77631.29
5,34858,570,scooter,1,80366.67
5,35842,761,scooter,1,91273.34
8,26375,913,sport,3,124755.42
0,42348,319,commuter,1,97277.48
8,37543,628,commuter,2,72480.48
8,35933,136,commuter,2,41325.87
8,53236,556,commuter,2,66071.86
13,37918,367,sport,2,60101.31
11,41066,935,commuter,2,85781.83
13,16054,125,scooter,1,24264.78
1,13711,876,scooter,3,120285.42
3,51023,754,sport,2,130774.0
5,31268,147,scooter,2,52682.62
14,29581,802,sport,1,87124.72
10,33756,322,sport,1,77823.07
11,41031,764,cruiser,3,80340.56
14,65013,550,cruiser,3,52537.01
11,66014,150,sport,1,54083.61
3,75830,275,commuter,1,68412.34
0,39098,514,cruiser,1,120447.03
4,60254,356,cruiser,3,86846.86
8,49887,981,cruiser,3,110636.96
8,50312,941,commuter,2,89933.69
0,27052,178,commuter,1,90487.73
4,28907,294,cruiser,2,94902.21
1,53595,522,sport,2,122017.21
2,2340,763,scooter,3,118957.22
0,21518,459,sport,2,134742.01
3,15899,428,cruiser,1,107156.79
11,78636,706,cruiser,1,69680.24
6,52216,333,cruiser,1,81936.0
5,63428,114,commuter,2,53895.29
8,73205,545,sport,3,82563.94
13,55506,981,scooter,3,61043.37
7,49870,605,commuter,1,77212.97
1,67700,216,commuter,3,75365.49
13,28907,731,sport,2,86795.75
8,48402,819,sport,3,106575.98
9,7598,240,sport,1,80601.7
2,56573,780,scooter,1,101445.67
4,69625,796,commuter,3,95606.05
